"","y","loss","gain","stable","absent","total_cells","total_present","percent_loss","percent_gain","percent_stable","percent_absent","ssp","morphotype"
"1",41.0249993042603,0,0,0,1358,1358,0,0,0,0,100,"ssp2","caliculate"
"2",41.0749993034123,0,0,0,1375,1375,0,0,0,0,100,"ssp2","caliculate"
"3",41.1249993025644,0,0,0,1400,1400,0,0,0,0,100,"ssp2","caliculate"
"4",41.1749993017164,0,0,0,1431,1431,0,0,0,0,100,"ssp2","caliculate"
"5",41.2249993008685,0,0,0,1441,1441,0,0,0,0,100,"ssp2","caliculate"
"6",41.2749993000205,0,0,0,1447,1447,0,0,0,0,100,"ssp2","caliculate"
"7",41.3249992991726,0,0,0,1451,1451,0,0,0,0,100,"ssp2","caliculate"
"8",41.3749992983247,0,0,0,1467,1467,0,0,0,0,100,"ssp2","caliculate"
"9",41.4249992974767,0,0,0,1470,1470,0,0,0,0,100,"ssp2","caliculate"
"10",41.4749992966288,0,0,0,1472,1472,0,0,0,0,100,"ssp2","caliculate"
"11",41.5249992957808,0,0,0,1472,1472,0,0,0,0,100,"ssp2","caliculate"
"12",41.5749992949329,0,0,0,1470,1470,0,0,0,0,100,"ssp2","caliculate"
"13",41.6249992940849,0,0,0,1472,1472,0,0,0,0,100,"ssp2","caliculate"
"14",41.674999293237,0,0,0,1480,1480,0,0,0,0,100,"ssp2","caliculate"
"15",41.724999292389,0,0,0,1483,1483,0,0,0,0,100,"ssp2","caliculate"
"16",41.7749992915411,0,0,0,1481,1481,0,0,0,0,100,"ssp2","caliculate"
"17",41.8249992906931,0,0,0,1483,1483,0,0,0,0,100,"ssp2","caliculate"
"18",41.8749992898452,0,0,0,1484,1484,0,0,0,0,100,"ssp2","caliculate"
"19",41.9249992889972,0,0,0,1494,1494,0,0,0,0,100,"ssp2","caliculate"
"20",41.9749992881493,0,0,0,1519,1519,0,0,0,0,100,"ssp2","caliculate"
"21",42.0249992873013,0,0,0,1536,1536,0,0,0,0,100,"ssp2","caliculate"
"22",42.0749992864534,0,0,0,1538,1538,0,0,0,0,100,"ssp2","caliculate"
"23",42.1249992856055,0,0,0,1538,1538,0,0,0,0,100,"ssp2","caliculate"
"24",42.1749992847575,0,0,0,1538,1538,0,0,0,0,100,"ssp2","caliculate"
"25",42.2249992839096,0,0,0,1541,1541,0,0,0,0,100,"ssp2","caliculate"
"26",42.2749992830616,0,0,0,1540,1540,0,0,0,0,100,"ssp2","caliculate"
"27",42.3249992822137,0,0,0,1530,1530,0,0,0,0,100,"ssp2","caliculate"
"28",42.3749992813657,0,0,0,1534,1534,0,0,0,0,100,"ssp2","caliculate"
"29",42.4249992805178,0,0,0,1528,1528,0,0,0,0,100,"ssp2","caliculate"
"30",42.4749992796698,0,0,0,1532,1532,0,0,0,0,100,"ssp2","caliculate"
"31",42.5249992788219,0,0,0,1531,1531,0,0,0,0,100,"ssp2","caliculate"
"32",42.5749992779739,0,0,0,1525,1525,0,0,0,0,100,"ssp2","caliculate"
"33",42.624999277126,0,0,0,1528,1528,0,0,0,0,100,"ssp2","caliculate"
"34",42.6749992762781,0,0,0,1527,1527,0,0,0,0,100,"ssp2","caliculate"
"35",42.7249992754301,0,0,0,1518,1518,0,0,0,0,100,"ssp2","caliculate"
"36",42.7749992745822,0,0,0,1508,1508,0,0,0,0,100,"ssp2","caliculate"
"37",42.8249992737342,0,0,0,1503,1503,0,0,0,0,100,"ssp2","caliculate"
"38",42.8749992728863,0,0,0,1504,1504,0,0,0,0,100,"ssp2","caliculate"
"39",42.9249992720383,0,0,0,1493,1493,0,0,0,0,100,"ssp2","caliculate"
"40",42.9749992711904,0,0,0,1490,1490,0,0,0,0,100,"ssp2","caliculate"
"41",43.0249992703424,0,0,0,1492,1492,0,0,0,0,100,"ssp2","caliculate"
"42",43.0749992694945,0,0,0,1488,1488,0,0,0,0,100,"ssp2","caliculate"
"43",43.1249992686465,0,0,0,1465,1465,0,0,0,0,100,"ssp2","caliculate"
"44",43.1749992677986,0,0,0,1453,1453,0,0,0,0,100,"ssp2","caliculate"
"45",43.2249992669506,0,0,0,1450,1450,0,0,0,0,100,"ssp2","caliculate"
"46",43.2749992661027,0,0,0,1439,1439,0,0,0,0,100,"ssp2","caliculate"
"47",43.3249992652548,0,0,0,1450,1450,0,0,0,0,100,"ssp2","caliculate"
"48",43.3749992644068,0,0,0,1444,1444,0,0,0,0,100,"ssp2","caliculate"
"49",43.4249992635589,0,0,0,1460,1460,0,0,0,0,100,"ssp2","caliculate"
"50",43.4749992627109,0,0,0,1456,1456,0,0,0,0,100,"ssp2","caliculate"
"51",43.524999261863,0,0,0,1457,1457,0,0,0,0,100,"ssp2","caliculate"
"52",43.574999261015,0,0,0,1476,1476,0,0,0,0,100,"ssp2","caliculate"
"53",43.6249992601671,0,0,0,1488,1488,0,0,0,0,100,"ssp2","caliculate"
"54",43.6749992593191,0,0,0,1491,1491,0,0,0,0,100,"ssp2","caliculate"
"55",43.7249992584712,0,0,0,1495,1495,0,0,0,0,100,"ssp2","caliculate"
"56",43.7749992576232,0,0,0,1492,1492,0,0,0,0,100,"ssp2","caliculate"
"57",43.8249992567753,0,0,0,1488,1488,0,0,0,0,100,"ssp2","caliculate"
"58",43.8749992559273,0,0,0,1482,1482,0,0,0,0,100,"ssp2","caliculate"
"59",43.9249992550794,0,0,0,1476,1476,0,0,0,0,100,"ssp2","caliculate"
"60",43.9749992542315,0,0,0,1477,1477,0,0,0,0,100,"ssp2","caliculate"
"61",44.0249992533835,0,0,0,1472,1472,0,0,0,0,100,"ssp2","caliculate"
"62",44.0749992525356,0,0,0,1465,1465,0,0,0,0,100,"ssp2","caliculate"
"63",44.1249992516876,0,0,0,1465,1465,0,0,0,0,100,"ssp2","caliculate"
"64",44.1749992508397,0,0,0,1458,1458,0,0,0,0,100,"ssp2","caliculate"
"65",44.2249992499917,0,0,0,1454,1454,0,0,0,0,100,"ssp2","caliculate"
"66",44.2749992491438,0,0,0,1453,1453,0,0,0,0,100,"ssp2","caliculate"
"67",44.3249992482958,0,0,0,1442,1442,0,0,0,0,100,"ssp2","caliculate"
"68",44.3749992474479,0,0,0,1433,1433,0,0,0,0,100,"ssp2","caliculate"
"69",44.4249992465999,0,0,0,1409,1409,0,0,0,0,100,"ssp2","caliculate"
"70",44.474999245752,0,0,0,1407,1407,0,0,0,0,100,"ssp2","caliculate"
"71",44.5249992449041,0,0,0,1396,1396,0,0,0,0,100,"ssp2","caliculate"
"72",44.5749992440561,0,0,0,1389,1389,0,0,0,0,100,"ssp2","caliculate"
"73",44.6249992432082,0,0,0,1390,1390,0,0,0,0,100,"ssp2","caliculate"
"74",44.6749992423602,0,0,0,1384,1384,0,0,0,0,100,"ssp2","caliculate"
"75",44.7249992415123,0,0,0,1377,1377,0,0,0,0,100,"ssp2","caliculate"
"76",44.7749992406643,0,0,0,1367,1367,0,0,0,0,100,"ssp2","caliculate"
"77",44.8249992398164,0,0,0,1347,1347,0,0,0,0,100,"ssp2","caliculate"
"78",44.8749992389684,0,0,0,1341,1341,0,0,0,0,100,"ssp2","caliculate"
"79",44.9249992381205,0,0,0,1336,1336,0,0,0,0,100,"ssp2","caliculate"
"80",44.9749992372725,0,0,0,1328,1328,0,0,0,0,100,"ssp2","caliculate"
"81",45.0249992364246,0,0,0,1322,1322,0,0,0,0,100,"ssp2","caliculate"
"82",45.0749992355766,0,0,0,1307,1307,0,0,0,0,100,"ssp2","caliculate"
"83",45.1249992347287,0,0,0,1292,1292,0,0,0,0,100,"ssp2","caliculate"
"84",45.1749992338807,0,0,0,1287,1287,0,0,0,0,100,"ssp2","caliculate"
"85",45.2249992330328,0,0,0,1284,1284,0,0,0,0,100,"ssp2","caliculate"
"86",45.2749992321849,0,0,0,1288,1288,0,0,0,0,100,"ssp2","caliculate"
"87",45.3249992313369,0,0,0,1285,1285,0,0,0,0,100,"ssp2","caliculate"
"88",45.374999230489,0,0,0,1284,1284,0,0,0,0,100,"ssp2","caliculate"
"89",45.424999229641,0,0,0,1289,1289,0,0,0,0,100,"ssp2","caliculate"
"90",45.4749992287931,0,0,0,1303,1303,0,0,0,0,100,"ssp2","caliculate"
"91",45.5249992279451,0,0,0,1306,1306,0,0,0,0,100,"ssp2","caliculate"
"92",45.5749992270972,0,0,0,1310,1310,0,0,0,0,100,"ssp2","caliculate"
"93",45.6249992262492,0,0,0,1307,1307,0,0,0,0,100,"ssp2","caliculate"
"94",45.6749992254013,0,0,0,1303,1303,0,0,0,0,100,"ssp2","caliculate"
"95",45.7249992245533,0,0,0,1299,1299,0,0,0,0,100,"ssp2","caliculate"
"96",45.7749992237054,0,0,0,1303,1303,0,0,0,0,100,"ssp2","caliculate"
"97",45.8249992228574,0,0,0,1303,1303,0,0,0,0,100,"ssp2","caliculate"
"98",45.8749992220095,0,0,0,1310,1310,0,0,0,0,100,"ssp2","caliculate"
"99",45.9249992211616,0,0,0,1309,1309,0,0,0,0,100,"ssp2","caliculate"
"100",45.9749992203136,0,0,0,1306,1306,0,0,0,0,100,"ssp2","caliculate"
"101",46.0249992194657,0,0,0,1303,1303,0,0,0,0,100,"ssp2","caliculate"
"102",46.0749992186177,0,0,0,1307,1307,0,0,0,0,100,"ssp2","caliculate"
"103",46.1249992177698,0,0,0,1290,1290,0,0,0,0,100,"ssp2","caliculate"
"104",46.1749992169218,0,0,0,1278,1278,0,0,0,0,100,"ssp2","caliculate"
"105",46.2249992160739,0,0,0,1274,1274,0,0,0,0,100,"ssp2","caliculate"
"106",46.2749992152259,0,0,0,1265,1265,0,0,0,0,100,"ssp2","caliculate"
"107",46.324999214378,0,0,0,1256,1256,0,0,0,0,100,"ssp2","caliculate"
"108",46.37499921353,0,0,0,1250,1250,0,0,0,0,100,"ssp2","caliculate"
"109",46.4249992126821,0,0,0,1242,1242,0,0,0,0,100,"ssp2","caliculate"
"110",46.4749992118342,0,0,0,1232,1232,0,0,0,0,100,"ssp2","caliculate"
"111",46.5249992109862,0,0,0,1233,1233,0,0,0,0,100,"ssp2","caliculate"
"112",46.5749992101383,0,0,0,1232,1232,0,0,0,0,100,"ssp2","caliculate"
"113",46.6249992092903,0,0,0,1211,1211,0,0,0,0,100,"ssp2","caliculate"
"114",46.6749992084424,0,0,0,1196,1196,0,0,0,0,100,"ssp2","caliculate"
"115",46.7249992075944,0,0,0,1191,1191,0,0,0,0,100,"ssp2","caliculate"
"116",46.7749992067465,0,0,0,1182,1182,0,0,0,0,100,"ssp2","caliculate"
"117",46.8249992058985,0,0,0,1168,1168,0,0,0,0,100,"ssp2","caliculate"
"118",46.8749992050506,0,0,0,1168,1168,0,0,0,0,100,"ssp2","caliculate"
"119",46.9249992042026,0,0,0,1156,1156,0,0,0,0,100,"ssp2","caliculate"
"120",46.9749992033547,0,0,0,1153,1153,0,0,0,0,100,"ssp2","caliculate"
"121",47.0249992025067,0,0,0,1154,1154,0,0,0,0,100,"ssp2","caliculate"
"122",47.0749992016588,0,0,0,1155,1155,0,0,0,0,100,"ssp2","caliculate"
"123",47.1249992008109,0,0,0,1145,1145,0,0,0,0,100,"ssp2","caliculate"
"124",47.1749991999629,0,0,0,1135,1135,0,0,0,0,100,"ssp2","caliculate"
"125",47.224999199115,0,0,0,1131,1131,0,0,0,0,100,"ssp2","caliculate"
"126",47.274999198267,0,0,0,1123,1123,0,0,0,0,100,"ssp2","caliculate"
"127",47.3249991974191,0,0,0,1116,1116,0,0,0,0,100,"ssp2","caliculate"
"128",47.3749991965711,0,0,0,1110,1110,0,0,0,0,100,"ssp2","caliculate"
"129",47.4249991957232,0,0,0,1113,1113,0,0,0,0,100,"ssp2","caliculate"
"130",47.4749991948752,0,0,0,1107,1107,0,0,0,0,100,"ssp2","caliculate"
"131",47.5249991940273,0,0,0,1105,1105,0,0,0,0,100,"ssp2","caliculate"
"132",47.5749991931793,0,0,0,1100,1100,0,0,0,0,100,"ssp2","caliculate"
"133",47.6249991923314,0,0,0,1055,1055,0,0,0,0,100,"ssp2","caliculate"
"134",47.6749991914835,0,0,0,1033,1033,0,0,0,0,100,"ssp2","caliculate"
"135",47.7249991906355,0,0,0,1025,1025,0,0,0,0,100,"ssp2","caliculate"
"136",47.7749991897876,0,0,0,1014,1014,0,0,0,0,100,"ssp2","caliculate"
"137",47.8249991889396,0,0,0,1002,1002,0,0,0,0,100,"ssp2","caliculate"
"138",47.8749991880917,0,0,0,998,998,0,0,0,0,100,"ssp2","caliculate"
"139",47.9249991872437,0,0,0,992,992,0,0,0,0,100,"ssp2","caliculate"
"140",47.9749991863958,0,0,0,991,991,0,0,0,0,100,"ssp2","caliculate"
"141",48.0249991855478,0,0,0,991,991,0,0,0,0,100,"ssp2","caliculate"
"142",48.0749991846999,0,0,0,997,997,0,0,0,0,100,"ssp2","caliculate"
"143",48.1249991838519,0,0,0,1003,1003,0,0,0,0,100,"ssp2","caliculate"
"144",48.174999183004,0,0,0,1006,1006,0,0,0,0,100,"ssp2","caliculate"
"145",48.224999182156,0,0,0,1005,1005,0,0,0,0,100,"ssp2","caliculate"
"146",48.2749991813081,0,0,0,1001,1001,0,0,0,0,100,"ssp2","caliculate"
"147",48.3249991804601,0,0,0,1002,1002,0,0,0,0,100,"ssp2","caliculate"
"148",48.3749991796122,0,0,0,998,998,0,0,0,0,100,"ssp2","caliculate"
"149",48.4249991787643,0,0,0,996,996,0,0,0,0,100,"ssp2","caliculate"
"150",48.4749991779163,0,0,0,996,996,0,0,0,0,100,"ssp2","caliculate"
"151",48.5249991770684,0,0,0,993,993,0,0,0,0,100,"ssp2","caliculate"
"152",48.5749991762204,0,0,0,1002,1002,0,0,0,0,100,"ssp2","caliculate"
"153",48.6249991753725,0,0,0,1023,1023,0,0,0,0,100,"ssp2","caliculate"
"154",48.6749991745245,0,0,0,1042,1042,0,0,0,0,100,"ssp2","caliculate"
"155",48.7249991736766,0,0,0,1062,1062,0,0,0,0,100,"ssp2","caliculate"
"156",48.7749991728286,0,0,0,1063,1063,0,0,0,0,100,"ssp2","caliculate"
"157",48.8249991719807,0,0,0,1068,1068,0,0,0,0,100,"ssp2","caliculate"
"158",48.8749991711327,0,0,0,1076,1076,0,0,0,0,100,"ssp2","caliculate"
"159",48.9249991702848,0,0,0,1076,1076,0,0,0,0,100,"ssp2","caliculate"
"160",48.9749991694368,0,0,0,1077,1077,0,0,0,0,100,"ssp2","caliculate"
"161",49.0249991685889,0,0,0,1076,1076,0,0,0,0,100,"ssp2","caliculate"
"162",49.074999167741,0,0,0,1073,1073,0,0,0,0,100,"ssp2","caliculate"
"163",49.124999166893,0,0,0,1079,1079,0,0,0,0,100,"ssp2","caliculate"
"164",49.1749991660451,0,0,0,1076,1076,0,0,0,0,100,"ssp2","caliculate"
"165",49.2249991651971,0,0,0,1070,1070,0,0,0,0,100,"ssp2","caliculate"
"166",49.2749991643492,0,0,0,1074,1074,0,0,0,0,100,"ssp2","caliculate"
"167",49.3249991635012,0,0,0,1091,1091,0,0,0,0,100,"ssp2","caliculate"
"168",49.3749991626533,0,0,0,1111,1111,0,0,0,0,100,"ssp2","caliculate"
"169",49.4249991618053,0,0,0,1119,1119,0,0,0,0,100,"ssp2","caliculate"
"170",49.4749991609574,0,0,0,1135,1135,0,0,0,0,100,"ssp2","caliculate"
"171",49.5249991601094,0,0,0,1139,1139,0,0,0,0,100,"ssp2","caliculate"
"172",49.5749991592615,0,0,0,1140,1140,0,0,0,0,100,"ssp2","caliculate"
"173",49.6249991584136,0,0,0,1142,1142,0,0,0,0,100,"ssp2","caliculate"
"174",49.6749991575656,0,0,0,1149,1149,0,0,0,0,100,"ssp2","caliculate"
"175",49.7249991567177,0,0,0,1164,1164,0,0,0,0,100,"ssp2","caliculate"
"176",49.7749991558697,0,0,0,1171,1171,0,0,0,0,100,"ssp2","caliculate"
"177",49.8249991550218,0,0,0,1172,1172,0,0,0,0,100,"ssp2","caliculate"
"178",49.8749991541738,0,0,0,1178,1178,0,0,0,0,100,"ssp2","caliculate"
"179",49.9249991533259,0,0,0,1183,1183,0,0,0,0,100,"ssp2","caliculate"
"180",49.9749991524779,0,0,0,1191,1191,0,0,0,0,100,"ssp2","caliculate"
"181",50.02499915163,0,0,0,1197,1197,0,0,0,0,100,"ssp2","caliculate"
"182",50.074999150782,0,0,0,1197,1197,0,0,0,0,100,"ssp2","caliculate"
"183",50.1249991499341,0,0,0,1195,1195,0,0,0,0,100,"ssp2","caliculate"
"184",50.1749991490861,0,0,0,1197,1197,0,0,0,0,100,"ssp2","caliculate"
"185",50.2249991482382,0,0,0,1196,1196,0,0,0,0,100,"ssp2","caliculate"
"186",50.2749991473903,0,0,0,1193,1193,0,0,0,0,100,"ssp2","caliculate"
"187",50.3249991465423,0,0,0,1184,1184,0,0,0,0,100,"ssp2","caliculate"
"188",50.3749991456944,0,0,0,1173,1173,0,0,0,0,100,"ssp2","caliculate"
"189",50.4249991448464,0,0,0,1175,1175,0,0,0,0,100,"ssp2","caliculate"
"190",50.4749991439985,0,0,0,1169,1169,0,0,0,0,100,"ssp2","caliculate"
"191",50.5249991431505,0,0,0,1169,1169,0,0,0,0,100,"ssp2","caliculate"
"192",50.5749991423026,0,0,0,1169,1169,0,0,0,0,100,"ssp2","caliculate"
"193",50.6249991414546,0,0,0,1154,1154,0,0,0,0,100,"ssp2","caliculate"
"194",50.6749991406067,0,0,0,1141,1141,0,0,0,0,100,"ssp2","caliculate"
"195",50.7249991397587,0,0,0,1129,1129,0,0,0,0,100,"ssp2","caliculate"
"196",50.7749991389108,0,0,0,1118,1118,0,0,0,0,100,"ssp2","caliculate"
"197",50.8249991380629,0,0,0,1096,1096,0,0,0,0,100,"ssp2","caliculate"
"198",50.8749991372149,0,0,0,1088,1088,0,0,0,0,100,"ssp2","caliculate"
"199",50.924999136367,0,0,0,1082,1082,0,0,0,0,100,"ssp2","caliculate"
"200",50.974999135519,0,0,0,1082,1082,0,0,0,0,100,"ssp2","caliculate"
"201",51.0249991346711,0,0,0,1092,1092,0,0,0,0,100,"ssp2","caliculate"
"202",51.0749991338231,0,0,0,1094,1094,0,0,0,0,100,"ssp2","caliculate"
"203",51.1249991329752,0,0,0,1092,1092,0,0,0,0,100,"ssp2","caliculate"
"204",51.1749991321272,0,0,0,1093,1093,0,0,0,0,100,"ssp2","caliculate"
"205",51.2249991312793,0,0,0,1117,1117,0,0,0,0,100,"ssp2","caliculate"
"206",51.2749991304313,0,0,0,1126,1126,0,0,0,0,100,"ssp2","caliculate"
"207",51.3249991295834,0,0,0,1122,1122,0,0,0,0,100,"ssp2","caliculate"
"208",51.3749991287354,0,0,0,1129,1129,0,0,0,0,100,"ssp2","caliculate"
"209",51.4249991278875,0,0,0,1127,1127,0,0,0,0,100,"ssp2","caliculate"
"210",51.4749991270396,0,0,0,1117,1117,0,0,0,0,100,"ssp2","caliculate"
"211",51.5249991261916,0,0,0,1105,1105,0,0,0,0,100,"ssp2","caliculate"
"212",51.5749991253437,0,0,0,1086,1086,0,0,0,0,100,"ssp2","caliculate"
"213",51.6249991244957,0,0,0,1085,1085,0,0,0,0,100,"ssp2","caliculate"
"214",51.6749991236478,0,0,0,1069,1069,0,0,0,0,100,"ssp2","caliculate"
"215",51.7249991227998,0,0,0,1054,1054,0,0,0,0,100,"ssp2","caliculate"
"216",51.7749991219519,0,0,0,1048,1048,0,0,0,0,100,"ssp2","caliculate"
"217",51.8249991211039,0,0,0,1032,1032,0,0,0,0,100,"ssp2","caliculate"
"218",51.874999120256,0,0,0,1021,1021,0,0,0,0,100,"ssp2","caliculate"
"219",51.924999119408,0,0,0,1019,1019,0,0,0,0,100,"ssp2","caliculate"
"220",51.9749991185601,0,0,0,1017,1017,0,0,0,0,100,"ssp2","caliculate"
"221",52.0249991177121,0,0,0,1021,1021,0,0,0,0,100,"ssp2","caliculate"
"222",52.0749991168642,0,0,0,1028,1028,0,0,0,0,100,"ssp2","caliculate"
"223",52.1249991160163,0,0,0,1019,1019,0,0,0,0,100,"ssp2","caliculate"
"224",52.1749991151683,0,0,0,1009,1009,0,0,0,0,100,"ssp2","caliculate"
"225",52.2249991143204,0,0,0,1002,1002,0,0,0,0,100,"ssp2","caliculate"
"226",52.2749991134724,0,0,0,1016,1016,0,0,0,0,100,"ssp2","caliculate"
"227",52.3249991126245,0,0,0,1021,1021,0,0,0,0,100,"ssp2","caliculate"
"228",52.3749991117765,0,0,0,1018,1018,0,0,0,0,100,"ssp2","caliculate"
"229",52.4249991109286,0,0,0,1015,1015,0,0,0,0,100,"ssp2","caliculate"
"230",52.4749991100806,0,0,0,1022,1022,0,0,0,0,100,"ssp2","caliculate"
"231",52.5249991092327,0,0,0,1027,1027,0,0,0,0,100,"ssp2","caliculate"
"232",52.5749991083847,0,0,0,1021,1021,0,0,0,0,100,"ssp2","caliculate"
"233",52.6249991075368,0,0,0,1020,1020,0,0,0,0,100,"ssp2","caliculate"
"234",52.6749991066888,0,0,0,1022,1022,0,0,0,0,100,"ssp2","caliculate"
"235",52.7249991058409,0,0,0,1027,1027,0,0,0,0,100,"ssp2","caliculate"
"236",52.774999104993,0,0,0,1031,1031,0,0,0,0,100,"ssp2","caliculate"
"237",52.824999104145,0,0,0,1030,1030,0,0,0,0,100,"ssp2","caliculate"
"238",52.8749991032971,0,0,0,1031,1031,0,0,0,0,100,"ssp2","caliculate"
"239",52.9249991024491,2,0,0,1035,1037,2,0.192864030858245,0,0,99.8071359691418,"ssp2","caliculate"
"240",52.9749991016012,1,0,0,1056,1057,1,0.0946073793755913,0,0,99.9053926206244,"ssp2","caliculate"
"241",53.0249991007532,1,0,0,1062,1063,1,0.0940733772342427,0,0,99.9059266227658,"ssp2","caliculate"
"242",53.0749990999053,1,0,0,1059,1060,1,0.0943396226415094,0,0,99.9056603773585,"ssp2","caliculate"
"243",53.1249990990573,2,0,0,1060,1062,2,0.188323917137476,0,0,99.8116760828625,"ssp2","caliculate"
"244",53.1749990982094,1,0,0,1067,1068,1,0.0936329588014981,0,0,99.9063670411985,"ssp2","caliculate"
"245",53.2249990973614,2,0,0,1062,1064,2,0.18796992481203,0,0,99.812030075188,"ssp2","caliculate"
"246",53.2749990965135,1,0,0,1065,1066,1,0.0938086303939962,0,0,99.906191369606,"ssp2","caliculate"
"247",53.3249990956655,2,2,1,1082,1087,5,0.183992640294388,0.183992640294388,0.0919963201471941,99.540018399264,"ssp2","caliculate"
"248",53.3749990948176,2,0,1,1081,1084,3,0.18450184501845,0,0.0922509225092251,99.7232472324723,"ssp2","caliculate"
"249",53.4249990939697,0,0,0,1099,1099,0,0,0,0,100,"ssp2","caliculate"
"250",53.4749990931217,1,0,0,1116,1117,1,0.0895255147717099,0,0,99.9104744852283,"ssp2","caliculate"
"251",53.5249990922738,0,0,0,1122,1122,0,0,0,0,100,"ssp2","caliculate"
"252",53.5749990914258,0,0,0,1126,1126,0,0,0,0,100,"ssp2","caliculate"
"253",53.6249990905779,0,0,0,1153,1153,0,0,0,0,100,"ssp2","caliculate"
"254",53.6749990897299,0,0,0,1157,1157,0,0,0,0,100,"ssp2","caliculate"
"255",53.724999088882,0,0,0,1170,1170,0,0,0,0,100,"ssp2","caliculate"
"256",53.774999088034,0,0,0,1174,1174,0,0,0,0,100,"ssp2","caliculate"
"257",53.8249990871861,1,0,0,1184,1185,1,0.0843881856540084,0,0,99.915611814346,"ssp2","caliculate"
"258",53.8749990863381,1,0,0,1201,1202,1,0.0831946755407654,0,0,99.9168053244592,"ssp2","caliculate"
"259",53.9249990854902,1,0,0,1195,1196,1,0.0836120401337793,0,0,99.9163879598662,"ssp2","caliculate"
"260",53.9749990846422,0,0,0,1209,1209,0,0,0,0,100,"ssp2","caliculate"
"261",54.0249990837943,0,0,0,1224,1224,0,0,0,0,100,"ssp2","caliculate"
"262",54.0749990829464,0,0,0,1230,1230,0,0,0,0,100,"ssp2","caliculate"
"263",54.1249990820984,1,0,0,1233,1234,1,0.0810372771474878,0,0,99.9189627228525,"ssp2","caliculate"
"264",54.1749990812505,4,0,0,1236,1240,4,0.32258064516129,0,0,99.6774193548387,"ssp2","caliculate"
"265",54.2249990804025,2,0,0,1264,1266,2,0.157977883096367,0,0,99.8420221169036,"ssp2","caliculate"
"266",54.2749990795546,2,0,0,1277,1279,2,0.156372165754496,0,0,99.8436278342455,"ssp2","caliculate"
"267",54.3249990787066,1,0,0,1300,1301,1,0.0768639508070715,0,0,99.9231360491929,"ssp2","caliculate"
"268",54.3749990778587,1,0,0,1321,1322,1,0.075642965204236,0,0,99.9243570347958,"ssp2","caliculate"
"269",54.4249990770107,3,0,1,1328,1332,4,0.225225225225225,0,0.0750750750750751,99.6996996996997,"ssp2","caliculate"
"270",54.4749990761628,6,2,3,1333,1344,11,0.446428571428571,0.148809523809524,0.223214285714286,99.1815476190476,"ssp2","caliculate"
"271",54.5249990753148,2,2,8,1342,1354,12,0.147710487444609,0.147710487444609,0.590841949778434,99.1137370753324,"ssp2","caliculate"
"272",54.5749990744669,4,4,7,1358,1373,15,0.291332847778587,0.291332847778587,0.509832483612527,98.9075018208303,"ssp2","caliculate"
"273",54.624999073619,9,3,5,1366,1383,17,0.650759219088937,0.216919739696312,0.361532899493854,98.7707881417209,"ssp2","caliculate"
"274",54.674999072771,0,1,5,1373,1379,6,0,0.0725163161711385,0.362581580855693,99.5649021029732,"ssp2","caliculate"
"275",54.7249990719231,1,1,6,1371,1379,8,0.0725163161711385,0.0725163161711385,0.435097897026831,99.4198694706309,"ssp2","caliculate"
"276",54.7749990710751,0,0,8,1384,1392,8,0,0,0.574712643678161,99.4252873563218,"ssp2","caliculate"
"277",54.8249990702272,1,0,10,1391,1402,11,0.0713266761768902,0,0.713266761768902,99.2154065620542,"ssp2","caliculate"
"278",54.8749990693792,1,2,7,1396,1406,10,0.0711237553342817,0.142247510668563,0.497866287339972,99.2887624466572,"ssp2","caliculate"
"279",54.9249990685313,0,5,5,1406,1416,10,0,0.353107344632768,0.353107344632768,99.2937853107345,"ssp2","caliculate"
"280",54.9749990676833,0,1,3,1432,1436,4,0,0.0696378830083565,0.20891364902507,99.7214484679666,"ssp2","caliculate"
"281",55.0249990668354,0,0,5,1437,1442,5,0,0,0.346740638002774,99.6532593619972,"ssp2","caliculate"
"282",55.0749990659874,1,1,4,1441,1447,6,0.0691085003455425,0.0691085003455425,0.27643400138217,99.5853489979267,"ssp2","caliculate"
"283",55.1249990651395,2,0,3,1441,1446,5,0.138312586445367,0,0.20746887966805,99.6542185338866,"ssp2","caliculate"
"284",55.1749990642915,3,1,0,1460,1464,4,0.204918032786885,0.0683060109289618,0,99.7267759562842,"ssp2","caliculate"
"285",55.2249990634436,3,0,4,1464,1471,7,0.203942895989123,0,0.271923861318831,99.524133242692,"ssp2","caliculate"
"286",55.2749990625957,5,0,0,1478,1483,5,0.337154416722859,0,0,99.6628455832771,"ssp2","caliculate"
"287",55.3249990617477,0,0,0,1486,1486,0,0,0,0,100,"ssp2","caliculate"
"288",55.3749990608998,3,2,0,1477,1482,5,0.202429149797571,0.134952766531714,0,99.6626180836707,"ssp2","caliculate"
"289",55.4249990600518,3,2,4,1469,1478,9,0.20297699594046,0.13531799729364,0.27063599458728,99.3910690121786,"ssp2","caliculate"
"290",55.4749990592039,0,3,0,1463,1466,3,0,0.204638472032742,0,99.7953615279673,"ssp2","caliculate"
"291",55.5249990583559,1,0,0,1459,1460,1,0.0684931506849315,0,0,99.9315068493151,"ssp2","caliculate"
"292",55.574999057508,0,0,1,1460,1461,1,0,0,0.0684462696783025,99.9315537303217,"ssp2","caliculate"
"293",55.62499905666,1,1,1,1455,1458,3,0.0685871056241426,0.0685871056241426,0.0685871056241426,99.7942386831276,"ssp2","caliculate"
"294",55.6749990558121,0,0,1,1462,1463,1,0,0,0.0683526999316473,99.9316473000683,"ssp2","caliculate"
"295",55.7249990549641,0,0,0,1460,1460,0,0,0,0,100,"ssp2","caliculate"
"296",55.7749990541162,0,0,0,1464,1464,0,0,0,0,100,"ssp2","caliculate"
"297",55.8249990532682,1,0,0,1458,1459,1,0.0685400959561343,0,0,99.9314599040439,"ssp2","caliculate"
"298",55.8749990524203,3,0,6,1453,1462,9,0.205198358413133,0,0.410396716826265,99.3844049247606,"ssp2","caliculate"
"299",55.9249990515723,2,1,5,1457,1465,8,0.136518771331058,0.068259385665529,0.341296928327645,99.4539249146758,"ssp2","caliculate"
"300",55.9749990507244,0,0,1,1474,1475,1,0,0,0.0677966101694915,99.9322033898305,"ssp2","caliculate"
"301",56.0249990498765,5,0,1,1472,1478,6,0.3382949932341,0,0.06765899864682,99.5940460081191,"ssp2","caliculate"
"302",56.0749990490285,14,1,5,1460,1480,20,0.945945945945946,0.0675675675675676,0.337837837837838,98.6486486486486,"ssp2","caliculate"
"303",56.1249990481806,6,5,12,1459,1482,23,0.404858299595142,0.337381916329285,0.809716599190283,98.4480431848853,"ssp2","caliculate"
"304",56.1749990473326,6,6,13,1433,1458,25,0.411522633744856,0.411522633744856,0.891632373113855,98.2853223593964,"ssp2","caliculate"
"305",56.2249990464847,4,6,14,1422,1446,24,0.276625172890733,0.4149377593361,0.968188105117566,98.3402489626556,"ssp2","caliculate"
"306",56.2749990456367,5,3,17,1414,1439,25,0.347463516330785,0.208478109798471,1.18137595552467,98.2626824183461,"ssp2","caliculate"
"307",56.3249990447888,9,1,17,1402,1429,27,0.629811056682995,0.0699790062981106,1.18964310706788,98.110566829951,"ssp2","caliculate"
"308",56.3749990439408,6,1,17,1405,1429,24,0.419874037788663,0.0699790062981106,1.18964310706788,98.3205038488453,"ssp2","caliculate"
"309",56.4249990430929,4,3,18,1401,1426,25,0.280504908835905,0.210378681626928,1.26227208976157,98.2468443197756,"ssp2","caliculate"
"310",56.4749990422449,1,3,18,1407,1429,22,0.0699790062981106,0.209937018894332,1.25962211336599,98.4604618614416,"ssp2","caliculate"
"311",56.524999041397,3,0,16,1417,1436,19,0.20891364902507,0,1.1142061281337,98.6768802228412,"ssp2","caliculate"
"312",56.5749990405491,3,0,12,1426,1441,15,0.208188757807078,0,0.832755031228314,98.9590562109646,"ssp2","caliculate"
"313",56.6249990397011,5,1,23,1415,1444,29,0.346260387811634,0.0692520775623269,1.59279778393352,97.9916897506925,"ssp2","caliculate"
"314",56.6749990388532,6,0,24,1411,1441,30,0.416377515614157,0,1.66551006245663,97.9181124219292,"ssp2","caliculate"
"315",56.7249990380052,3,6,28,1390,1427,37,0.210231254379818,0.420462508759636,1.96215837421163,97.4071478626489,"ssp2","caliculate"
"316",56.7749990371573,4,5,32,1393,1434,41,0.278940027894003,0.348675034867504,2.23152022315202,97.1408647140865,"ssp2","caliculate"
"317",56.8249990363093,2,10,33,1388,1433,45,0.139567341242149,0.697836706210747,2.30286113049546,96.8597348220516,"ssp2","caliculate"
"318",56.8749990354614,5,4,25,1401,1435,34,0.348432055749129,0.278745644599303,1.74216027874564,97.6306620209059,"ssp2","caliculate"
"319",56.9249990346134,6,1,22,1406,1435,29,0.418118466898955,0.0696864111498258,1.53310104529617,97.979094076655,"ssp2","caliculate"
"320",56.9749990337655,7,3,22,1402,1434,32,0.488145048814505,0.209205020920502,1.53417015341702,97.768479776848,"ssp2","caliculate"
"321",57.0249990329175,3,1,26,1407,1437,30,0.208768267223382,0.069589422407794,1.80932498260264,97.9123173277662,"ssp2","caliculate"
"322",57.0749990320696,8,0,21,1410,1439,29,0.555941626129256,0,1.4593467685893,97.9847116052814,"ssp2","caliculate"
"323",57.1249990312216,9,0,24,1414,1447,33,0.621976503109883,0,1.65860400829302,97.7194194885971,"ssp2","caliculate"
"324",57.1749990303737,9,2,21,1418,1450,32,0.620689655172414,0.137931034482759,1.44827586206897,97.7931034482759,"ssp2","caliculate"
"325",57.2249990295258,5,0,22,1411,1438,27,0.347705146036161,0,1.52990264255911,98.1223922114047,"ssp2","caliculate"
"326",57.2749990286778,2,1,28,1413,1444,31,0.138504155124654,0.0692520775623269,1.93905817174515,97.8531855955679,"ssp2","caliculate"
"327",57.3249990278299,5,2,30,1412,1449,37,0.345065562456867,0.138026224982747,2.0703933747412,97.4465148378192,"ssp2","caliculate"
"328",57.3749990269819,2,1,36,1407,1446,39,0.138312586445367,0.0691562932226833,2.4896265560166,97.3029045643154,"ssp2","caliculate"
"329",57.424999026134,4,2,35,1397,1438,41,0.278164116828929,0.139082058414465,2.43393602225313,97.1488178025035,"ssp2","caliculate"
"330",57.474999025286,4,0,38,1407,1449,42,0.276052449965493,0,2.62249827467219,97.1014492753623,"ssp2","caliculate"
"331",57.5249990244381,1,0,38,1418,1457,39,0.0686341798215511,0,2.60809883321894,97.3232669869595,"ssp2","caliculate"
"332",57.5749990235901,2,0,36,1422,1460,38,0.136986301369863,0,2.46575342465753,97.3972602739726,"ssp2","caliculate"
"333",57.6249990227422,2,2,39,1443,1486,43,0.134589502018843,0.134589502018843,2.62449528936743,97.1063257065949,"ssp2","caliculate"
"334",57.6749990218942,1,5,32,1468,1506,38,0.0664010624169987,0.332005312084993,2.12483399734396,97.4767596281541,"ssp2","caliculate"
"335",57.7249990210463,3,1,27,1509,1540,31,0.194805194805195,0.0649350649350649,1.75324675324675,97.987012987013,"ssp2","caliculate"
"336",57.7749990201984,1,0,28,1504,1533,29,0.0652315720808871,0,1.82648401826484,98.1082844096543,"ssp2","caliculate"
"337",57.8249990193504,1,3,31,1501,1536,35,0.0651041666666667,0.1953125,2.01822916666667,97.7213541666667,"ssp2","caliculate"
"338",57.8749990185025,3,2,39,1501,1545,44,0.194174757281553,0.129449838187702,2.52427184466019,97.1521035598706,"ssp2","caliculate"
"339",57.9249990176545,2,11,34,1504,1551,47,0.128949065119278,0.709219858156028,2.19213410702772,96.969696969697,"ssp2","caliculate"
"340",57.9749990168066,1,17,31,1488,1537,49,0.0650618087182824,1.1060507482108,2.01691607026675,96.8119713728042,"ssp2","caliculate"
"341",58.0249990159586,3,10,28,1490,1531,41,0.195950359242325,0.653167864141084,1.82887001959504,97.3220117570216,"ssp2","caliculate"
"342",58.0749990151107,8,4,24,1477,1513,36,0.528750826173166,0.264375413086583,1.5862524785195,97.6206212822208,"ssp2","caliculate"
"343",58.1249990142627,5,2,21,1480,1508,28,0.331564986737401,0.13262599469496,1.39257294429708,98.1432360742706,"ssp2","caliculate"
"344",58.1749990134148,5,0,15,1478,1498,20,0.333778371161549,0,1.00133511348465,98.6648865153538,"ssp2","caliculate"
"345",58.2249990125668,4,1,8,1469,1482,13,0.269905533063428,0.0674763832658569,0.539811066126856,99.1228070175439,"ssp2","caliculate"
"346",58.2749990117189,1,1,3,1469,1474,5,0.067842605156038,0.067842605156038,0.203527815468114,99.6607869742198,"ssp2","caliculate"
"347",58.3249990108709,2,2,3,1453,1460,7,0.136986301369863,0.136986301369863,0.205479452054795,99.5205479452055,"ssp2","caliculate"
"348",58.374999010023,0,1,5,1438,1444,6,0,0.0692520775623269,0.346260387811634,99.584487534626,"ssp2","caliculate"
"349",58.4249990091751,0,0,6,1432,1438,6,0,0,0.417246175243394,99.5827538247566,"ssp2","caliculate"
"350",58.4749990083271,0,0,6,1423,1429,6,0,0,0.419874037788663,99.5801259622113,"ssp2","caliculate"
"351",58.5249990074792,0,1,4,1436,1441,5,0,0.0693962526023595,0.277585010409438,99.6530187369882,"ssp2","caliculate"
"352",58.5749990066312,2,2,3,1446,1453,7,0.137646249139711,0.137646249139711,0.206469373709566,99.518238128011,"ssp2","caliculate"
"353",58.6249990057833,1,1,6,1466,1474,8,0.067842605156038,0.067842605156038,0.407055630936228,99.4572591587517,"ssp2","caliculate"
"354",58.6749990049353,0,2,3,1473,1478,5,0,0.13531799729364,0.20297699594046,99.6617050067659,"ssp2","caliculate"
"355",58.7249990040874,1,8,19,1443,1471,28,0.0679809653297077,0.543847722637661,1.29163834126445,98.0965329707682,"ssp2","caliculate"
"356",58.7749990032394,2,6,18,1438,1464,26,0.136612021857924,0.409836065573771,1.22950819672131,98.224043715847,"ssp2","caliculate"
"357",58.8249990023915,5,2,20,1420,1447,27,0.345542501727713,0.138217000691085,1.38217000691085,98.1340704906704,"ssp2","caliculate"
"358",58.8749990015435,0,8,19,1411,1438,27,0,0.556328233657858,1.32127955493741,98.1223922114047,"ssp2","caliculate"
"359",58.9249990006956,2,4,15,1409,1430,21,0.13986013986014,0.27972027972028,1.04895104895105,98.5314685314685,"ssp2","caliculate"
"360",58.9749989998476,3,7,10,1410,1430,20,0.20979020979021,0.48951048951049,0.699300699300699,98.6013986013986,"ssp2","caliculate"
"361",59.0249989989997,5,5,15,1406,1431,25,0.349406009783368,0.349406009783368,1.0482180293501,98.2529699510832,"ssp2","caliculate"
"362",59.0749989981517,6,3,3,1411,1423,12,0.421644413211525,0.210822206605762,0.210822206605762,99.156711173577,"ssp2","caliculate"
"363",59.1249989973038,3,2,0,1424,1429,5,0.209937018894332,0.139958012596221,0,99.6501049685094,"ssp2","caliculate"
"364",59.1749989964559,0,1,0,1421,1422,1,0,0.070323488045007,0,99.929676511955,"ssp2","caliculate"
"365",59.2249989956079,0,2,0,1420,1422,2,0,0.140646976090014,0,99.85935302391,"ssp2","caliculate"
"366",59.27499899476,0,2,2,1415,1419,4,0,0.140944326990839,0.140944326990839,99.7181113460183,"ssp2","caliculate"
"367",59.324998993912,0,2,3,1421,1426,5,0,0.140252454417952,0.210378681626928,99.6493688639551,"ssp2","caliculate"
"368",59.3749989930641,1,3,4,1414,1422,8,0.070323488045007,0.210970464135021,0.281293952180028,99.4374120956399,"ssp2","caliculate"
"369",59.4249989922161,5,0,6,1426,1437,11,0.34794711203897,0,0.417536534446764,99.2345163535143,"ssp2","caliculate"
"370",59.4749989913682,4,2,7,1451,1464,13,0.273224043715847,0.136612021857924,0.478142076502732,99.1120218579235,"ssp2","caliculate"
"371",59.5249989905202,5,2,12,1457,1476,19,0.338753387533875,0.13550135501355,0.813008130081301,98.7127371273713,"ssp2","caliculate"
"372",59.5749989896723,2,7,15,1454,1478,24,0.13531799729364,0.47361299052774,1.0148849797023,98.3761840324763,"ssp2","caliculate"
"373",59.6249989888243,4,6,11,1471,1492,21,0.268096514745308,0.402144772117962,0.737265415549598,98.5924932975871,"ssp2","caliculate"
"374",59.6749989879764,0,6,7,1485,1498,13,0,0.400534045393859,0.467289719626168,99.13217623498,"ssp2","caliculate"
"375",59.7249989871285,4,4,5,1486,1499,13,0.266844563042028,0.266844563042028,0.333555703802535,99.1327551701134,"ssp2","caliculate"
"376",59.7749989862805,2,7,6,1485,1500,15,0.133333333333333,0.466666666666667,0.4,99,"ssp2","caliculate"
"377",59.8249989854326,2,7,6,1480,1495,15,0.133779264214047,0.468227424749164,0.40133779264214,98.9966555183946,"ssp2","caliculate"
"378",59.8749989845846,0,4,9,1486,1499,13,0,0.266844563042028,0.600400266844563,99.1327551701134,"ssp2","caliculate"
"379",59.9249989837367,0,7,8,1467,1482,15,0,0.472334682860999,0.539811066126856,98.9878542510121,"ssp2","caliculate"
"380",59.9749989828887,0,2,9,1473,1484,11,0,0.134770889487871,0.606469002695418,99.2587601078167,"ssp2","caliculate"
"381",60.0249989820408,1,3,8,1448,1460,12,0.0684931506849315,0.205479452054795,0.547945205479452,99.1780821917808,"ssp2","caliculate"
"382",60.0749989811928,3,1,10,1436,1450,14,0.206896551724138,0.0689655172413793,0.689655172413793,99.0344827586207,"ssp2","caliculate"
"383",60.1249989803449,2,1,11,1424,1438,14,0.139082058414465,0.0695410292072323,0.764951321279555,99.0264255910987,"ssp2","caliculate"
"384",60.1749989794969,1,7,15,1385,1408,23,0.0710227272727273,0.497159090909091,1.06534090909091,98.3664772727273,"ssp2","caliculate"
"385",60.224998978649,5,4,20,1353,1382,29,0.361794500723589,0.289435600578871,1.44717800289436,97.9015918958032,"ssp2","caliculate"
"386",60.274998977801,3,4,13,1342,1362,20,0.220264317180617,0.293685756240822,0.954478707782673,98.5315712187959,"ssp2","caliculate"
"387",60.3249989769531,1,4,9,1351,1365,14,0.0732600732600733,0.293040293040293,0.659340659340659,98.974358974359,"ssp2","caliculate"
"388",60.3749989761052,3,8,12,1342,1365,23,0.21978021978022,0.586080586080586,0.879120879120879,98.3150183150183,"ssp2","caliculate"
"389",60.4249989752572,4,5,9,1350,1368,18,0.292397660818713,0.365497076023392,0.657894736842105,98.6842105263158,"ssp2","caliculate"
"390",60.4749989744093,2,11,11,1329,1353,24,0.147819660014782,0.813008130081301,0.813008130081301,98.2261640798226,"ssp2","caliculate"
"391",60.5249989735613,6,11,15,1293,1325,32,0.452830188679245,0.830188679245283,1.13207547169811,97.5849056603774,"ssp2","caliculate"
"392",60.5749989727134,7,13,23,1270,1313,43,0.533130236100533,0.99009900990099,1.75171363290175,96.7250571210967,"ssp2","caliculate"
"393",60.6249989718654,6,5,26,1273,1310,37,0.458015267175573,0.381679389312977,1.98473282442748,97.175572519084,"ssp2","caliculate"
"394",60.6749989710175,6,12,20,1277,1315,38,0.456273764258555,0.91254752851711,1.52091254752852,97.1102661596958,"ssp2","caliculate"
"395",60.7249989701695,11,15,12,1262,1300,38,0.846153846153846,1.15384615384615,0.923076923076923,97.0769230769231,"ssp2","caliculate"
"396",60.7749989693216,7,10,9,1270,1296,26,0.540123456790123,0.771604938271605,0.694444444444444,97.9938271604938,"ssp2","caliculate"
"397",60.8249989684736,6,9,10,1267,1292,25,0.464396284829721,0.696594427244582,0.773993808049536,98.0650154798762,"ssp2","caliculate"
"398",60.8749989676257,11,11,9,1248,1279,31,0.860046911649726,0.860046911649726,0.703674745895231,97.5762314308053,"ssp2","caliculate"
"399",60.9249989667777,10,11,12,1260,1293,33,0.773395204949729,0.850734725444702,0.928074245939675,97.4477958236659,"ssp2","caliculate"
"400",60.9749989659298,9,7,3,1264,1283,19,0.701480904130943,0.545596258768511,0.233826968043648,98.5190958690569,"ssp2","caliculate"
"401",61.0249989650819,7,3,10,1265,1285,20,0.544747081712062,0.233463035019455,0.778210116731518,98.443579766537,"ssp2","caliculate"
"402",61.0749989642339,6,3,8,1272,1289,17,0.465477114041893,0.232738557020946,0.620636152055857,98.6811481768813,"ssp2","caliculate"
"403",61.124998963386,2,8,10,1255,1275,20,0.156862745098039,0.627450980392157,0.784313725490196,98.4313725490196,"ssp2","caliculate"
"404",61.174998962538,2,16,10,1253,1281,28,0.156128024980484,1.24902419984387,0.78064012490242,97.8142076502732,"ssp2","caliculate"
"405",61.2249989616901,5,10,16,1238,1269,31,0.394011032308905,0.788022064617809,1.26083530338849,97.5571315996848,"ssp2","caliculate"
"406",61.2749989608421,3,7,15,1242,1267,25,0.236779794790845,0.552486187845304,1.18389897395422,98.0268350434096,"ssp2","caliculate"
"407",61.3249989599942,9,7,20,1229,1265,36,0.711462450592885,0.553359683794466,1.58102766798419,97.1541501976285,"ssp2","caliculate"
"408",61.3749989591462,4,13,20,1228,1265,37,0.316205533596838,1.02766798418972,1.58102766798419,97.0750988142292,"ssp2","caliculate"
"409",61.4249989582983,4,11,12,1229,1256,27,0.318471337579618,0.875796178343949,0.955414012738854,97.8503184713376,"ssp2","caliculate"
"410",61.4749989574503,4,9,4,1252,1269,17,0.315208825847124,0.709219858156028,0.315208825847124,98.6603624901497,"ssp2","caliculate"
"411",61.5249989566024,1,9,5,1253,1268,15,0.0788643533123028,0.709779179810726,0.394321766561514,98.8170347003155,"ssp2","caliculate"
"412",61.5749989557545,1,6,6,1241,1254,13,0.0797448165869219,0.478468899521531,0.478468899521531,98.96331738437,"ssp2","caliculate"
"413",61.6249989549065,4,10,5,1233,1252,19,0.319488817891374,0.798722044728434,0.399361022364217,98.482428115016,"ssp2","caliculate"
"414",61.6749989540586,3,3,5,1231,1242,11,0.241545893719807,0.241545893719807,0.402576489533011,99.1143317230274,"ssp2","caliculate"
"415",61.7249989532106,4,17,3,1219,1243,24,0.321802091713596,1.36765888978278,0.241351568785197,98.0691874497184,"ssp2","caliculate"
"416",61.7749989523627,3,17,4,1213,1237,24,0.242522231204527,1.37429264349232,0.323362974939369,98.0598221503638,"ssp2","caliculate"
"417",61.8249989515147,5,14,5,1218,1242,24,0.402576489533011,1.12721417069243,0.402576489533011,98.0676328502416,"ssp2","caliculate"
"418",61.8749989506668,9,10,5,1211,1235,24,0.728744939271255,0.809716599190283,0.404858299595142,98.0566801619433,"ssp2","caliculate"
"419",61.9249989498188,5,9,8,1216,1238,22,0.403877221324717,0.726978998384491,0.646203554119548,98.2229402261712,"ssp2","caliculate"
"420",61.9749989489709,3,5,10,1222,1240,18,0.241935483870968,0.403225806451613,0.806451612903226,98.5483870967742,"ssp2","caliculate"
"421",62.0249989481229,1,10,4,1224,1239,15,0.0807102502017756,0.807102502017756,0.322841000807102,98.7893462469734,"ssp2","caliculate"
"422",62.074998947275,2,9,3,1221,1235,14,0.161943319838057,0.728744939271255,0.242914979757085,98.8663967611336,"ssp2","caliculate"
"423",62.124998946427,0,6,5,1217,1228,11,0,0.488599348534202,0.407166123778502,99.1042345276873,"ssp2","caliculate"
"424",62.1749989455791,1,9,3,1217,1230,13,0.0813008130081301,0.731707317073171,0.24390243902439,98.9430894308943,"ssp2","caliculate"
"425",62.2249989447311,0,4,5,1221,1230,9,0,0.32520325203252,0.40650406504065,99.2682926829268,"ssp2","caliculate"
"426",62.2749989438832,2,1,9,1215,1227,12,0.162999185004075,0.0814995925020375,0.733496332518337,99.0220048899755,"ssp2","caliculate"
"427",62.3249989430353,2,1,8,1228,1239,11,0.161420500403551,0.0807102502017756,0.645682001614205,99.1121872477805,"ssp2","caliculate"
"428",62.3749989421873,1,0,8,1232,1241,9,0.08058017727639,0,0.64464141821112,99.2747784045125,"ssp2","caliculate"
"429",62.4249989413394,3,3,5,1241,1252,11,0.23961661341853,0.23961661341853,0.399361022364217,99.1214057507987,"ssp2","caliculate"
"430",62.4749989404914,5,3,3,1231,1242,11,0.402576489533011,0.241545893719807,0.241545893719807,99.1143317230274,"ssp2","caliculate"
"431",62.5249989396435,1,0,0,1231,1232,1,0.0811688311688312,0,0,99.9188311688312,"ssp2","caliculate"
"432",62.5749989387955,0,0,0,1234,1234,0,0,0,0,100,"ssp2","caliculate"
"433",62.6249989379476,0,0,0,1249,1249,0,0,0,0,100,"ssp2","caliculate"
"434",62.6749989370996,0,0,0,1255,1255,0,0,0,0,100,"ssp2","caliculate"
"435",62.7249989362517,0,2,0,1239,1241,2,0,0.16116035455278,0,99.8388396454472,"ssp2","caliculate"
"436",62.7749989354037,0,0,2,1239,1241,2,0,0,0.16116035455278,99.8388396454472,"ssp2","caliculate"
"437",62.8249989345558,0,1,0,1231,1232,1,0,0.0811688311688312,0,99.9188311688312,"ssp2","caliculate"
"438",62.8749989337079,0,0,0,1227,1227,0,0,0,0,100,"ssp2","caliculate"
"439",62.9249989328599,0,0,0,1223,1223,0,0,0,0,100,"ssp2","caliculate"
"440",62.974998932012,0,0,0,1222,1222,0,0,0,0,100,"ssp2","caliculate"
"441",63.024998931164,0,2,0,1230,1232,2,0,0.162337662337662,0,99.8376623376623,"ssp2","caliculate"
"442",63.0749989303161,0,0,0,1222,1222,0,0,0,0,100,"ssp2","caliculate"
"443",63.1249989294681,0,0,0,1227,1227,0,0,0,0,100,"ssp2","caliculate"
"444",63.1749989286202,0,0,0,1217,1217,0,0,0,0,100,"ssp2","caliculate"
"445",63.2249989277722,0,0,0,1208,1208,0,0,0,0,100,"ssp2","caliculate"
"446",63.2749989269243,3,2,3,1217,1225,8,0.244897959183673,0.163265306122449,0.244897959183673,99.3469387755102,"ssp2","caliculate"
"447",63.3249989260763,1,3,9,1217,1230,13,0.0813008130081301,0.24390243902439,0.731707317073171,98.9430894308943,"ssp2","caliculate"
"448",63.3749989252284,1,2,13,1210,1226,16,0.0815660685154976,0.163132137030995,1.06035889070147,98.694942903752,"ssp2","caliculate"
"449",63.4249989243804,2,1,7,1210,1220,10,0.163934426229508,0.0819672131147541,0.573770491803279,99.1803278688525,"ssp2","caliculate"
"450",63.4749989235325,1,3,0,1208,1212,4,0.0825082508250825,0.247524752475248,0,99.6699669966997,"ssp2","caliculate"
"451",63.5249989226846,0,1,1,1191,1193,2,0,0.0838222967309304,0.0838222967309304,99.8323554065381,"ssp2","caliculate"
"452",63.5749989218366,0,1,0,1170,1171,1,0,0.085397096498719,0,99.9146029035013,"ssp2","caliculate"
"453",63.6249989209887,3,0,0,1170,1173,3,0.255754475703325,0,0,99.7442455242967,"ssp2","caliculate"
"454",63.6749989201407,1,1,1,1162,1165,3,0.0858369098712446,0.0858369098712446,0.0858369098712446,99.7424892703863,"ssp2","caliculate"
"455",63.7249989192928,0,2,3,1158,1163,5,0,0.171969045571797,0.257953568357696,99.5700773860705,"ssp2","caliculate"
"456",63.7749989184448,1,9,7,1132,1149,17,0.0870322019147084,0.783289817232376,0.609225413402959,98.52045256745,"ssp2","caliculate"
"457",63.8249989175969,0,0,0,1137,1137,0,0,0,0,100,"ssp2","caliculate"
"458",63.8749989167489,0,0,0,1113,1113,0,0,0,0,100,"ssp2","caliculate"
"459",63.924998915901,0,0,0,1140,1140,0,0,0,0,100,"ssp2","caliculate"
"460",63.974998915053,0,0,0,1144,1144,0,0,0,0,100,"ssp2","caliculate"
"461",64.0249989142051,0,1,0,1146,1147,1,0,0.0871839581517001,0,99.9128160418483,"ssp2","caliculate"
"462",64.0749989133571,0,0,0,1160,1160,0,0,0,0,100,"ssp2","caliculate"
"463",64.1249989125092,0,0,0,1150,1150,0,0,0,0,100,"ssp2","caliculate"
"464",64.1749989116612,0,1,0,1162,1163,1,0,0.0859845227858985,0,99.9140154772141,"ssp2","caliculate"
"465",64.2249989108133,0,5,2,1152,1159,7,0,0.431406384814495,0.172562553925798,99.3960310612597,"ssp2","caliculate"
"466",64.2749989099654,0,5,3,1147,1155,8,0,0.432900432900433,0.25974025974026,99.3073593073593,"ssp2","caliculate"
"467",64.3249989091174,0,2,5,1137,1144,7,0,0.174825174825175,0.437062937062937,99.3881118881119,"ssp2","caliculate"
"468",64.3749989082695,0,4,4,1134,1142,8,0,0.350262697022767,0.350262697022767,99.2994746059545,"ssp2","caliculate"
"469",64.4249989074215,0,6,5,1126,1137,11,0,0.527704485488127,0.439753737906772,99.0325417766051,"ssp2","caliculate"
"470",64.4749989065736,0,6,5,1115,1126,11,0,0.532859680284192,0.44404973357016,99.0230905861456,"ssp2","caliculate"
"471",64.5249989057256,0,4,0,1133,1137,4,0,0.351802990325418,0,99.6481970096746,"ssp2","caliculate"
"472",64.5749989048777,0,0,0,1144,1144,0,0,0,0,100,"ssp2","caliculate"
"473",64.6249989040297,0,0,2,1145,1147,2,0,0,0.1743679163034,99.8256320836966,"ssp2","caliculate"
"474",64.6749989031818,3,1,1,1155,1160,5,0.258620689655172,0.0862068965517241,0.0862068965517241,99.5689655172414,"ssp2","caliculate"
"475",64.7249989023339,1,0,0,1163,1164,1,0.0859106529209622,0,0,99.914089347079,"ssp2","caliculate"
"476",64.7749989014859,1,0,0,1166,1167,1,0.0856898029134533,0,0,99.9143101970865,"ssp2","caliculate"
"477",64.824998900638,0,1,0,1125,1126,1,0,0.088809946714032,0,99.911190053286,"ssp2","caliculate"
"478",64.87499889979,1,0,1,1129,1131,2,0.0884173297966401,0,0.0884173297966401,99.8231653404067,"ssp2","caliculate"
"479",64.9249988989421,0,2,0,1154,1156,2,0,0.173010380622837,0,99.8269896193772,"ssp2","caliculate"
"480",64.9749988980941,0,0,0,1184,1184,0,0,0,0,100,"ssp2","caliculate"
"481",65.0249988972462,2,0,0,1185,1187,2,0.16849199663016,0,0,99.8315080033698,"ssp2","caliculate"
"482",65.0749988963982,0,0,0,1186,1186,0,0,0,0,100,"ssp2","caliculate"
"483",65.1249988955503,0,0,0,1194,1194,0,0,0,0,100,"ssp2","caliculate"
"484",65.1749988947023,0,0,0,1199,1199,0,0,0,0,100,"ssp2","caliculate"
"485",65.2249988938544,0,0,0,1192,1192,0,0,0,0,100,"ssp2","caliculate"
"486",65.2749988930064,0,0,0,1191,1191,0,0,0,0,100,"ssp2","caliculate"
"487",65.3249988921585,0,0,0,1192,1192,0,0,0,0,100,"ssp2","caliculate"
"488",65.3749988913106,0,0,0,1202,1202,0,0,0,0,100,"ssp2","caliculate"
"489",65.4249988904626,0,1,0,1192,1193,1,0,0.0838222967309304,0,99.9161777032691,"ssp2","caliculate"
"490",65.4749988896147,0,3,0,1178,1181,3,0,0.254022015241321,0,99.7459779847587,"ssp2","caliculate"
"491",65.5249988887667,0,0,0,1149,1149,0,0,0,0,100,"ssp2","caliculate"
"492",65.5749988879188,0,7,0,1116,1123,7,0,0.6233303650935,0,99.3766696349065,"ssp2","caliculate"
"493",65.6249988870708,0,3,0,1113,1116,3,0,0.268817204301075,0,99.7311827956989,"ssp2","caliculate"
"494",65.6749988862229,0,6,0,1108,1114,6,0,0.538599640933573,0,99.4614003590664,"ssp2","caliculate"
"495",65.7249988853749,0,3,0,1115,1118,3,0,0.268336314847943,0,99.7316636851521,"ssp2","caliculate"
"496",65.774998884527,0,1,0,1111,1112,1,0,0.0899280575539568,0,99.910071942446,"ssp2","caliculate"
"497",65.824998883679,0,0,0,1102,1102,0,0,0,0,100,"ssp2","caliculate"
"498",65.8749988828311,0,0,0,1097,1097,0,0,0,0,100,"ssp2","caliculate"
"499",65.9249988819831,0,0,0,1089,1089,0,0,0,0,100,"ssp2","caliculate"
"500",65.9749988811352,0,0,0,1086,1086,0,0,0,0,100,"ssp2","caliculate"
"501",66.0249988802873,0,0,0,1105,1105,0,0,0,0,100,"ssp2","caliculate"
"502",66.0749988794393,0,0,0,1128,1128,0,0,0,0,100,"ssp2","caliculate"
"503",66.1249988785914,0,0,0,1134,1134,0,0,0,0,100,"ssp2","caliculate"
"504",66.1749988777434,1,0,0,1152,1153,1,0.0867302688638335,0,0,99.9132697311362,"ssp2","caliculate"
"505",66.2249988768955,0,0,0,1179,1179,0,0,0,0,100,"ssp2","caliculate"
"506",66.2749988760475,0,0,0,1184,1184,0,0,0,0,100,"ssp2","caliculate"
"507",66.3249988751996,0,0,0,1160,1160,0,0,0,0,100,"ssp2","caliculate"
"508",66.3749988743516,0,0,0,1145,1145,0,0,0,0,100,"ssp2","caliculate"
"509",66.4249988735037,0,0,0,1152,1152,0,0,0,0,100,"ssp2","caliculate"
"510",66.4749988726557,0,0,0,1174,1174,0,0,0,0,100,"ssp2","caliculate"
"511",66.5249988718078,0,0,0,1191,1191,0,0,0,0,100,"ssp2","caliculate"
"512",66.5749988709598,0,0,0,1187,1187,0,0,0,0,100,"ssp2","caliculate"
"513",66.6249988701119,0,0,0,1180,1180,0,0,0,0,100,"ssp2","caliculate"
"514",66.674998869264,0,0,0,1178,1178,0,0,0,0,100,"ssp2","caliculate"
"515",66.724998868416,0,2,0,1157,1159,2,0,0.172562553925798,0,99.8274374460742,"ssp2","caliculate"
"516",66.7749988675681,0,1,0,1160,1161,1,0,0.0861326442721792,0,99.9138673557278,"ssp2","caliculate"
"517",66.8249988667201,0,0,0,1164,1164,0,0,0,0,100,"ssp2","caliculate"
"518",66.8749988658722,0,1,0,1159,1160,1,0,0.0862068965517241,0,99.9137931034483,"ssp2","caliculate"
"519",66.9249988650242,0,0,0,1147,1147,0,0,0,0,100,"ssp2","caliculate"
"520",66.9749988641763,0,0,0,1145,1145,0,0,0,0,100,"ssp2","caliculate"
"521",67.0249988633283,0,0,0,1148,1148,0,0,0,0,100,"ssp2","caliculate"
"522",67.0749988624804,0,0,0,1151,1151,0,0,0,0,100,"ssp2","caliculate"
"523",67.1249988616324,0,1,0,1136,1137,1,0,0.0879507475813544,0,99.9120492524186,"ssp2","caliculate"
"524",67.1749988607845,0,1,0,1131,1132,1,0,0.088339222614841,0,99.9116607773852,"ssp2","caliculate"
"525",67.2249988599365,0,0,0,1143,1143,0,0,0,0,100,"ssp2","caliculate"
"526",67.2749988590886,0,0,0,1136,1136,0,0,0,0,100,"ssp2","caliculate"
"527",67.3249988582406,0,0,0,1139,1139,0,0,0,0,100,"ssp2","caliculate"
"528",67.3749988573927,0,0,0,1141,1141,0,0,0,0,100,"ssp2","caliculate"
"529",67.4249988565448,0,0,0,1140,1140,0,0,0,0,100,"ssp2","caliculate"
"530",67.4749988556968,0,2,0,1144,1146,2,0,0.174520069808028,0,99.825479930192,"ssp2","caliculate"
"531",67.5249988548489,0,0,0,1152,1152,0,0,0,0,100,"ssp2","caliculate"
"532",67.5749988540009,0,0,0,1150,1150,0,0,0,0,100,"ssp2","caliculate"
"533",67.624998853153,0,3,0,1153,1156,3,0,0.259515570934256,0,99.7404844290657,"ssp2","caliculate"
"534",67.674998852305,0,2,0,1151,1153,2,0,0.173460537727667,0,99.8265394622723,"ssp2","caliculate"
"535",67.7249988514571,0,2,0,1145,1147,2,0,0.1743679163034,0,99.8256320836966,"ssp2","caliculate"
"536",67.7749988506091,0,2,0,1154,1156,2,0,0.173010380622837,0,99.8269896193772,"ssp2","caliculate"
"537",67.8249988497612,0,0,0,1150,1150,0,0,0,0,100,"ssp2","caliculate"
"538",67.8749988489133,0,0,0,1147,1147,0,0,0,0,100,"ssp2","caliculate"
"539",67.9249988480653,0,0,0,1155,1155,0,0,0,0,100,"ssp2","caliculate"
"540",67.9749988472173,0,0,0,1169,1169,0,0,0,0,100,"ssp2","caliculate"
"541",68.0249988463694,0,0,0,1166,1166,0,0,0,0,100,"ssp2","caliculate"
"542",68.0749988455215,0,0,0,1170,1170,0,0,0,0,100,"ssp2","caliculate"
"543",68.1249988446735,0,1,0,1155,1156,1,0,0.0865051903114187,0,99.9134948096886,"ssp2","caliculate"
"544",68.1749988438256,0,0,0,1161,1161,0,0,0,0,100,"ssp2","caliculate"
"545",68.2249988429776,0,0,0,1156,1156,0,0,0,0,100,"ssp2","caliculate"
"546",68.2749988421297,0,0,0,1157,1157,0,0,0,0,100,"ssp2","caliculate"
"547",68.3249988412817,0,0,0,1152,1152,0,0,0,0,100,"ssp2","caliculate"
"548",68.3749988404338,0,0,0,1144,1144,0,0,0,0,100,"ssp2","caliculate"
"549",68.4249988395858,0,0,0,1130,1130,0,0,0,0,100,"ssp2","caliculate"
"550",68.4749988387379,0,0,0,1132,1132,0,0,0,0,100,"ssp2","caliculate"
"551",68.52499883789,0,0,0,1126,1126,0,0,0,0,100,"ssp2","caliculate"
"552",68.574998837042,0,0,0,1155,1155,0,0,0,0,100,"ssp2","caliculate"
"553",68.6249988361941,0,0,0,1146,1146,0,0,0,0,100,"ssp2","caliculate"
"554",68.6749988353461,0,0,0,1147,1147,0,0,0,0,100,"ssp2","caliculate"
"555",68.7249988344982,0,0,0,1160,1160,0,0,0,0,100,"ssp2","caliculate"
"556",68.7749988336502,0,0,0,1162,1162,0,0,0,0,100,"ssp2","caliculate"
"557",68.8249988328023,0,0,0,1171,1171,0,0,0,0,100,"ssp2","caliculate"
"558",68.8749988319543,0,0,0,1181,1181,0,0,0,0,100,"ssp2","caliculate"
"559",68.9249988311064,0,0,0,1186,1186,0,0,0,0,100,"ssp2","caliculate"
"560",68.9749988302584,0,0,0,1195,1195,0,0,0,0,100,"ssp2","caliculate"
"561",69.0249988294105,0,0,0,1195,1195,0,0,0,0,100,"ssp2","caliculate"
"562",69.0749988285625,0,0,0,1206,1206,0,0,0,0,100,"ssp2","caliculate"
"563",69.1249988277146,0,0,0,1213,1213,0,0,0,0,100,"ssp2","caliculate"
"564",69.1749988268667,0,0,0,1235,1235,0,0,0,0,100,"ssp2","caliculate"
"565",69.2249988260187,0,0,0,1231,1231,0,0,0,0,100,"ssp2","caliculate"
"566",69.2749988251708,0,0,0,1225,1225,0,0,0,0,100,"ssp2","caliculate"
"567",69.3249988243228,0,0,0,1231,1231,0,0,0,0,100,"ssp2","caliculate"
"568",69.3749988234749,0,0,0,1214,1214,0,0,0,0,100,"ssp2","caliculate"
"569",69.4249988226269,0,0,0,1224,1224,0,0,0,0,100,"ssp2","caliculate"
"570",69.474998821779,0,0,0,1242,1242,0,0,0,0,100,"ssp2","caliculate"
"571",69.524998820931,0,0,0,1239,1239,0,0,0,0,100,"ssp2","caliculate"
"572",69.5749988200831,0,0,0,1214,1214,0,0,0,0,100,"ssp2","caliculate"
"573",69.6249988192351,0,0,0,1205,1205,0,0,0,0,100,"ssp2","caliculate"
"574",69.6749988183872,0,0,0,1197,1197,0,0,0,0,100,"ssp2","caliculate"
"575",69.7249988175392,0,0,0,1209,1209,0,0,0,0,100,"ssp2","caliculate"
"576",69.7749988166913,0,0,0,1235,1235,0,0,0,0,100,"ssp2","caliculate"
"577",69.8249988158433,0,0,0,1263,1263,0,0,0,0,100,"ssp2","caliculate"
"578",69.8749988149954,0,0,0,1286,1286,0,0,0,0,100,"ssp2","caliculate"
"579",69.9249988141475,0,0,0,1304,1304,0,0,0,0,100,"ssp2","caliculate"
"580",69.9749988132995,0,0,0,1321,1321,0,0,0,0,100,"ssp2","caliculate"
"581",70.0249988124516,0,0,0,1330,1330,0,0,0,0,100,"ssp2","caliculate"
"582",70.0749988116036,0,0,0,1315,1315,0,0,0,0,100,"ssp2","caliculate"
"583",70.1249988107557,0,0,0,1323,1323,0,0,0,0,100,"ssp2","caliculate"
"584",70.1749988099077,0,0,0,1315,1315,0,0,0,0,100,"ssp2","caliculate"
"585",70.2249988090598,0,0,0,1350,1350,0,0,0,0,100,"ssp2","caliculate"
"586",70.2749988082118,0,0,0,1373,1373,0,0,0,0,100,"ssp2","caliculate"
"587",70.3249988073639,0,0,0,1384,1384,0,0,0,0,100,"ssp2","caliculate"
"588",70.3749988065159,0,0,0,1405,1405,0,0,0,0,100,"ssp2","caliculate"
"589",70.424998805668,0,0,0,1408,1408,0,0,0,0,100,"ssp2","caliculate"
"590",70.47499880482,0,0,0,1412,1412,0,0,0,0,100,"ssp2","caliculate"
"591",70.5249988039721,0,0,0,1403,1403,0,0,0,0,100,"ssp2","caliculate"
"592",70.5749988031242,0,0,0,1393,1393,0,0,0,0,100,"ssp2","caliculate"
"593",70.6249988022762,0,0,0,1386,1386,0,0,0,0,100,"ssp2","caliculate"
"594",70.6749988014283,0,0,0,1393,1393,0,0,0,0,100,"ssp2","caliculate"
"595",70.7249988005803,0,0,0,1415,1415,0,0,0,0,100,"ssp2","caliculate"
"596",70.7749987997324,0,0,0,1467,1467,0,0,0,0,100,"ssp2","caliculate"
"597",70.8249987988844,0,0,0,1477,1477,0,0,0,0,100,"ssp2","caliculate"
"598",70.8749987980365,0,0,0,1489,1489,0,0,0,0,100,"ssp2","caliculate"
"599",70.9249987971885,0,0,0,1494,1494,0,0,0,0,100,"ssp2","caliculate"
"600",70.9749987963406,0,0,0,1498,1498,0,0,0,0,100,"ssp2","caliculate"
"601",71.0249987954926,0,0,0,1493,1493,0,0,0,0,100,"ssp2","caliculate"
"602",71.0749987946447,0,0,0,1499,1499,0,0,0,0,100,"ssp2","caliculate"
"603",71.1249987937967,0,0,0,1499,1499,0,0,0,0,100,"ssp2","caliculate"
"604",71.1749987929488,0,0,0,1492,1492,0,0,0,0,100,"ssp2","caliculate"
"605",71.2249987921009,0,0,0,1495,1495,0,0,0,0,100,"ssp2","caliculate"
"606",71.2749987912529,0,0,0,1497,1497,0,0,0,0,100,"ssp2","caliculate"
"607",71.324998790405,0,0,0,1486,1486,0,0,0,0,100,"ssp2","caliculate"
"608",71.374998789557,0,0,0,1490,1490,0,0,0,0,100,"ssp2","caliculate"
"609",71.4249987887091,0,0,0,1466,1466,0,0,0,0,100,"ssp2","caliculate"
"610",71.4749987878611,0,0,0,1468,1468,0,0,0,0,100,"ssp2","caliculate"
"611",71.5249987870132,0,0,0,1480,1480,0,0,0,0,100,"ssp2","caliculate"
"612",71.5749987861652,0,0,0,1466,1466,0,0,0,0,100,"ssp2","caliculate"
"613",71.6249987853173,0,0,0,1463,1463,0,0,0,0,100,"ssp2","caliculate"
"614",71.6749987844694,0,0,0,1457,1457,0,0,0,0,100,"ssp2","caliculate"
"615",71.7249987836214,0,0,0,1445,1445,0,0,0,0,100,"ssp2","caliculate"
"616",71.7749987827735,0,0,0,1453,1453,0,0,0,0,100,"ssp2","caliculate"
"617",71.8249987819255,0,0,0,1457,1457,0,0,0,0,100,"ssp2","caliculate"
"618",71.8749987810776,0,0,0,1446,1446,0,0,0,0,100,"ssp2","caliculate"
"619",71.9249987802296,0,0,0,1457,1457,0,0,0,0,100,"ssp2","caliculate"
"620",71.9749987793817,0,0,0,1455,1455,0,0,0,0,100,"ssp2","caliculate"
"621",72.0249987785337,0,0,0,1457,1457,0,0,0,0,100,"ssp2","caliculate"
"622",72.0749987776858,0,0,0,1458,1458,0,0,0,0,100,"ssp2","caliculate"
"623",72.1249987768378,0,0,0,1461,1461,0,0,0,0,100,"ssp2","caliculate"
"624",72.1749987759899,0,0,0,1456,1456,0,0,0,0,100,"ssp2","caliculate"
"625",72.2249987751419,0,0,0,1457,1457,0,0,0,0,100,"ssp2","caliculate"
"626",72.274998774294,0,0,0,1460,1460,0,0,0,0,100,"ssp2","caliculate"
"627",72.3249987734461,0,0,0,1470,1470,0,0,0,0,100,"ssp2","caliculate"
"628",72.3749987725981,0,0,0,1479,1479,0,0,0,0,100,"ssp2","caliculate"
"629",72.4249987717502,0,0,0,1484,1484,0,0,0,0,100,"ssp2","caliculate"
"630",72.4749987709022,0,0,0,1443,1443,0,0,0,0,100,"ssp2","caliculate"
"631",72.5249987700543,0,0,0,1448,1448,0,0,0,0,100,"ssp2","caliculate"
"632",72.5749987692063,0,0,0,1445,1445,0,0,0,0,100,"ssp2","caliculate"
"633",72.6249987683584,0,0,0,1450,1450,0,0,0,0,100,"ssp2","caliculate"
"634",72.6749987675104,0,0,0,1445,1445,0,0,0,0,100,"ssp2","caliculate"
"635",72.7249987666625,0,0,0,1444,1444,0,0,0,0,100,"ssp2","caliculate"
"636",72.7749987658145,0,0,0,1460,1460,0,0,0,0,100,"ssp2","caliculate"
"637",72.8249987649666,0,0,0,1471,1471,0,0,0,0,100,"ssp2","caliculate"
"638",72.8749987641186,0,0,0,1471,1471,0,0,0,0,100,"ssp2","caliculate"
"639",72.9249987632707,0,0,0,1459,1459,0,0,0,0,100,"ssp2","caliculate"
"640",72.9749987624228,0,0,0,1450,1450,0,0,0,0,100,"ssp2","caliculate"
"641",73.0249987615748,0,0,0,1460,1460,0,0,0,0,100,"ssp2","caliculate"
"642",73.0749987607269,0,0,0,1463,1463,0,0,0,0,100,"ssp2","caliculate"
"643",73.1249987598789,0,0,0,1467,1467,0,0,0,0,100,"ssp2","caliculate"
"644",73.174998759031,0,0,0,1463,1463,0,0,0,0,100,"ssp2","caliculate"
"645",73.224998758183,0,0,0,1479,1479,0,0,0,0,100,"ssp2","caliculate"
"646",73.2749987573351,0,0,0,1459,1459,0,0,0,0,100,"ssp2","caliculate"
"647",73.3249987564871,0,0,0,1450,1450,0,0,0,0,100,"ssp2","caliculate"
"648",73.3749987556392,0,0,0,1442,1442,0,0,0,0,100,"ssp2","caliculate"
"649",73.4249987547912,0,0,0,1454,1454,0,0,0,0,100,"ssp2","caliculate"
"650",73.4749987539433,0,0,0,1426,1426,0,0,0,0,100,"ssp2","caliculate"
"651",73.5249987530953,0,0,0,1412,1412,0,0,0,0,100,"ssp2","caliculate"
"652",73.5749987522474,0,0,0,1402,1402,0,0,0,0,100,"ssp2","caliculate"
"653",73.6249987513994,0,0,0,1392,1392,0,0,0,0,100,"ssp2","caliculate"
"654",73.6749987505515,0,0,0,1391,1391,0,0,0,0,100,"ssp2","caliculate"
"655",73.7249987497036,0,0,0,1410,1410,0,0,0,0,100,"ssp2","caliculate"
"656",73.7749987488556,0,0,0,1398,1398,0,0,0,0,100,"ssp2","caliculate"
"657",73.8249987480077,0,0,0,1380,1380,0,0,0,0,100,"ssp2","caliculate"
"658",73.8749987471597,0,0,0,1381,1381,0,0,0,0,100,"ssp2","caliculate"
"659",73.9249987463118,0,0,0,1397,1397,0,0,0,0,100,"ssp2","caliculate"
"660",73.9749987454638,0,0,0,1405,1405,0,0,0,0,100,"ssp2","caliculate"
"661",74.0249987446159,0,0,0,1413,1413,0,0,0,0,100,"ssp2","caliculate"
"662",74.0749987437679,0,0,0,1423,1423,0,0,0,0,100,"ssp2","caliculate"
"663",74.12499874292,0,0,0,1399,1399,0,0,0,0,100,"ssp2","caliculate"
"664",74.174998742072,0,0,0,1378,1378,0,0,0,0,100,"ssp2","caliculate"
"665",74.2249987412241,0,0,0,1377,1377,0,0,0,0,100,"ssp2","caliculate"
"666",74.2749987403761,0,0,0,1372,1372,0,0,0,0,100,"ssp2","caliculate"
"667",74.3249987395282,0,0,0,1361,1361,0,0,0,0,100,"ssp2","caliculate"
"668",74.3749987386803,0,0,0,1361,1361,0,0,0,0,100,"ssp2","caliculate"
"669",74.4249987378323,0,0,0,1345,1345,0,0,0,0,100,"ssp2","caliculate"
"670",74.4749987369844,0,0,0,1339,1339,0,0,0,0,100,"ssp2","caliculate"
"671",74.5249987361364,0,0,0,1353,1353,0,0,0,0,100,"ssp2","caliculate"
"672",74.5749987352885,0,0,0,1343,1343,0,0,0,0,100,"ssp2","caliculate"
"673",74.6249987344405,0,0,0,1353,1353,0,0,0,0,100,"ssp2","caliculate"
"674",74.6749987335926,0,0,0,1377,1377,0,0,0,0,100,"ssp2","caliculate"
"675",74.7249987327446,0,0,0,1368,1368,0,0,0,0,100,"ssp2","caliculate"
"676",74.7749987318967,0,0,0,1368,1368,0,0,0,0,100,"ssp2","caliculate"
"677",74.8249987310488,0,0,0,1363,1363,0,0,0,0,100,"ssp2","caliculate"
"678",74.8749987302008,0,0,0,1358,1358,0,0,0,0,100,"ssp2","caliculate"
"679",74.9249987293529,0,0,0,1357,1357,0,0,0,0,100,"ssp2","caliculate"
"680",74.9749987285049,0,0,0,1348,1348,0,0,0,0,100,"ssp2","caliculate"
"681",75.024998727657,0,0,0,1323,1323,0,0,0,0,100,"ssp2","caliculate"
"682",75.074998726809,0,0,0,1331,1331,0,0,0,0,100,"ssp2","caliculate"
"683",75.1249987259611,0,0,0,1335,1335,0,0,0,0,100,"ssp2","caliculate"
"684",75.1749987251131,0,0,0,1328,1328,0,0,0,0,100,"ssp2","caliculate"
"685",75.2249987242652,0,0,0,1335,1335,0,0,0,0,100,"ssp2","caliculate"
"686",75.2749987234172,0,0,0,1327,1327,0,0,0,0,100,"ssp2","caliculate"
"687",75.3249987225693,0,0,0,1314,1314,0,0,0,0,100,"ssp2","caliculate"
"688",75.3749987217213,0,0,0,1318,1318,0,0,0,0,100,"ssp2","caliculate"
"689",75.4249987208734,0,0,0,1324,1324,0,0,0,0,100,"ssp2","caliculate"
"690",75.4749987200255,0,0,0,1327,1327,0,0,0,0,100,"ssp2","caliculate"
"691",75.5249987191775,0,0,0,1327,1327,0,0,0,0,100,"ssp2","caliculate"
"692",75.5749987183296,0,0,0,1325,1325,0,0,0,0,100,"ssp2","caliculate"
"693",75.6249987174816,0,0,0,1327,1327,0,0,0,0,100,"ssp2","caliculate"
"694",75.6749987166337,0,0,0,1321,1321,0,0,0,0,100,"ssp2","caliculate"
"695",75.7249987157857,0,0,0,1316,1316,0,0,0,0,100,"ssp2","caliculate"
"696",75.7749987149378,0,0,0,1309,1309,0,0,0,0,100,"ssp2","caliculate"
"697",75.8249987140898,0,0,0,1305,1305,0,0,0,0,100,"ssp2","caliculate"
"698",75.8749987132419,0,0,0,1304,1304,0,0,0,0,100,"ssp2","caliculate"
"699",75.9249987123939,0,0,0,1305,1305,0,0,0,0,100,"ssp2","caliculate"
"700",75.974998711546,0,0,0,1302,1302,0,0,0,0,100,"ssp2","caliculate"
"701",76.024998710698,0,0,0,1300,1300,0,0,0,0,100,"ssp2","caliculate"
"702",76.0749987098501,0,0,0,1291,1291,0,0,0,0,100,"ssp2","caliculate"
"703",76.1249987090021,0,0,0,1291,1291,0,0,0,0,100,"ssp2","caliculate"
"704",76.1749987081542,0,0,0,1292,1292,0,0,0,0,100,"ssp2","caliculate"
"705",76.2249987073063,0,0,0,1305,1305,0,0,0,0,100,"ssp2","caliculate"
"706",76.2749987064583,0,0,0,1317,1317,0,0,0,0,100,"ssp2","caliculate"
"707",76.3249987056104,0,0,0,1315,1315,0,0,0,0,100,"ssp2","caliculate"
"708",76.3749987047624,0,0,0,1324,1324,0,0,0,0,100,"ssp2","caliculate"
"709",76.4249987039145,0,0,0,1327,1327,0,0,0,0,100,"ssp2","caliculate"
"710",76.4749987030665,0,0,0,1318,1318,0,0,0,0,100,"ssp2","caliculate"
"711",76.5249987022186,0,0,0,1323,1323,0,0,0,0,100,"ssp2","caliculate"
"712",76.5749987013706,0,0,0,1316,1316,0,0,0,0,100,"ssp2","caliculate"
"713",76.6249987005227,0,0,0,1315,1315,0,0,0,0,100,"ssp2","caliculate"
"714",76.6749986996747,0,0,0,1316,1316,0,0,0,0,100,"ssp2","caliculate"
"715",76.7249986988268,0,0,0,1307,1307,0,0,0,0,100,"ssp2","caliculate"
"716",76.7749986979788,0,0,0,1302,1302,0,0,0,0,100,"ssp2","caliculate"
"717",76.8249986971309,0,0,0,1278,1278,0,0,0,0,100,"ssp2","caliculate"
"718",76.874998696283,0,0,0,1254,1254,0,0,0,0,100,"ssp2","caliculate"
"719",76.924998695435,0,0,0,1242,1242,0,0,0,0,100,"ssp2","caliculate"
"720",76.9749986945871,0,0,0,1239,1239,0,0,0,0,100,"ssp2","caliculate"
"721",77.0249986937391,0,0,0,1228,1228,0,0,0,0,100,"ssp2","caliculate"
"722",77.0749986928912,0,0,0,1222,1222,0,0,0,0,100,"ssp2","caliculate"
"723",77.1249986920432,0,0,0,1218,1218,0,0,0,0,100,"ssp2","caliculate"
"724",77.1749986911953,0,0,0,1211,1211,0,0,0,0,100,"ssp2","caliculate"
"725",77.2249986903473,0,0,0,1209,1209,0,0,0,0,100,"ssp2","caliculate"
"726",77.2749986894994,0,0,0,1207,1207,0,0,0,0,100,"ssp2","caliculate"
"727",77.3249986886514,0,0,0,1218,1218,0,0,0,0,100,"ssp2","caliculate"
"728",77.3749986878035,0,0,0,1231,1231,0,0,0,0,100,"ssp2","caliculate"
"729",77.4249986869555,0,0,0,1218,1218,0,0,0,0,100,"ssp2","caliculate"
"730",77.4749986861076,0,0,0,1206,1206,0,0,0,0,100,"ssp2","caliculate"
"731",77.5249986852597,0,0,0,1187,1187,0,0,0,0,100,"ssp2","caliculate"
"732",77.5749986844117,0,0,0,1205,1205,0,0,0,0,100,"ssp2","caliculate"
"733",77.6249986835638,0,0,0,1172,1172,0,0,0,0,100,"ssp2","caliculate"
"734",77.6749986827158,0,0,0,1158,1158,0,0,0,0,100,"ssp2","caliculate"
"735",77.7249986818679,0,0,0,1171,1171,0,0,0,0,100,"ssp2","caliculate"
"736",77.7749986810199,0,0,0,1169,1169,0,0,0,0,100,"ssp2","caliculate"
"737",77.824998680172,0,0,0,1170,1170,0,0,0,0,100,"ssp2","caliculate"
"738",77.874998679324,0,0,0,1158,1158,0,0,0,0,100,"ssp2","caliculate"
"739",77.9249986784761,0,0,0,1169,1169,0,0,0,0,100,"ssp2","caliculate"
"740",77.9749986776282,0,0,0,1184,1184,0,0,0,0,100,"ssp2","caliculate"
"741",78.0249986767802,0,0,0,1186,1186,0,0,0,0,100,"ssp2","caliculate"
"742",78.0749986759322,0,0,0,1170,1170,0,0,0,0,100,"ssp2","caliculate"
"743",78.1249986750843,0,0,0,1187,1187,0,0,0,0,100,"ssp2","caliculate"
"744",78.1749986742364,0,0,0,1211,1211,0,0,0,0,100,"ssp2","caliculate"
"745",78.2249986733884,0,0,0,1200,1200,0,0,0,0,100,"ssp2","caliculate"
"746",78.2749986725405,0,0,0,1192,1192,0,0,0,0,100,"ssp2","caliculate"
"747",78.3249986716925,0,0,0,1189,1189,0,0,0,0,100,"ssp2","caliculate"
"748",78.3749986708446,0,0,0,1208,1208,0,0,0,0,100,"ssp2","caliculate"
"749",78.4249986699966,0,0,0,1187,1187,0,0,0,0,100,"ssp2","caliculate"
"750",78.4749986691487,0,0,0,1176,1176,0,0,0,0,100,"ssp2","caliculate"
"751",78.5249986683007,0,0,0,1188,1188,0,0,0,0,100,"ssp2","caliculate"
"752",78.5749986674528,0,0,0,1172,1172,0,0,0,0,100,"ssp2","caliculate"
"753",78.6249986666049,0,0,0,1162,1162,0,0,0,0,100,"ssp2","caliculate"
"754",78.6749986657569,0,0,0,1144,1144,0,0,0,0,100,"ssp2","caliculate"
"755",78.724998664909,0,0,0,1102,1102,0,0,0,0,100,"ssp2","caliculate"
"756",78.774998664061,0,0,0,1100,1100,0,0,0,0,100,"ssp2","caliculate"
"757",78.8249986632131,0,0,0,1101,1101,0,0,0,0,100,"ssp2","caliculate"
"758",78.8749986623651,0,0,0,1100,1100,0,0,0,0,100,"ssp2","caliculate"
"759",78.9249986615172,0,0,0,1136,1136,0,0,0,0,100,"ssp2","caliculate"
"760",78.9749986606692,0,0,0,1151,1151,0,0,0,0,100,"ssp2","caliculate"
"761",79.0249986598213,0,0,0,1135,1135,0,0,0,0,100,"ssp2","caliculate"
"762",79.0749986589733,0,0,0,1118,1118,0,0,0,0,100,"ssp2","caliculate"
"763",79.1249986581254,0,0,0,1127,1127,0,0,0,0,100,"ssp2","caliculate"
"764",79.1749986572774,0,0,0,1139,1139,0,0,0,0,100,"ssp2","caliculate"
"765",79.2249986564295,0,0,0,1123,1123,0,0,0,0,100,"ssp2","caliculate"
"766",79.2749986555816,0,0,0,1116,1116,0,0,0,0,100,"ssp2","caliculate"
"767",79.3249986547336,0,0,0,1114,1114,0,0,0,0,100,"ssp2","caliculate"
"768",79.3749986538857,0,0,0,1063,1063,0,0,0,0,100,"ssp2","caliculate"
"769",79.4249986530377,0,0,0,1044,1044,0,0,0,0,100,"ssp2","caliculate"
"770",79.4749986521898,0,0,0,1043,1043,0,0,0,0,100,"ssp2","caliculate"
"771",79.5249986513418,0,0,0,1037,1037,0,0,0,0,100,"ssp2","caliculate"
"772",79.5749986504939,0,0,0,1050,1050,0,0,0,0,100,"ssp2","caliculate"
"773",79.6249986496459,0,0,0,1072,1072,0,0,0,0,100,"ssp2","caliculate"
"774",79.674998648798,0,0,0,1066,1066,0,0,0,0,100,"ssp2","caliculate"
"775",79.72499864795,0,0,0,1074,1074,0,0,0,0,100,"ssp2","caliculate"
"776",79.7749986471021,0,0,0,1036,1036,0,0,0,0,100,"ssp2","caliculate"
"777",79.8249986462541,0,0,0,1021,1021,0,0,0,0,100,"ssp2","caliculate"
"778",79.8749986454062,0,0,0,1051,1051,0,0,0,0,100,"ssp2","caliculate"
"779",79.9249986445582,0,0,0,1054,1054,0,0,0,0,100,"ssp2","caliculate"
"780",79.9749986437103,0,0,0,1074,1074,0,0,0,0,100,"ssp2","caliculate"
"781",80.0249986428624,0,0,0,1089,1089,0,0,0,0,100,"ssp2","caliculate"
"782",80.0749986420144,0,0,0,1090,1090,0,0,0,0,100,"ssp2","caliculate"
"783",80.1249986411665,0,0,0,1091,1091,0,0,0,0,100,"ssp2","caliculate"
"784",80.1749986403185,0,0,0,1100,1100,0,0,0,0,100,"ssp2","caliculate"
"785",80.2249986394706,0,0,0,1127,1127,0,0,0,0,100,"ssp2","caliculate"
"786",80.2749986386226,0,0,0,1139,1139,0,0,0,0,100,"ssp2","caliculate"
"787",80.3249986377747,0,0,0,1162,1162,0,0,0,0,100,"ssp2","caliculate"
"788",80.3749986369267,0,0,0,1189,1189,0,0,0,0,100,"ssp2","caliculate"
"789",80.4249986360788,0,0,0,1191,1191,0,0,0,0,100,"ssp2","caliculate"
"790",80.4749986352308,0,0,0,1216,1216,0,0,0,0,100,"ssp2","caliculate"
"791",80.5249986343829,0,0,0,1255,1255,0,0,0,0,100,"ssp2","caliculate"
"792",80.5749986335349,0,0,0,1256,1256,0,0,0,0,100,"ssp2","caliculate"
"793",80.624998632687,0,0,0,1234,1234,0,0,0,0,100,"ssp2","caliculate"
"794",80.6749986318391,0,0,0,1212,1212,0,0,0,0,100,"ssp2","caliculate"
"795",80.7249986309911,0,0,0,1210,1210,0,0,0,0,100,"ssp2","caliculate"
"796",80.7749986301432,0,0,0,1185,1185,0,0,0,0,100,"ssp2","caliculate"
"797",80.8249986292952,0,0,0,1190,1190,0,0,0,0,100,"ssp2","caliculate"
"798",80.8749986284473,0,0,0,1194,1194,0,0,0,0,100,"ssp2","caliculate"
"799",80.9249986275993,0,0,0,1202,1202,0,0,0,0,100,"ssp2","caliculate"
"800",80.9749986267514,0,0,0,1189,1189,0,0,0,0,100,"ssp2","caliculate"
"801",81.0249986259034,0,0,0,1176,1176,0,0,0,0,100,"ssp2","caliculate"
"802",81.0749986250555,0,0,0,1176,1176,0,0,0,0,100,"ssp2","caliculate"
"803",81.1249986242075,0,0,0,1167,1167,0,0,0,0,100,"ssp2","caliculate"
"804",81.1749986233596,0,0,0,1166,1166,0,0,0,0,100,"ssp2","caliculate"
"805",81.2249986225116,0,0,0,1164,1164,0,0,0,0,100,"ssp2","caliculate"
"806",81.2749986216637,0,0,0,1161,1161,0,0,0,0,100,"ssp2","caliculate"
"807",81.3249986208158,0,0,0,1151,1151,0,0,0,0,100,"ssp2","caliculate"
"808",81.3749986199678,0,0,0,1156,1156,0,0,0,0,100,"ssp2","caliculate"
"809",81.4249986191199,0,0,0,1195,1195,0,0,0,0,100,"ssp2","caliculate"
"810",81.4749986182719,0,0,0,1231,1231,0,0,0,0,100,"ssp2","caliculate"
"811",81.524998617424,0,0,0,1241,1241,0,0,0,0,100,"ssp2","caliculate"
"812",81.574998616576,0,0,0,1239,1239,0,0,0,0,100,"ssp2","caliculate"
"813",81.6249986157281,0,0,0,1288,1288,0,0,0,0,100,"ssp2","caliculate"
"814",81.6749986148801,0,0,0,1310,1310,0,0,0,0,100,"ssp2","caliculate"
"815",81.7249986140322,0,0,0,1347,1347,0,0,0,0,100,"ssp2","caliculate"
"816",81.7749986131843,0,0,0,1387,1387,0,0,0,0,100,"ssp2","caliculate"
"817",81.8249986123363,0,0,0,1422,1422,0,0,0,0,100,"ssp2","caliculate"
"818",81.8749986114884,0,0,0,1459,1459,0,0,0,0,100,"ssp2","caliculate"
"819",81.9249986106404,0,0,0,1456,1456,0,0,0,0,100,"ssp2","caliculate"
"820",81.9749986097925,0,0,0,1449,1449,0,0,0,0,100,"ssp2","caliculate"
"821",82.0249986089445,0,0,0,1517,1517,0,0,0,0,100,"ssp2","caliculate"
"822",82.0749986080966,0,0,0,1565,1565,0,0,0,0,100,"ssp2","caliculate"
"823",82.1249986072486,0,0,0,1594,1594,0,0,0,0,100,"ssp2","caliculate"
"824",82.1749986064007,0,0,0,1556,1556,0,0,0,0,100,"ssp2","caliculate"
"825",82.2249986055527,0,0,0,1534,1534,0,0,0,0,100,"ssp2","caliculate"
"826",82.2749986047048,0,0,0,1546,1546,0,0,0,0,100,"ssp2","caliculate"
"827",82.3249986038568,0,0,0,1541,1541,0,0,0,0,100,"ssp2","caliculate"
"828",82.3749986030089,0,0,0,1534,1534,0,0,0,0,100,"ssp2","caliculate"
"829",82.424998602161,0,0,0,1538,1538,0,0,0,0,100,"ssp2","caliculate"
"830",82.474998601313,0,0,0,1568,1568,0,0,0,0,100,"ssp2","caliculate"
"831",82.5249986004651,0,0,0,1569,1569,0,0,0,0,100,"ssp2","caliculate"
"832",82.5749985996171,0,0,0,1568,1568,0,0,0,0,100,"ssp2","caliculate"
"833",82.6249985987692,0,0,0,1601,1601,0,0,0,0,100,"ssp2","caliculate"
"834",82.6749985979212,0,0,0,1598,1598,0,0,0,0,100,"ssp2","caliculate"
"835",82.7249985970733,0,0,0,1652,1652,0,0,0,0,100,"ssp2","caliculate"
"836",82.7749985962253,0,0,0,1648,1648,0,0,0,0,100,"ssp2","caliculate"
"837",82.8249985953774,0,0,0,1581,1581,0,0,0,0,100,"ssp2","caliculate"
"838",82.8749985945294,0,0,0,1608,1608,0,0,0,0,100,"ssp2","caliculate"
"839",82.9249985936815,0,0,0,1652,1652,0,0,0,0,100,"ssp2","caliculate"
"840",82.9749985928335,0,0,0,1660,1660,0,0,0,0,100,"ssp2","caliculate"
"841",41.0249993042603,0,0,0,1358,1358,0,0,0,0,100,"ssp5","caliculate"
"842",41.0749993034123,0,0,0,1375,1375,0,0,0,0,100,"ssp5","caliculate"
"843",41.1249993025644,0,0,0,1400,1400,0,0,0,0,100,"ssp5","caliculate"
"844",41.1749993017164,0,0,0,1431,1431,0,0,0,0,100,"ssp5","caliculate"
"845",41.2249993008685,0,0,0,1441,1441,0,0,0,0,100,"ssp5","caliculate"
"846",41.2749993000205,0,0,0,1447,1447,0,0,0,0,100,"ssp5","caliculate"
"847",41.3249992991726,0,0,0,1451,1451,0,0,0,0,100,"ssp5","caliculate"
"848",41.3749992983247,0,0,0,1467,1467,0,0,0,0,100,"ssp5","caliculate"
"849",41.4249992974767,0,0,0,1470,1470,0,0,0,0,100,"ssp5","caliculate"
"850",41.4749992966288,0,0,0,1472,1472,0,0,0,0,100,"ssp5","caliculate"
"851",41.5249992957808,0,0,0,1472,1472,0,0,0,0,100,"ssp5","caliculate"
"852",41.5749992949329,0,0,0,1470,1470,0,0,0,0,100,"ssp5","caliculate"
"853",41.6249992940849,0,0,0,1472,1472,0,0,0,0,100,"ssp5","caliculate"
"854",41.674999293237,0,0,0,1480,1480,0,0,0,0,100,"ssp5","caliculate"
"855",41.724999292389,0,0,0,1483,1483,0,0,0,0,100,"ssp5","caliculate"
"856",41.7749992915411,0,0,0,1481,1481,0,0,0,0,100,"ssp5","caliculate"
"857",41.8249992906931,0,0,0,1483,1483,0,0,0,0,100,"ssp5","caliculate"
"858",41.8749992898452,0,0,0,1484,1484,0,0,0,0,100,"ssp5","caliculate"
"859",41.9249992889972,0,0,0,1494,1494,0,0,0,0,100,"ssp5","caliculate"
"860",41.9749992881493,0,0,0,1519,1519,0,0,0,0,100,"ssp5","caliculate"
"861",42.0249992873013,0,0,0,1536,1536,0,0,0,0,100,"ssp5","caliculate"
"862",42.0749992864534,0,0,0,1538,1538,0,0,0,0,100,"ssp5","caliculate"
"863",42.1249992856055,0,0,0,1538,1538,0,0,0,0,100,"ssp5","caliculate"
"864",42.1749992847575,0,0,0,1538,1538,0,0,0,0,100,"ssp5","caliculate"
"865",42.2249992839096,0,0,0,1541,1541,0,0,0,0,100,"ssp5","caliculate"
"866",42.2749992830616,0,0,0,1540,1540,0,0,0,0,100,"ssp5","caliculate"
"867",42.3249992822137,0,0,0,1530,1530,0,0,0,0,100,"ssp5","caliculate"
"868",42.3749992813657,0,0,0,1534,1534,0,0,0,0,100,"ssp5","caliculate"
"869",42.4249992805178,0,0,0,1528,1528,0,0,0,0,100,"ssp5","caliculate"
"870",42.4749992796698,0,0,0,1532,1532,0,0,0,0,100,"ssp5","caliculate"
"871",42.5249992788219,0,0,0,1531,1531,0,0,0,0,100,"ssp5","caliculate"
"872",42.5749992779739,0,0,0,1525,1525,0,0,0,0,100,"ssp5","caliculate"
"873",42.624999277126,0,0,0,1528,1528,0,0,0,0,100,"ssp5","caliculate"
"874",42.6749992762781,0,0,0,1527,1527,0,0,0,0,100,"ssp5","caliculate"
"875",42.7249992754301,0,0,0,1518,1518,0,0,0,0,100,"ssp5","caliculate"
"876",42.7749992745822,0,0,0,1508,1508,0,0,0,0,100,"ssp5","caliculate"
"877",42.8249992737342,0,0,0,1503,1503,0,0,0,0,100,"ssp5","caliculate"
"878",42.8749992728863,0,0,0,1504,1504,0,0,0,0,100,"ssp5","caliculate"
"879",42.9249992720383,0,0,0,1493,1493,0,0,0,0,100,"ssp5","caliculate"
"880",42.9749992711904,0,0,0,1490,1490,0,0,0,0,100,"ssp5","caliculate"
"881",43.0249992703424,0,0,0,1492,1492,0,0,0,0,100,"ssp5","caliculate"
"882",43.0749992694945,0,0,0,1488,1488,0,0,0,0,100,"ssp5","caliculate"
"883",43.1249992686465,0,0,0,1465,1465,0,0,0,0,100,"ssp5","caliculate"
"884",43.1749992677986,0,0,0,1453,1453,0,0,0,0,100,"ssp5","caliculate"
"885",43.2249992669506,0,0,0,1450,1450,0,0,0,0,100,"ssp5","caliculate"
"886",43.2749992661027,0,0,0,1439,1439,0,0,0,0,100,"ssp5","caliculate"
"887",43.3249992652548,0,0,0,1450,1450,0,0,0,0,100,"ssp5","caliculate"
"888",43.3749992644068,0,0,0,1444,1444,0,0,0,0,100,"ssp5","caliculate"
"889",43.4249992635589,0,0,0,1460,1460,0,0,0,0,100,"ssp5","caliculate"
"890",43.4749992627109,0,0,0,1456,1456,0,0,0,0,100,"ssp5","caliculate"
"891",43.524999261863,0,0,0,1457,1457,0,0,0,0,100,"ssp5","caliculate"
"892",43.574999261015,0,0,0,1476,1476,0,0,0,0,100,"ssp5","caliculate"
"893",43.6249992601671,0,0,0,1488,1488,0,0,0,0,100,"ssp5","caliculate"
"894",43.6749992593191,0,0,0,1491,1491,0,0,0,0,100,"ssp5","caliculate"
"895",43.7249992584712,0,0,0,1495,1495,0,0,0,0,100,"ssp5","caliculate"
"896",43.7749992576232,0,0,0,1492,1492,0,0,0,0,100,"ssp5","caliculate"
"897",43.8249992567753,0,0,0,1488,1488,0,0,0,0,100,"ssp5","caliculate"
"898",43.8749992559273,0,0,0,1482,1482,0,0,0,0,100,"ssp5","caliculate"
"899",43.9249992550794,0,0,0,1476,1476,0,0,0,0,100,"ssp5","caliculate"
"900",43.9749992542315,0,0,0,1477,1477,0,0,0,0,100,"ssp5","caliculate"
"901",44.0249992533835,0,0,0,1472,1472,0,0,0,0,100,"ssp5","caliculate"
"902",44.0749992525356,0,0,0,1465,1465,0,0,0,0,100,"ssp5","caliculate"
"903",44.1249992516876,0,0,0,1465,1465,0,0,0,0,100,"ssp5","caliculate"
"904",44.1749992508397,0,0,0,1458,1458,0,0,0,0,100,"ssp5","caliculate"
"905",44.2249992499917,0,0,0,1454,1454,0,0,0,0,100,"ssp5","caliculate"
"906",44.2749992491438,0,0,0,1453,1453,0,0,0,0,100,"ssp5","caliculate"
"907",44.3249992482958,0,0,0,1442,1442,0,0,0,0,100,"ssp5","caliculate"
"908",44.3749992474479,0,0,0,1433,1433,0,0,0,0,100,"ssp5","caliculate"
"909",44.4249992465999,0,0,0,1409,1409,0,0,0,0,100,"ssp5","caliculate"
"910",44.474999245752,0,0,0,1407,1407,0,0,0,0,100,"ssp5","caliculate"
"911",44.5249992449041,0,0,0,1396,1396,0,0,0,0,100,"ssp5","caliculate"
"912",44.5749992440561,0,0,0,1389,1389,0,0,0,0,100,"ssp5","caliculate"
"913",44.6249992432082,0,0,0,1390,1390,0,0,0,0,100,"ssp5","caliculate"
"914",44.6749992423602,0,0,0,1384,1384,0,0,0,0,100,"ssp5","caliculate"
"915",44.7249992415123,0,0,0,1377,1377,0,0,0,0,100,"ssp5","caliculate"
"916",44.7749992406643,0,0,0,1367,1367,0,0,0,0,100,"ssp5","caliculate"
"917",44.8249992398164,0,0,0,1347,1347,0,0,0,0,100,"ssp5","caliculate"
"918",44.8749992389684,0,0,0,1341,1341,0,0,0,0,100,"ssp5","caliculate"
"919",44.9249992381205,0,0,0,1336,1336,0,0,0,0,100,"ssp5","caliculate"
"920",44.9749992372725,0,0,0,1328,1328,0,0,0,0,100,"ssp5","caliculate"
"921",45.0249992364246,0,0,0,1322,1322,0,0,0,0,100,"ssp5","caliculate"
"922",45.0749992355766,0,0,0,1307,1307,0,0,0,0,100,"ssp5","caliculate"
"923",45.1249992347287,0,0,0,1292,1292,0,0,0,0,100,"ssp5","caliculate"
"924",45.1749992338807,0,0,0,1287,1287,0,0,0,0,100,"ssp5","caliculate"
"925",45.2249992330328,0,0,0,1284,1284,0,0,0,0,100,"ssp5","caliculate"
"926",45.2749992321849,0,0,0,1288,1288,0,0,0,0,100,"ssp5","caliculate"
"927",45.3249992313369,0,0,0,1285,1285,0,0,0,0,100,"ssp5","caliculate"
"928",45.374999230489,0,0,0,1284,1284,0,0,0,0,100,"ssp5","caliculate"
"929",45.424999229641,0,0,0,1289,1289,0,0,0,0,100,"ssp5","caliculate"
"930",45.4749992287931,0,0,0,1303,1303,0,0,0,0,100,"ssp5","caliculate"
"931",45.5249992279451,0,0,0,1306,1306,0,0,0,0,100,"ssp5","caliculate"
"932",45.5749992270972,0,0,0,1310,1310,0,0,0,0,100,"ssp5","caliculate"
"933",45.6249992262492,0,0,0,1307,1307,0,0,0,0,100,"ssp5","caliculate"
"934",45.6749992254013,0,0,0,1303,1303,0,0,0,0,100,"ssp5","caliculate"
"935",45.7249992245533,0,0,0,1299,1299,0,0,0,0,100,"ssp5","caliculate"
"936",45.7749992237054,0,0,0,1303,1303,0,0,0,0,100,"ssp5","caliculate"
"937",45.8249992228574,0,0,0,1303,1303,0,0,0,0,100,"ssp5","caliculate"
"938",45.8749992220095,0,0,0,1310,1310,0,0,0,0,100,"ssp5","caliculate"
"939",45.9249992211616,0,0,0,1309,1309,0,0,0,0,100,"ssp5","caliculate"
"940",45.9749992203136,0,0,0,1306,1306,0,0,0,0,100,"ssp5","caliculate"
"941",46.0249992194657,0,0,0,1303,1303,0,0,0,0,100,"ssp5","caliculate"
"942",46.0749992186177,0,0,0,1307,1307,0,0,0,0,100,"ssp5","caliculate"
"943",46.1249992177698,0,0,0,1290,1290,0,0,0,0,100,"ssp5","caliculate"
"944",46.1749992169218,0,0,0,1278,1278,0,0,0,0,100,"ssp5","caliculate"
"945",46.2249992160739,0,0,0,1274,1274,0,0,0,0,100,"ssp5","caliculate"
"946",46.2749992152259,0,0,0,1265,1265,0,0,0,0,100,"ssp5","caliculate"
"947",46.324999214378,0,0,0,1256,1256,0,0,0,0,100,"ssp5","caliculate"
"948",46.37499921353,0,0,0,1250,1250,0,0,0,0,100,"ssp5","caliculate"
"949",46.4249992126821,0,0,0,1242,1242,0,0,0,0,100,"ssp5","caliculate"
"950",46.4749992118342,0,0,0,1232,1232,0,0,0,0,100,"ssp5","caliculate"
"951",46.5249992109862,0,0,0,1233,1233,0,0,0,0,100,"ssp5","caliculate"
"952",46.5749992101383,0,0,0,1232,1232,0,0,0,0,100,"ssp5","caliculate"
"953",46.6249992092903,0,0,0,1211,1211,0,0,0,0,100,"ssp5","caliculate"
"954",46.6749992084424,0,0,0,1196,1196,0,0,0,0,100,"ssp5","caliculate"
"955",46.7249992075944,0,0,0,1191,1191,0,0,0,0,100,"ssp5","caliculate"
"956",46.7749992067465,0,0,0,1182,1182,0,0,0,0,100,"ssp5","caliculate"
"957",46.8249992058985,0,0,0,1168,1168,0,0,0,0,100,"ssp5","caliculate"
"958",46.8749992050506,0,0,0,1168,1168,0,0,0,0,100,"ssp5","caliculate"
"959",46.9249992042026,0,0,0,1156,1156,0,0,0,0,100,"ssp5","caliculate"
"960",46.9749992033547,0,0,0,1153,1153,0,0,0,0,100,"ssp5","caliculate"
"961",47.0249992025067,0,0,0,1154,1154,0,0,0,0,100,"ssp5","caliculate"
"962",47.0749992016588,0,0,0,1155,1155,0,0,0,0,100,"ssp5","caliculate"
"963",47.1249992008109,0,0,0,1145,1145,0,0,0,0,100,"ssp5","caliculate"
"964",47.1749991999629,0,0,0,1135,1135,0,0,0,0,100,"ssp5","caliculate"
"965",47.224999199115,0,0,0,1131,1131,0,0,0,0,100,"ssp5","caliculate"
"966",47.274999198267,0,0,0,1123,1123,0,0,0,0,100,"ssp5","caliculate"
"967",47.3249991974191,0,0,0,1116,1116,0,0,0,0,100,"ssp5","caliculate"
"968",47.3749991965711,0,0,0,1110,1110,0,0,0,0,100,"ssp5","caliculate"
"969",47.4249991957232,0,0,0,1113,1113,0,0,0,0,100,"ssp5","caliculate"
"970",47.4749991948752,0,0,0,1107,1107,0,0,0,0,100,"ssp5","caliculate"
"971",47.5249991940273,0,0,0,1105,1105,0,0,0,0,100,"ssp5","caliculate"
"972",47.5749991931793,0,0,0,1100,1100,0,0,0,0,100,"ssp5","caliculate"
"973",47.6249991923314,0,0,0,1055,1055,0,0,0,0,100,"ssp5","caliculate"
"974",47.6749991914835,0,0,0,1033,1033,0,0,0,0,100,"ssp5","caliculate"
"975",47.7249991906355,0,0,0,1025,1025,0,0,0,0,100,"ssp5","caliculate"
"976",47.7749991897876,0,0,0,1014,1014,0,0,0,0,100,"ssp5","caliculate"
"977",47.8249991889396,0,0,0,1002,1002,0,0,0,0,100,"ssp5","caliculate"
"978",47.8749991880917,0,0,0,998,998,0,0,0,0,100,"ssp5","caliculate"
"979",47.9249991872437,0,0,0,992,992,0,0,0,0,100,"ssp5","caliculate"
"980",47.9749991863958,0,0,0,991,991,0,0,0,0,100,"ssp5","caliculate"
"981",48.0249991855478,0,0,0,991,991,0,0,0,0,100,"ssp5","caliculate"
"982",48.0749991846999,0,0,0,997,997,0,0,0,0,100,"ssp5","caliculate"
"983",48.1249991838519,0,0,0,1003,1003,0,0,0,0,100,"ssp5","caliculate"
"984",48.174999183004,0,0,0,1006,1006,0,0,0,0,100,"ssp5","caliculate"
"985",48.224999182156,0,0,0,1005,1005,0,0,0,0,100,"ssp5","caliculate"
"986",48.2749991813081,0,0,0,1001,1001,0,0,0,0,100,"ssp5","caliculate"
"987",48.3249991804601,0,0,0,1002,1002,0,0,0,0,100,"ssp5","caliculate"
"988",48.3749991796122,0,0,0,998,998,0,0,0,0,100,"ssp5","caliculate"
"989",48.4249991787643,0,0,0,996,996,0,0,0,0,100,"ssp5","caliculate"
"990",48.4749991779163,0,0,0,996,996,0,0,0,0,100,"ssp5","caliculate"
"991",48.5249991770684,0,0,0,993,993,0,0,0,0,100,"ssp5","caliculate"
"992",48.5749991762204,0,0,0,1002,1002,0,0,0,0,100,"ssp5","caliculate"
"993",48.6249991753725,0,0,0,1023,1023,0,0,0,0,100,"ssp5","caliculate"
"994",48.6749991745245,0,0,0,1042,1042,0,0,0,0,100,"ssp5","caliculate"
"995",48.7249991736766,0,0,0,1062,1062,0,0,0,0,100,"ssp5","caliculate"
"996",48.7749991728286,0,0,0,1063,1063,0,0,0,0,100,"ssp5","caliculate"
"997",48.8249991719807,0,0,0,1068,1068,0,0,0,0,100,"ssp5","caliculate"
"998",48.8749991711327,0,0,0,1076,1076,0,0,0,0,100,"ssp5","caliculate"
"999",48.9249991702848,0,0,0,1076,1076,0,0,0,0,100,"ssp5","caliculate"
"1000",48.9749991694368,0,0,0,1077,1077,0,0,0,0,100,"ssp5","caliculate"
"1001",49.0249991685889,0,0,0,1076,1076,0,0,0,0,100,"ssp5","caliculate"
"1002",49.074999167741,0,0,0,1073,1073,0,0,0,0,100,"ssp5","caliculate"
"1003",49.124999166893,0,0,0,1079,1079,0,0,0,0,100,"ssp5","caliculate"
"1004",49.1749991660451,0,0,0,1076,1076,0,0,0,0,100,"ssp5","caliculate"
"1005",49.2249991651971,0,0,0,1070,1070,0,0,0,0,100,"ssp5","caliculate"
"1006",49.2749991643492,0,0,0,1074,1074,0,0,0,0,100,"ssp5","caliculate"
"1007",49.3249991635012,0,0,0,1091,1091,0,0,0,0,100,"ssp5","caliculate"
"1008",49.3749991626533,0,0,0,1111,1111,0,0,0,0,100,"ssp5","caliculate"
"1009",49.4249991618053,0,0,0,1119,1119,0,0,0,0,100,"ssp5","caliculate"
"1010",49.4749991609574,0,0,0,1135,1135,0,0,0,0,100,"ssp5","caliculate"
"1011",49.5249991601094,0,0,0,1139,1139,0,0,0,0,100,"ssp5","caliculate"
"1012",49.5749991592615,0,0,0,1140,1140,0,0,0,0,100,"ssp5","caliculate"
"1013",49.6249991584136,0,0,0,1142,1142,0,0,0,0,100,"ssp5","caliculate"
"1014",49.6749991575656,0,0,0,1149,1149,0,0,0,0,100,"ssp5","caliculate"
"1015",49.7249991567177,0,0,0,1164,1164,0,0,0,0,100,"ssp5","caliculate"
"1016",49.7749991558697,0,0,0,1171,1171,0,0,0,0,100,"ssp5","caliculate"
"1017",49.8249991550218,0,0,0,1172,1172,0,0,0,0,100,"ssp5","caliculate"
"1018",49.8749991541738,0,0,0,1178,1178,0,0,0,0,100,"ssp5","caliculate"
"1019",49.9249991533259,0,0,0,1183,1183,0,0,0,0,100,"ssp5","caliculate"
"1020",49.9749991524779,0,0,0,1191,1191,0,0,0,0,100,"ssp5","caliculate"
"1021",50.02499915163,0,0,0,1197,1197,0,0,0,0,100,"ssp5","caliculate"
"1022",50.074999150782,0,0,0,1197,1197,0,0,0,0,100,"ssp5","caliculate"
"1023",50.1249991499341,0,0,0,1195,1195,0,0,0,0,100,"ssp5","caliculate"
"1024",50.1749991490861,0,0,0,1197,1197,0,0,0,0,100,"ssp5","caliculate"
"1025",50.2249991482382,0,0,0,1196,1196,0,0,0,0,100,"ssp5","caliculate"
"1026",50.2749991473903,0,0,0,1193,1193,0,0,0,0,100,"ssp5","caliculate"
"1027",50.3249991465423,0,0,0,1184,1184,0,0,0,0,100,"ssp5","caliculate"
"1028",50.3749991456944,0,0,0,1173,1173,0,0,0,0,100,"ssp5","caliculate"
"1029",50.4249991448464,0,0,0,1175,1175,0,0,0,0,100,"ssp5","caliculate"
"1030",50.4749991439985,0,0,0,1169,1169,0,0,0,0,100,"ssp5","caliculate"
"1031",50.5249991431505,0,0,0,1169,1169,0,0,0,0,100,"ssp5","caliculate"
"1032",50.5749991423026,0,0,0,1169,1169,0,0,0,0,100,"ssp5","caliculate"
"1033",50.6249991414546,0,0,0,1154,1154,0,0,0,0,100,"ssp5","caliculate"
"1034",50.6749991406067,0,0,0,1141,1141,0,0,0,0,100,"ssp5","caliculate"
"1035",50.7249991397587,0,0,0,1129,1129,0,0,0,0,100,"ssp5","caliculate"
"1036",50.7749991389108,0,0,0,1118,1118,0,0,0,0,100,"ssp5","caliculate"
"1037",50.8249991380629,0,0,0,1096,1096,0,0,0,0,100,"ssp5","caliculate"
"1038",50.8749991372149,0,0,0,1088,1088,0,0,0,0,100,"ssp5","caliculate"
"1039",50.924999136367,0,0,0,1082,1082,0,0,0,0,100,"ssp5","caliculate"
"1040",50.974999135519,0,0,0,1082,1082,0,0,0,0,100,"ssp5","caliculate"
"1041",51.0249991346711,0,0,0,1092,1092,0,0,0,0,100,"ssp5","caliculate"
"1042",51.0749991338231,0,0,0,1094,1094,0,0,0,0,100,"ssp5","caliculate"
"1043",51.1249991329752,0,0,0,1092,1092,0,0,0,0,100,"ssp5","caliculate"
"1044",51.1749991321272,0,0,0,1093,1093,0,0,0,0,100,"ssp5","caliculate"
"1045",51.2249991312793,0,0,0,1117,1117,0,0,0,0,100,"ssp5","caliculate"
"1046",51.2749991304313,0,0,0,1126,1126,0,0,0,0,100,"ssp5","caliculate"
"1047",51.3249991295834,0,0,0,1122,1122,0,0,0,0,100,"ssp5","caliculate"
"1048",51.3749991287354,0,0,0,1129,1129,0,0,0,0,100,"ssp5","caliculate"
"1049",51.4249991278875,0,0,0,1127,1127,0,0,0,0,100,"ssp5","caliculate"
"1050",51.4749991270396,0,0,0,1117,1117,0,0,0,0,100,"ssp5","caliculate"
"1051",51.5249991261916,0,0,0,1105,1105,0,0,0,0,100,"ssp5","caliculate"
"1052",51.5749991253437,0,1,0,1085,1086,1,0,0.0920810313075506,0,99.9079189686924,"ssp5","caliculate"
"1053",51.6249991244957,0,0,0,1085,1085,0,0,0,0,100,"ssp5","caliculate"
"1054",51.6749991236478,0,0,0,1069,1069,0,0,0,0,100,"ssp5","caliculate"
"1055",51.7249991227998,0,0,0,1054,1054,0,0,0,0,100,"ssp5","caliculate"
"1056",51.7749991219519,0,0,0,1048,1048,0,0,0,0,100,"ssp5","caliculate"
"1057",51.8249991211039,0,0,0,1032,1032,0,0,0,0,100,"ssp5","caliculate"
"1058",51.874999120256,0,0,0,1021,1021,0,0,0,0,100,"ssp5","caliculate"
"1059",51.924999119408,0,0,0,1019,1019,0,0,0,0,100,"ssp5","caliculate"
"1060",51.9749991185601,0,0,0,1017,1017,0,0,0,0,100,"ssp5","caliculate"
"1061",52.0249991177121,0,0,0,1021,1021,0,0,0,0,100,"ssp5","caliculate"
"1062",52.0749991168642,0,0,0,1028,1028,0,0,0,0,100,"ssp5","caliculate"
"1063",52.1249991160163,0,0,0,1019,1019,0,0,0,0,100,"ssp5","caliculate"
"1064",52.1749991151683,0,0,0,1009,1009,0,0,0,0,100,"ssp5","caliculate"
"1065",52.2249991143204,0,0,0,1002,1002,0,0,0,0,100,"ssp5","caliculate"
"1066",52.2749991134724,0,0,0,1016,1016,0,0,0,0,100,"ssp5","caliculate"
"1067",52.3249991126245,0,0,0,1021,1021,0,0,0,0,100,"ssp5","caliculate"
"1068",52.3749991117765,0,0,0,1018,1018,0,0,0,0,100,"ssp5","caliculate"
"1069",52.4249991109286,0,0,0,1015,1015,0,0,0,0,100,"ssp5","caliculate"
"1070",52.4749991100806,0,0,0,1022,1022,0,0,0,0,100,"ssp5","caliculate"
"1071",52.5249991092327,0,0,0,1027,1027,0,0,0,0,100,"ssp5","caliculate"
"1072",52.5749991083847,0,0,0,1021,1021,0,0,0,0,100,"ssp5","caliculate"
"1073",52.6249991075368,0,2,0,1018,1020,2,0,0.196078431372549,0,99.8039215686275,"ssp5","caliculate"
"1074",52.6749991066888,0,0,0,1022,1022,0,0,0,0,100,"ssp5","caliculate"
"1075",52.7249991058409,0,0,0,1027,1027,0,0,0,0,100,"ssp5","caliculate"
"1076",52.774999104993,0,0,0,1031,1031,0,0,0,0,100,"ssp5","caliculate"
"1077",52.824999104145,0,0,0,1030,1030,0,0,0,0,100,"ssp5","caliculate"
"1078",52.8749991032971,0,0,0,1031,1031,0,0,0,0,100,"ssp5","caliculate"
"1079",52.9249991024491,2,0,0,1035,1037,2,0.192864030858245,0,0,99.8071359691418,"ssp5","caliculate"
"1080",52.9749991016012,1,0,0,1056,1057,1,0.0946073793755913,0,0,99.9053926206244,"ssp5","caliculate"
"1081",53.0249991007532,1,0,0,1062,1063,1,0.0940733772342427,0,0,99.9059266227658,"ssp5","caliculate"
"1082",53.0749990999053,1,0,0,1059,1060,1,0.0943396226415094,0,0,99.9056603773585,"ssp5","caliculate"
"1083",53.1249990990573,2,0,0,1060,1062,2,0.188323917137476,0,0,99.8116760828625,"ssp5","caliculate"
"1084",53.1749990982094,1,0,0,1067,1068,1,0.0936329588014981,0,0,99.9063670411985,"ssp5","caliculate"
"1085",53.2249990973614,2,0,0,1062,1064,2,0.18796992481203,0,0,99.812030075188,"ssp5","caliculate"
"1086",53.2749990965135,1,0,0,1065,1066,1,0.0938086303939962,0,0,99.906191369606,"ssp5","caliculate"
"1087",53.3249990956655,3,0,0,1084,1087,3,0.275988960441582,0,0,99.7240110395584,"ssp5","caliculate"
"1088",53.3749990948176,3,0,0,1081,1084,3,0.276752767527675,0,0,99.7232472324723,"ssp5","caliculate"
"1089",53.4249990939697,0,0,0,1099,1099,0,0,0,0,100,"ssp5","caliculate"
"1090",53.4749990931217,1,0,0,1116,1117,1,0.0895255147717099,0,0,99.9104744852283,"ssp5","caliculate"
"1091",53.5249990922738,0,0,0,1122,1122,0,0,0,0,100,"ssp5","caliculate"
"1092",53.5749990914258,0,0,0,1126,1126,0,0,0,0,100,"ssp5","caliculate"
"1093",53.6249990905779,0,0,0,1153,1153,0,0,0,0,100,"ssp5","caliculate"
"1094",53.6749990897299,0,0,0,1157,1157,0,0,0,0,100,"ssp5","caliculate"
"1095",53.724999088882,0,0,0,1170,1170,0,0,0,0,100,"ssp5","caliculate"
"1096",53.774999088034,0,0,0,1174,1174,0,0,0,0,100,"ssp5","caliculate"
"1097",53.8249990871861,1,0,0,1184,1185,1,0.0843881856540084,0,0,99.915611814346,"ssp5","caliculate"
"1098",53.8749990863381,1,0,0,1201,1202,1,0.0831946755407654,0,0,99.9168053244592,"ssp5","caliculate"
"1099",53.9249990854902,1,0,0,1195,1196,1,0.0836120401337793,0,0,99.9163879598662,"ssp5","caliculate"
"1100",53.9749990846422,0,0,0,1209,1209,0,0,0,0,100,"ssp5","caliculate"
"1101",54.0249990837943,0,0,0,1224,1224,0,0,0,0,100,"ssp5","caliculate"
"1102",54.0749990829464,0,0,0,1230,1230,0,0,0,0,100,"ssp5","caliculate"
"1103",54.1249990820984,0,0,1,1233,1234,1,0,0,0.0810372771474878,99.9189627228525,"ssp5","caliculate"
"1104",54.1749990812505,1,0,3,1236,1240,4,0.0806451612903226,0,0.241935483870968,99.6774193548387,"ssp5","caliculate"
"1105",54.2249990804025,2,0,0,1264,1266,2,0.157977883096367,0,0,99.8420221169036,"ssp5","caliculate"
"1106",54.2749990795546,0,1,2,1276,1279,3,0,0.0781860828772478,0.156372165754496,99.7654417513683,"ssp5","caliculate"
"1107",54.3249990787066,1,2,0,1298,1301,3,0.0768639508070715,0.153727901614143,0,99.7694081475788,"ssp5","caliculate"
"1108",54.3749990778587,0,3,1,1318,1322,4,0,0.226928895612708,0.075642965204236,99.697428139183,"ssp5","caliculate"
"1109",54.4249990770107,3,8,1,1320,1332,12,0.225225225225225,0.600600600600601,0.0750750750750751,99.0990990990991,"ssp5","caliculate"
"1110",54.4749990761628,3,13,6,1322,1344,22,0.223214285714286,0.967261904761905,0.446428571428571,98.3630952380952,"ssp5","caliculate"
"1111",54.5249990753148,1,10,9,1334,1354,20,0.0738552437223043,0.738552437223043,0.664697193500739,98.5228951255539,"ssp5","caliculate"
"1112",54.5749990744669,4,14,7,1348,1373,25,0.291332847778587,1.01966496722505,0.509832483612527,98.1791697013838,"ssp5","caliculate"
"1113",54.624999073619,6,7,8,1362,1383,21,0.433839479392625,0.506146059291396,0.578452639190166,98.4815618221258,"ssp5","caliculate"
"1114",54.674999072771,0,6,5,1368,1379,11,0,0.435097897026831,0.362581580855693,99.2023205221175,"ssp5","caliculate"
"1115",54.7249990719231,1,1,6,1371,1379,8,0.0725163161711385,0.0725163161711385,0.435097897026831,99.4198694706309,"ssp5","caliculate"
"1116",54.7749990710751,0,0,8,1384,1392,8,0,0,0.574712643678161,99.4252873563218,"ssp5","caliculate"
"1117",54.8249990702272,1,2,10,1389,1402,13,0.0713266761768902,0.14265335235378,0.713266761768902,99.0727532097004,"ssp5","caliculate"
"1118",54.8749990693792,1,4,7,1394,1406,12,0.0711237553342817,0.284495021337127,0.497866287339972,99.1465149359886,"ssp5","caliculate"
"1119",54.9249990685313,2,4,3,1407,1416,9,0.141242937853107,0.282485875706215,0.211864406779661,99.364406779661,"ssp5","caliculate"
"1120",54.9749990676833,1,1,2,1432,1436,4,0.0696378830083565,0.0696378830083565,0.139275766016713,99.7214484679666,"ssp5","caliculate"
"1121",55.0249990668354,1,0,4,1437,1442,5,0.0693481276005548,0,0.277392510402219,99.6532593619972,"ssp5","caliculate"
"1122",55.0749990659874,2,1,3,1441,1447,6,0.138217000691085,0.0691085003455425,0.207325501036628,99.5853489979267,"ssp5","caliculate"
"1123",55.1249990651395,2,0,3,1441,1446,5,0.138312586445367,0,0.20746887966805,99.6542185338866,"ssp5","caliculate"
"1124",55.1749990642915,3,2,0,1459,1464,5,0.204918032786885,0.136612021857924,0,99.6584699453552,"ssp5","caliculate"
"1125",55.2249990634436,2,2,5,1462,1471,9,0.135961930659415,0.135961930659415,0.339904826648538,99.3881713120326,"ssp5","caliculate"
"1126",55.2749990625957,4,1,1,1477,1483,6,0.269723533378287,0.0674308833445718,0.0674308833445718,99.5954146999326,"ssp5","caliculate"
"1127",55.3249990617477,0,0,0,1486,1486,0,0,0,0,100,"ssp5","caliculate"
"1128",55.3749990608998,3,4,0,1475,1482,7,0.202429149797571,0.269905533063428,0,99.527665317139,"ssp5","caliculate"
"1129",55.4249990600518,3,3,4,1468,1478,10,0.20297699594046,0.20297699594046,0.27063599458728,99.3234100135318,"ssp5","caliculate"
"1130",55.4749990592039,0,3,0,1463,1466,3,0,0.204638472032742,0,99.7953615279673,"ssp5","caliculate"
"1131",55.5249990583559,1,0,0,1459,1460,1,0.0684931506849315,0,0,99.9315068493151,"ssp5","caliculate"
"1132",55.574999057508,0,1,1,1459,1461,2,0,0.0684462696783025,0.0684462696783025,99.8631074606434,"ssp5","caliculate"
"1133",55.62499905666,2,0,0,1456,1458,2,0.137174211248285,0,0,99.8628257887517,"ssp5","caliculate"
"1134",55.6749990558121,1,0,0,1462,1463,1,0.0683526999316473,0,0,99.9316473000683,"ssp5","caliculate"
"1135",55.7249990549641,0,0,0,1460,1460,0,0,0,0,100,"ssp5","caliculate"
"1136",55.7749990541162,0,0,0,1464,1464,0,0,0,0,100,"ssp5","caliculate"
"1137",55.8249990532682,1,1,0,1457,1459,2,0.0685400959561343,0.0685400959561343,0,99.8629198080877,"ssp5","caliculate"
"1138",55.8749990524203,5,8,4,1445,1462,17,0.341997264021888,0.547195622435021,0.27359781121751,98.8372093023256,"ssp5","caliculate"
"1139",55.9249990515723,4,6,3,1452,1465,13,0.273037542662116,0.409556313993174,0.204778156996587,99.1126279863481,"ssp5","caliculate"
"1140",55.9749990507244,0,6,1,1468,1475,7,0,0.406779661016949,0.0677966101694915,99.5254237288135,"ssp5","caliculate"
"1141",56.0249990498765,5,9,1,1463,1478,15,0.3382949932341,0.60893098782138,0.06765899864682,98.9851150202977,"ssp5","caliculate"
"1142",56.0749990490285,9,3,10,1458,1480,22,0.608108108108108,0.202702702702703,0.675675675675676,98.5135135135135,"ssp5","caliculate"
"1143",56.1249990481806,5,11,13,1453,1482,29,0.337381916329285,0.742240215924426,0.87719298245614,98.0431848852901,"ssp5","caliculate"
"1144",56.1749990473326,6,9,13,1430,1458,28,0.411522633744856,0.617283950617284,0.891632373113855,98.079561042524,"ssp5","caliculate"
"1145",56.2249990464847,4,7,14,1421,1446,25,0.276625172890733,0.484094052558783,0.968188105117566,98.2710926694329,"ssp5","caliculate"
"1146",56.2749990456367,3,9,19,1408,1439,31,0.208478109798471,0.625434329395414,1.32036136205698,97.8457261987491,"ssp5","caliculate"
"1147",56.3249990447888,8,6,18,1397,1429,32,0.559832050384884,0.419874037788663,1.25962211336599,97.7606717984605,"ssp5","caliculate"
"1148",56.3749990439408,6,4,17,1402,1429,27,0.419874037788663,0.279916025192442,1.18964310706788,98.110566829951,"ssp5","caliculate"
"1149",56.4249990430929,3,5,19,1399,1426,27,0.210378681626928,0.350631136044881,1.33239831697055,98.1065918653576,"ssp5","caliculate"
"1150",56.4749990422449,1,6,18,1404,1429,25,0.0699790062981106,0.419874037788663,1.25962211336599,98.2505248425472,"ssp5","caliculate"
"1151",56.524999041397,5,8,14,1409,1436,27,0.348189415041783,0.557103064066852,0.974930362116992,98.1197771587744,"ssp5","caliculate"
"1152",56.5749990405491,3,12,12,1414,1441,27,0.208188757807078,0.832755031228314,0.832755031228314,98.1263011797363,"ssp5","caliculate"
"1153",56.6249990397011,6,10,22,1406,1444,38,0.415512465373961,0.692520775623269,1.52354570637119,97.3684210526316,"ssp5","caliculate"
"1154",56.6749990388532,5,5,25,1406,1441,35,0.346981263011797,0.346981263011797,1.73490631505899,97.5711311589174,"ssp5","caliculate"
"1155",56.7249990380052,2,18,29,1378,1427,49,0.140154169586545,1.26138752627891,2.03223545900491,96.5662228451296,"ssp5","caliculate"
"1156",56.7749990371573,3,20,33,1378,1434,56,0.209205020920502,1.39470013947001,2.30125523012552,96.094839609484,"ssp5","caliculate"
"1157",56.8249990363093,5,17,30,1381,1433,52,0.348918353105373,1.18632240055827,2.09351011863224,96.3712491277041,"ssp5","caliculate"
"1158",56.8749990354614,8,20,22,1385,1435,50,0.557491289198606,1.39372822299652,1.53310104529617,96.5156794425087,"ssp5","caliculate"
"1159",56.9249990346134,9,11,19,1396,1435,39,0.627177700348432,0.766550522648084,1.32404181184669,97.2822299651568,"ssp5","caliculate"
"1160",56.9749990337655,8,10,21,1395,1434,39,0.557880055788006,0.697350069735007,1.46443514644351,97.2803347280335,"ssp5","caliculate"
"1161",57.0249990329175,5,10,24,1398,1437,39,0.34794711203897,0.69589422407794,1.67014613778706,97.286012526096,"ssp5","caliculate"
"1162",57.0749990320696,9,7,20,1403,1439,36,0.625434329395414,0.486448922863099,1.38985406532314,97.4982626824183,"ssp5","caliculate"
"1163",57.1249990312216,7,13,26,1401,1447,46,0.483759502418798,0.898410504492053,1.79682100898411,96.821008984105,"ssp5","caliculate"
"1164",57.1749990303737,10,11,20,1409,1450,41,0.689655172413793,0.758620689655172,1.37931034482759,97.1724137931034,"ssp5","caliculate"
"1165",57.2249990295258,8,16,19,1395,1438,43,0.556328233657858,1.11265646731572,1.32127955493741,97.009735744089,"ssp5","caliculate"
"1166",57.2749990286778,5,16,25,1398,1444,46,0.346260387811634,1.10803324099723,1.73130193905817,96.814404432133,"ssp5","caliculate"
"1167",57.3249990278299,6,12,29,1402,1449,47,0.41407867494824,0.82815734989648,2.00138026224983,96.7563837129054,"ssp5","caliculate"
"1168",57.3749990269819,3,5,35,1403,1446,43,0.20746887966805,0.345781466113416,2.42047026279391,97.0262793914246,"ssp5","caliculate"
"1169",57.424999026134,6,8,33,1391,1438,47,0.417246175243394,0.556328233657858,2.29485396383867,96.7315716272601,"ssp5","caliculate"
"1170",57.474999025286,5,2,37,1405,1449,44,0.345065562456867,0.138026224982747,2.55348516218081,96.9634230503796,"ssp5","caliculate"
"1171",57.5249990244381,3,6,36,1412,1457,45,0.205902539464653,0.411805078929307,2.47083047357584,96.9114619080302,"ssp5","caliculate"
"1172",57.5749990235901,6,8,32,1414,1460,46,0.410958904109589,0.547945205479452,2.19178082191781,96.8493150684931,"ssp5","caliculate"
"1173",57.6249990227422,4,11,37,1434,1486,52,0.269179004037685,0.740242261103634,2.48990578734859,96.5006729475101,"ssp5","caliculate"
"1174",57.6749990218942,2,14,31,1459,1506,47,0.132802124833997,0.929614873837981,2.05843293492696,96.8791500664011,"ssp5","caliculate"
"1175",57.7249990210463,4,9,26,1501,1540,39,0.25974025974026,0.584415584415584,1.68831168831169,97.4675324675325,"ssp5","caliculate"
"1176",57.7749990201984,4,5,25,1499,1533,34,0.260926288323549,0.326157860404436,1.63078930202218,97.7821265492498,"ssp5","caliculate"
"1177",57.8249990193504,7,12,25,1492,1536,44,0.455729166666667,0.78125,1.62760416666667,97.1354166666667,"ssp5","caliculate"
"1178",57.8749990185025,7,15,35,1488,1545,57,0.453074433656958,0.970873786407767,2.26537216828479,96.3106796116505,"ssp5","caliculate"
"1179",57.9249990176545,3,21,33,1494,1551,57,0.193423597678917,1.35396518375242,2.12765957446809,96.3249516441006,"ssp5","caliculate"
"1180",57.9749990168066,3,23,29,1482,1537,55,0.195185426154847,1.49642160052049,1.88679245283019,96.4216005204945,"ssp5","caliculate"
"1181",58.0249990159586,7,16,24,1484,1531,47,0.457217504898759,1.04506858262573,1.5676028739386,96.9301110385369,"ssp5","caliculate"
"1182",58.0749990151107,17,5,15,1476,1513,37,1.12359550561798,0.330469266358229,0.991407799074686,97.5545274289491,"ssp5","caliculate"
"1183",58.1249990142627,13,5,13,1477,1508,31,0.862068965517241,0.331564986737401,0.862068965517241,97.9442970822281,"ssp5","caliculate"
"1184",58.1749990134148,10,5,10,1473,1498,25,0.667556742323097,0.333778371161549,0.667556742323097,98.3311081441923,"ssp5","caliculate"
"1185",58.2249990125668,8,3,4,1467,1482,15,0.539811066126856,0.202429149797571,0.269905533063428,98.9878542510121,"ssp5","caliculate"
"1186",58.2749990117189,3,4,1,1466,1474,8,0.203527815468114,0.271370420624152,0.067842605156038,99.4572591587517,"ssp5","caliculate"
"1187",58.3249990108709,3,9,2,1446,1460,14,0.205479452054795,0.616438356164384,0.136986301369863,99.041095890411,"ssp5","caliculate"
"1188",58.374999010023,4,8,1,1431,1444,13,0.277008310249307,0.554016620498615,0.0692520775623269,99.0997229916898,"ssp5","caliculate"
"1189",58.4249990091751,4,6,2,1426,1438,12,0.278164116828929,0.417246175243394,0.139082058414465,99.1655076495132,"ssp5","caliculate"
"1190",58.4749990083271,3,4,3,1419,1429,10,0.209937018894332,0.279916025192442,0.209937018894332,99.3002099370189,"ssp5","caliculate"
"1191",58.5249990074792,1,2,3,1435,1441,6,0.0693962526023595,0.138792505204719,0.208188757807078,99.5836224843858,"ssp5","caliculate"
"1192",58.5749990066312,2,10,3,1438,1453,15,0.137646249139711,0.688231245698555,0.206469373709566,98.9676531314522,"ssp5","caliculate"
"1193",58.6249990057833,3,11,4,1456,1474,18,0.203527815468114,0.746268656716418,0.271370420624152,98.7788331071913,"ssp5","caliculate"
"1194",58.6749990049353,1,7,2,1468,1478,10,0.06765899864682,0.47361299052774,0.13531799729364,99.3234100135318,"ssp5","caliculate"
"1195",58.7249990040874,1,10,19,1441,1471,30,0.0679809653297077,0.679809653297077,1.29163834126445,97.9605710401088,"ssp5","caliculate"
"1196",58.7749990032394,3,11,17,1433,1464,31,0.204918032786885,0.751366120218579,1.16120218579235,97.8825136612022,"ssp5","caliculate"
"1197",58.8249990023915,10,11,15,1411,1447,36,0.691085003455425,0.760193503800968,1.03662750518314,97.5120939875605,"ssp5","caliculate"
"1198",58.8749990015435,4,13,15,1406,1438,32,0.278164116828929,0.90403337969402,1.04311543810848,97.7746870653686,"ssp5","caliculate"
"1199",58.9249990006956,4,13,13,1400,1430,30,0.27972027972028,0.909090909090909,0.909090909090909,97.9020979020979,"ssp5","caliculate"
"1200",58.9749989998476,4,19,9,1398,1430,32,0.27972027972028,1.32867132867133,0.629370629370629,97.7622377622378,"ssp5","caliculate"
"1201",59.0249989989997,5,10,15,1401,1431,30,0.349406009783368,0.698812019566737,1.0482180293501,97.9035639412998,"ssp5","caliculate"
"1202",59.0749989981517,7,8,2,1406,1423,17,0.491918482080112,0.5621925509487,0.140548137737175,98.805340829234,"ssp5","caliculate"
"1203",59.1249989973038,1,9,2,1417,1429,12,0.0699790062981106,0.629811056682995,0.139958012596221,99.1602519244227,"ssp5","caliculate"
"1204",59.1749989964559,0,8,0,1414,1422,8,0,0.562587904360056,0,99.4374120956399,"ssp5","caliculate"
"1205",59.2249989956079,0,8,0,1414,1422,8,0,0.562587904360056,0,99.4374120956399,"ssp5","caliculate"
"1206",59.27499899476,0,16,2,1401,1419,18,0,1.12755461592671,0.140944326990839,98.7315010570825,"ssp5","caliculate"
"1207",59.324998993912,1,11,2,1412,1426,14,0.0701262272089762,0.771388499298738,0.140252454417952,99.0182328190743,"ssp5","caliculate"
"1208",59.3749989930641,1,16,4,1401,1422,21,0.070323488045007,1.12517580872011,0.281293952180028,98.5232067510548,"ssp5","caliculate"
"1209",59.4249989922161,7,16,4,1410,1437,27,0.487125956854558,1.1134307585247,0.278357689631176,98.1210855949896,"ssp5","caliculate"
"1210",59.4749989913682,6,12,5,1441,1464,23,0.409836065573771,0.819672131147541,0.341530054644809,98.4289617486339,"ssp5","caliculate"
"1211",59.5249989905202,12,10,5,1449,1476,27,0.813008130081301,0.677506775067751,0.338753387533875,98.1707317073171,"ssp5","caliculate"
"1212",59.5749989896723,8,23,9,1438,1478,40,0.54127198917456,1.55615696887686,0.60893098782138,97.2936400541272,"ssp5","caliculate"
"1213",59.6249989888243,6,27,9,1450,1492,42,0.402144772117962,1.80965147453083,0.603217158176944,97.1849865951743,"ssp5","caliculate"
"1214",59.6749989879764,2,24,5,1467,1498,31,0.133511348464619,1.60213618157543,0.333778371161549,97.9305740987984,"ssp5","caliculate"
"1215",59.7249989871285,2,12,7,1478,1499,21,0.133422281521014,0.800533689126084,0.466977985323549,98.5990660440293,"ssp5","caliculate"
"1216",59.7749989862805,1,14,7,1478,1500,22,0.0666666666666667,0.933333333333333,0.466666666666667,98.5333333333333,"ssp5","caliculate"
"1217",59.8249989854326,5,18,3,1469,1495,26,0.334448160535117,1.20401337792642,0.20066889632107,98.2608695652174,"ssp5","caliculate"
"1218",59.8749989845846,3,13,6,1477,1499,22,0.200133422281521,0.867244829886591,0.400266844563042,98.5323549032689,"ssp5","caliculate"
"1219",59.9249989837367,2,18,6,1456,1482,26,0.134952766531714,1.21457489878543,0.404858299595142,98.2456140350877,"ssp5","caliculate"
"1220",59.9749989828887,0,22,9,1453,1484,31,0,1.48247978436658,0.606469002695418,97.911051212938,"ssp5","caliculate"
"1221",60.0249989820408,0,20,9,1431,1460,29,0,1.36986301369863,0.616438356164384,98.013698630137,"ssp5","caliculate"
"1222",60.0749989811928,1,13,12,1424,1450,26,0.0689655172413793,0.896551724137931,0.827586206896552,98.2068965517241,"ssp5","caliculate"
"1223",60.1249989803449,1,11,12,1414,1438,24,0.0695410292072323,0.764951321279555,0.834492350486787,98.3310152990264,"ssp5","caliculate"
"1224",60.1749989794969,0,21,16,1371,1408,37,0,1.49147727272727,1.13636363636364,97.3721590909091,"ssp5","caliculate"
"1225",60.224998978649,4,13,21,1344,1382,38,0.289435600578871,0.940665701881331,1.51953690303907,97.2503617945007,"ssp5","caliculate"
"1226",60.274998977801,2,8,14,1338,1362,24,0.146842878120411,0.587371512481645,1.02790014684288,98.2378854625551,"ssp5","caliculate"
"1227",60.3249989769531,0,14,10,1341,1365,24,0,1.02564102564103,0.732600732600733,98.2417582417582,"ssp5","caliculate"
"1228",60.3749989761052,2,17,13,1333,1365,32,0.146520146520147,1.24542124542125,0.952380952380952,97.6556776556776,"ssp5","caliculate"
"1229",60.4249989752572,2,16,11,1339,1368,29,0.146198830409357,1.16959064327485,0.804093567251462,97.8801169590643,"ssp5","caliculate"
"1230",60.4749989744093,2,16,11,1324,1353,29,0.147819660014782,1.18255728011826,0.813008130081301,97.8566149297856,"ssp5","caliculate"
"1231",60.5249989735613,6,23,15,1281,1325,44,0.452830188679245,1.73584905660377,1.13207547169811,96.6792452830189,"ssp5","caliculate"
"1232",60.5749989727134,12,23,18,1260,1313,53,0.913937547600914,1.75171363290175,1.37090632140137,95.963442498096,"ssp5","caliculate"
"1233",60.6249989718654,8,20,24,1258,1310,52,0.610687022900763,1.52671755725191,1.83206106870229,96.030534351145,"ssp5","caliculate"
"1234",60.6749989710175,6,25,20,1264,1315,51,0.456273764258555,1.90114068441065,1.52091254752852,96.1216730038023,"ssp5","caliculate"
"1235",60.7249989701695,10,35,13,1242,1300,58,0.769230769230769,2.69230769230769,1,95.5384615384615,"ssp5","caliculate"
"1236",60.7749989693216,7,27,9,1253,1296,43,0.540123456790123,2.08333333333333,0.694444444444444,96.6820987654321,"ssp5","caliculate"
"1237",60.8249989684736,5,25,11,1251,1292,41,0.386996904024768,1.93498452012384,0.851393188854489,96.8266253869969,"ssp5","caliculate"
"1238",60.8749989676257,7,37,13,1222,1279,57,0.547302580140735,2.89288506645817,1.01641907740422,95.5433932759969,"ssp5","caliculate"
"1239",60.9249989667777,9,40,13,1231,1293,62,0.696055684454756,3.09358081979892,1.00541376643465,95.2049497293117,"ssp5","caliculate"
"1240",60.9749989659298,7,33,5,1238,1283,45,0.545596258768511,2.57209664848012,0.38971161340608,96.4925954793453,"ssp5","caliculate"
"1241",61.0249989650819,11,20,6,1248,1285,37,0.856031128404669,1.55642023346304,0.466926070038911,97.1206225680934,"ssp5","caliculate"
"1242",61.0749989642339,6,12,8,1263,1289,26,0.465477114041893,0.930954228083786,0.620636152055857,97.9829325058185,"ssp5","caliculate"
"1243",61.124998963386,2,28,10,1235,1275,40,0.156862745098039,2.19607843137255,0.784313725490196,96.8627450980392,"ssp5","caliculate"
"1244",61.174998962538,2,31,10,1238,1281,43,0.156128024980484,2.4199843871975,0.78064012490242,96.6432474629196,"ssp5","caliculate"
"1245",61.2249989616901,4,21,17,1227,1269,42,0.315208825847124,1.6548463356974,1.33963750985028,96.6903073286052,"ssp5","caliculate"
"1246",61.2749989608421,2,24,16,1225,1267,42,0.15785319652723,1.89423835832676,1.26282557221784,96.6850828729282,"ssp5","caliculate"
"1247",61.3249989599942,6,20,23,1216,1265,49,0.474308300395257,1.58102766798419,1.81818181818182,96.1264822134387,"ssp5","caliculate"
"1248",61.3749989591462,3,25,21,1216,1265,49,0.237154150197628,1.97628458498024,1.6600790513834,96.1264822134387,"ssp5","caliculate"
"1249",61.4249989582983,2,22,14,1218,1256,38,0.159235668789809,1.7515923566879,1.11464968152866,96.9745222929936,"ssp5","caliculate"
"1250",61.4749989574503,2,18,6,1243,1269,26,0.157604412923562,1.41843971631206,0.472813238770686,97.9511426319937,"ssp5","caliculate"
"1251",61.5249989566024,1,15,5,1247,1268,21,0.0788643533123028,1.18296529968454,0.394321766561514,98.3438485804416,"ssp5","caliculate"
"1252",61.5749989557545,1,11,6,1236,1254,18,0.0797448165869219,0.87719298245614,0.478468899521531,98.5645933014354,"ssp5","caliculate"
"1253",61.6249989549065,4,11,5,1232,1252,20,0.319488817891374,0.878594249201278,0.399361022364217,98.4025559105431,"ssp5","caliculate"
"1254",61.6749989540586,3,7,5,1227,1242,15,0.241545893719807,0.563607085346216,0.402576489533011,98.792270531401,"ssp5","caliculate"
"1255",61.7249989532106,3,21,4,1215,1243,28,0.241351568785197,1.68946098149638,0.321802091713596,97.7473853580048,"ssp5","caliculate"
"1256",61.7749989523627,2,29,5,1201,1237,36,0.161681487469685,2.34438156831043,0.404203718674212,97.0897332255457,"ssp5","caliculate"
"1257",61.8249989515147,4,27,6,1205,1242,37,0.322061191626409,2.17391304347826,0.483091787439614,97.0209339774557,"ssp5","caliculate"
"1258",61.8749989506668,8,24,6,1197,1235,38,0.647773279352227,1.94331983805668,0.48582995951417,96.9230769230769,"ssp5","caliculate"
"1259",61.9249989498188,7,17,6,1208,1238,30,0.565428109854604,1.37318255250404,0.484652665589661,97.5767366720517,"ssp5","caliculate"
"1260",61.9749989489709,5,11,8,1216,1240,24,0.403225806451613,0.887096774193548,0.645161290322581,98.0645161290323,"ssp5","caliculate"
"1261",62.0249989481229,1,16,4,1218,1239,21,0.0807102502017756,1.29136400322841,0.322841000807102,98.3050847457627,"ssp5","caliculate"
"1262",62.074998947275,0,15,5,1215,1235,20,0,1.21457489878543,0.404858299595142,98.3805668016194,"ssp5","caliculate"
"1263",62.124998946427,0,21,5,1202,1228,26,0,1.71009771986971,0.407166123778502,97.8827361563518,"ssp5","caliculate"
"1264",62.1749989455791,0,34,4,1192,1230,38,0,2.76422764227642,0.32520325203252,96.9105691056911,"ssp5","caliculate"
"1265",62.2249989447311,0,31,5,1194,1230,36,0,2.52032520325203,0.40650406504065,97.0731707317073,"ssp5","caliculate"
"1266",62.2749989438832,0,27,11,1189,1227,38,0,2.20048899755501,0.896495517522412,96.9030154849226,"ssp5","caliculate"
"1267",62.3249989430353,0,18,10,1211,1239,28,0,1.45278450363196,0.807102502017756,97.7401129943503,"ssp5","caliculate"
"1268",62.3749989421873,0,18,9,1214,1241,27,0,1.45044319097502,0.72522159548751,97.8243352135375,"ssp5","caliculate"
"1269",62.4249989413394,0,22,8,1222,1252,30,0,1.75718849840256,0.638977635782748,97.6038338658147,"ssp5","caliculate"
"1270",62.4749989404914,0,21,8,1213,1242,29,0,1.69082125603865,0.644122383252818,97.6650563607085,"ssp5","caliculate"
"1271",62.5249989396435,0,17,1,1214,1232,18,0,1.37987012987013,0.0811688311688312,98.538961038961,"ssp5","caliculate"
"1272",62.5749989387955,0,5,0,1229,1234,5,0,0.405186385737439,0,99.5948136142626,"ssp5","caliculate"
"1273",62.6249989379476,0,2,0,1247,1249,2,0,0.160128102481986,0,99.839871897518,"ssp5","caliculate"
"1274",62.6749989370996,0,0,0,1255,1255,0,0,0,0,100,"ssp5","caliculate"
"1275",62.7249989362517,0,4,0,1237,1241,4,0,0.32232070910556,0,99.6776792908944,"ssp5","caliculate"
"1276",62.7749989354037,0,1,2,1238,1241,3,0,0.08058017727639,0.16116035455278,99.7582594681708,"ssp5","caliculate"
"1277",62.8249989345558,0,6,0,1226,1232,6,0,0.487012987012987,0,99.512987012987,"ssp5","caliculate"
"1278",62.8749989337079,0,0,0,1227,1227,0,0,0,0,100,"ssp5","caliculate"
"1279",62.9249989328599,0,0,0,1223,1223,0,0,0,0,100,"ssp5","caliculate"
"1280",62.974998932012,0,4,0,1218,1222,4,0,0.327332242225859,0,99.6726677577741,"ssp5","caliculate"
"1281",63.024998931164,0,2,0,1230,1232,2,0,0.162337662337662,0,99.8376623376623,"ssp5","caliculate"
"1282",63.0749989303161,0,1,0,1221,1222,1,0,0.0818330605564648,0,99.9181669394435,"ssp5","caliculate"
"1283",63.1249989294681,0,0,0,1227,1227,0,0,0,0,100,"ssp5","caliculate"
"1284",63.1749989286202,0,0,0,1217,1217,0,0,0,0,100,"ssp5","caliculate"
"1285",63.2249989277722,0,2,0,1206,1208,2,0,0.165562913907285,0,99.8344370860927,"ssp5","caliculate"
"1286",63.2749989269243,0,8,6,1211,1225,14,0,0.653061224489796,0.489795918367347,98.8571428571429,"ssp5","caliculate"
"1287",63.3249989260763,0,13,10,1207,1230,23,0,1.05691056910569,0.813008130081301,98.130081300813,"ssp5","caliculate"
"1288",63.3749989252284,0,13,14,1199,1226,27,0,1.06035889070147,1.14192495921697,97.7977161500816,"ssp5","caliculate"
"1289",63.4249989243804,0,18,9,1193,1220,27,0,1.47540983606557,0.737704918032787,97.7868852459016,"ssp5","caliculate"
"1290",63.4749989235325,0,16,1,1195,1212,17,0,1.32013201320132,0.0825082508250825,98.5973597359736,"ssp5","caliculate"
"1291",63.5249989226846,0,5,1,1187,1193,6,0,0.419111483654652,0.0838222967309304,99.4970662196144,"ssp5","caliculate"
"1292",63.5749989218366,0,1,0,1170,1171,1,0,0.085397096498719,0,99.9146029035013,"ssp5","caliculate"
"1293",63.6249989209887,0,5,3,1165,1173,8,0,0.426257459505541,0.255754475703325,99.3179880647911,"ssp5","caliculate"
"1294",63.6749989201407,0,1,2,1162,1165,3,0,0.0858369098712446,0.171673819742489,99.7424892703863,"ssp5","caliculate"
"1295",63.7249989192928,0,9,3,1151,1163,12,0,0.773860705073087,0.257953568357696,98.9681857265692,"ssp5","caliculate"
"1296",63.7749989184448,0,17,8,1124,1149,25,0,1.47954743255004,0.696257615317667,97.8241949521323,"ssp5","caliculate"
"1297",63.8249989175969,0,0,0,1137,1137,0,0,0,0,100,"ssp5","caliculate"
"1298",63.8749989167489,0,0,0,1113,1113,0,0,0,0,100,"ssp5","caliculate"
"1299",63.924998915901,0,2,0,1138,1140,2,0,0.175438596491228,0,99.8245614035088,"ssp5","caliculate"
"1300",63.974998915053,0,4,0,1140,1144,4,0,0.34965034965035,0,99.6503496503496,"ssp5","caliculate"
"1301",64.0249989142051,0,6,0,1141,1147,6,0,0.523103748910201,0,99.4768962510898,"ssp5","caliculate"
"1302",64.0749989133571,0,2,0,1158,1160,2,0,0.172413793103448,0,99.8275862068966,"ssp5","caliculate"
"1303",64.1249989125092,0,2,0,1148,1150,2,0,0.173913043478261,0,99.8260869565217,"ssp5","caliculate"
"1304",64.1749989116612,0,4,0,1159,1163,4,0,0.343938091143594,0,99.6560619088564,"ssp5","caliculate"
"1305",64.2249989108133,0,7,2,1150,1159,9,0,0.603968938740293,0.172562553925798,99.2234685073339,"ssp5","caliculate"
"1306",64.2749989099654,0,7,3,1145,1155,10,0,0.606060606060606,0.25974025974026,99.1341991341991,"ssp5","caliculate"
"1307",64.3249989091174,0,6,5,1133,1144,11,0,0.524475524475524,0.437062937062937,99.0384615384615,"ssp5","caliculate"
"1308",64.3749989082695,0,11,4,1127,1142,15,0,0.963222416812609,0.350262697022767,98.6865148861646,"ssp5","caliculate"
"1309",64.4249989074215,0,17,5,1115,1137,22,0,1.49516270888303,0.439753737906772,98.0650835532102,"ssp5","caliculate"
"1310",64.4749989065736,0,17,5,1104,1126,22,0,1.50976909413854,0.44404973357016,98.0461811722913,"ssp5","caliculate"
"1311",64.5249989057256,0,21,0,1116,1137,21,0,1.84696569920844,0,98.1530343007915,"ssp5","caliculate"
"1312",64.5749989048777,0,18,0,1126,1144,18,0,1.57342657342657,0,98.4265734265734,"ssp5","caliculate"
"1313",64.6249989040297,0,19,2,1126,1147,21,0,1.6564952048823,0.1743679163034,98.1691368788143,"ssp5","caliculate"
"1314",64.6749989031818,0,15,4,1141,1160,19,0,1.29310344827586,0.344827586206897,98.3620689655173,"ssp5","caliculate"
"1315",64.7249989023339,0,13,1,1150,1164,14,0,1.11683848797251,0.0859106529209622,98.7972508591065,"ssp5","caliculate"
"1316",64.7749989014859,0,9,1,1157,1167,10,0,0.77120822622108,0.0856898029134533,99.1431019708655,"ssp5","caliculate"
"1317",64.824998900638,0,12,0,1114,1126,12,0,1.06571936056838,0,98.9342806394316,"ssp5","caliculate"
"1318",64.87499889979,0,11,2,1118,1131,13,0,0.972590627763042,0.17683465959328,98.8505747126437,"ssp5","caliculate"
"1319",64.9249988989421,0,10,0,1146,1156,10,0,0.865051903114187,0,99.1349480968858,"ssp5","caliculate"
"1320",64.9749988980941,0,10,0,1174,1184,10,0,0.844594594594595,0,99.1554054054054,"ssp5","caliculate"
"1321",65.0249988972462,0,8,2,1177,1187,10,0,0.67396798652064,0.16849199663016,99.1575400168492,"ssp5","caliculate"
"1322",65.0749988963982,0,4,0,1182,1186,4,0,0.337268128161889,0,99.6627318718381,"ssp5","caliculate"
"1323",65.1249988955503,0,1,0,1193,1194,1,0,0.0837520938023451,0,99.9162479061977,"ssp5","caliculate"
"1324",65.1749988947023,0,1,0,1198,1199,1,0,0.0834028356964137,0,99.9165971643036,"ssp5","caliculate"
"1325",65.2249988938544,0,0,0,1192,1192,0,0,0,0,100,"ssp5","caliculate"
"1326",65.2749988930064,0,0,0,1191,1191,0,0,0,0,100,"ssp5","caliculate"
"1327",65.3249988921585,0,0,0,1192,1192,0,0,0,0,100,"ssp5","caliculate"
"1328",65.3749988913106,0,0,0,1202,1202,0,0,0,0,100,"ssp5","caliculate"
"1329",65.4249988904626,0,3,0,1190,1193,3,0,0.251466890192791,0,99.7485331098072,"ssp5","caliculate"
"1330",65.4749988896147,0,5,0,1176,1181,5,0,0.423370025402202,0,99.5766299745978,"ssp5","caliculate"
"1331",65.5249988887667,0,5,0,1144,1149,5,0,0.435161009573542,0,99.5648389904265,"ssp5","caliculate"
"1332",65.5749988879188,0,12,0,1111,1123,12,0,1.06856634016028,0,98.9314336598397,"ssp5","caliculate"
"1333",65.6249988870708,0,13,0,1103,1116,13,0,1.16487455197133,0,98.8351254480287,"ssp5","caliculate"
"1334",65.6749988862229,0,15,0,1099,1114,15,0,1.34649910233393,0,98.6535008976661,"ssp5","caliculate"
"1335",65.7249988853749,0,8,0,1110,1118,8,0,0.715563506261181,0,99.2844364937388,"ssp5","caliculate"
"1336",65.774998884527,0,3,0,1109,1112,3,0,0.26978417266187,0,99.7302158273381,"ssp5","caliculate"
"1337",65.824998883679,0,2,0,1100,1102,2,0,0.181488203266788,0,99.8185117967332,"ssp5","caliculate"
"1338",65.8749988828311,0,3,0,1094,1097,3,0,0.273473108477666,0,99.7265268915223,"ssp5","caliculate"
"1339",65.9249988819831,0,4,0,1085,1089,4,0,0.367309458218549,0,99.6326905417815,"ssp5","caliculate"
"1340",65.9749988811352,0,1,0,1085,1086,1,0,0.0920810313075506,0,99.9079189686924,"ssp5","caliculate"
"1341",66.0249988802873,0,11,0,1094,1105,11,0,0.995475113122172,0,99.0045248868778,"ssp5","caliculate"
"1342",66.0749988794393,0,23,0,1105,1128,23,0,2.03900709219858,0,97.9609929078014,"ssp5","caliculate"
"1343",66.1249988785914,0,21,0,1113,1134,21,0,1.85185185185185,0,98.1481481481482,"ssp5","caliculate"
"1344",66.1749988777434,0,17,1,1135,1153,18,0,1.47441457068517,0.0867302688638335,98.438855160451,"ssp5","caliculate"
"1345",66.2249988768955,0,19,0,1160,1179,19,0,1.61153519932146,0,98.3884648006785,"ssp5","caliculate"
"1346",66.2749988760475,0,25,0,1159,1184,25,0,2.11148648648649,0,97.8885135135135,"ssp5","caliculate"
"1347",66.3249988751996,0,16,0,1144,1160,16,0,1.37931034482759,0,98.6206896551724,"ssp5","caliculate"
"1348",66.3749988743516,0,8,0,1137,1145,8,0,0.698689956331878,0,99.3013100436681,"ssp5","caliculate"
"1349",66.4249988735037,0,0,0,1152,1152,0,0,0,0,100,"ssp5","caliculate"
"1350",66.4749988726557,0,0,0,1174,1174,0,0,0,0,100,"ssp5","caliculate"
"1351",66.5249988718078,0,0,0,1191,1191,0,0,0,0,100,"ssp5","caliculate"
"1352",66.5749988709598,0,1,0,1186,1187,1,0,0.08424599831508,0,99.9157540016849,"ssp5","caliculate"
"1353",66.6249988701119,0,1,0,1179,1180,1,0,0.0847457627118644,0,99.9152542372881,"ssp5","caliculate"
"1354",66.674998869264,0,1,0,1177,1178,1,0,0.0848896434634974,0,99.9151103565365,"ssp5","caliculate"
"1355",66.724998868416,0,3,0,1156,1159,3,0,0.258843830888697,0,99.7411561691113,"ssp5","caliculate"
"1356",66.7749988675681,0,3,0,1158,1161,3,0,0.258397932816538,0,99.7416020671835,"ssp5","caliculate"
"1357",66.8249988667201,0,2,0,1162,1164,2,0,0.171821305841924,0,99.8281786941581,"ssp5","caliculate"
"1358",66.8749988658722,0,2,0,1158,1160,2,0,0.172413793103448,0,99.8275862068966,"ssp5","caliculate"
"1359",66.9249988650242,0,3,0,1144,1147,3,0,0.2615518744551,0,99.7384481255449,"ssp5","caliculate"
"1360",66.9749988641763,0,2,0,1143,1145,2,0,0.174672489082969,0,99.825327510917,"ssp5","caliculate"
"1361",67.0249988633283,0,0,0,1148,1148,0,0,0,0,100,"ssp5","caliculate"
"1362",67.0749988624804,0,4,0,1147,1151,4,0,0.347523892267593,0,99.6524761077324,"ssp5","caliculate"
"1363",67.1249988616324,0,10,0,1127,1137,10,0,0.879507475813544,0,99.1204925241865,"ssp5","caliculate"
"1364",67.1749988607845,0,12,0,1120,1132,12,0,1.06007067137809,0,98.9399293286219,"ssp5","caliculate"
"1365",67.2249988599365,0,0,0,1143,1143,0,0,0,0,100,"ssp5","caliculate"
"1366",67.2749988590886,0,0,0,1136,1136,0,0,0,0,100,"ssp5","caliculate"
"1367",67.3249988582406,0,0,0,1139,1139,0,0,0,0,100,"ssp5","caliculate"
"1368",67.3749988573927,0,3,0,1138,1141,3,0,0.262927256792287,0,99.7370727432077,"ssp5","caliculate"
"1369",67.4249988565448,0,1,0,1139,1140,1,0,0.087719298245614,0,99.9122807017544,"ssp5","caliculate"
"1370",67.4749988556968,0,14,0,1132,1146,14,0,1.2216404886562,0,98.7783595113438,"ssp5","caliculate"
"1371",67.5249988548489,0,10,0,1142,1152,10,0,0.868055555555556,0,99.1319444444444,"ssp5","caliculate"
"1372",67.5749988540009,0,6,0,1144,1150,6,0,0.521739130434783,0,99.4782608695652,"ssp5","caliculate"
"1373",67.624998853153,0,9,0,1147,1156,9,0,0.778546712802768,0,99.2214532871972,"ssp5","caliculate"
"1374",67.674998852305,0,11,0,1142,1153,11,0,0.954032957502168,0,99.0459670424978,"ssp5","caliculate"
"1375",67.7249988514571,0,12,0,1135,1147,12,0,1.0462074978204,0,98.9537925021796,"ssp5","caliculate"
"1376",67.7749988506091,0,11,0,1145,1156,11,0,0.951557093425606,0,99.0484429065744,"ssp5","caliculate"
"1377",67.8249988497612,0,11,0,1139,1150,11,0,0.956521739130435,0,99.0434782608696,"ssp5","caliculate"
"1378",67.8749988489133,0,14,0,1133,1147,14,0,1.2205754141238,0,98.7794245858762,"ssp5","caliculate"
"1379",67.9249988480653,0,11,0,1144,1155,11,0,0.952380952380952,0,99.0476190476191,"ssp5","caliculate"
"1380",67.9749988472173,0,17,0,1152,1169,17,0,1.45423438836612,0,98.5457656116339,"ssp5","caliculate"
"1381",68.0249988463694,0,16,0,1150,1166,16,0,1.37221269296741,0,98.6277873070326,"ssp5","caliculate"
"1382",68.0749988455215,0,10,0,1160,1170,10,0,0.854700854700855,0,99.1452991452991,"ssp5","caliculate"
"1383",68.1249988446735,0,10,0,1146,1156,10,0,0.865051903114187,0,99.1349480968858,"ssp5","caliculate"
"1384",68.1749988438256,0,5,0,1156,1161,5,0,0.430663221360896,0,99.5693367786391,"ssp5","caliculate"
"1385",68.2249988429776,0,1,0,1155,1156,1,0,0.0865051903114187,0,99.9134948096886,"ssp5","caliculate"
"1386",68.2749988421297,0,0,0,1157,1157,0,0,0,0,100,"ssp5","caliculate"
"1387",68.3249988412817,0,0,0,1152,1152,0,0,0,0,100,"ssp5","caliculate"
"1388",68.3749988404338,0,0,0,1144,1144,0,0,0,0,100,"ssp5","caliculate"
"1389",68.4249988395858,0,0,0,1130,1130,0,0,0,0,100,"ssp5","caliculate"
"1390",68.4749988387379,0,0,0,1132,1132,0,0,0,0,100,"ssp5","caliculate"
"1391",68.52499883789,0,0,0,1126,1126,0,0,0,0,100,"ssp5","caliculate"
"1392",68.574998837042,0,0,0,1155,1155,0,0,0,0,100,"ssp5","caliculate"
"1393",68.6249988361941,0,0,0,1146,1146,0,0,0,0,100,"ssp5","caliculate"
"1394",68.6749988353461,0,0,0,1147,1147,0,0,0,0,100,"ssp5","caliculate"
"1395",68.7249988344982,0,0,0,1160,1160,0,0,0,0,100,"ssp5","caliculate"
"1396",68.7749988336502,0,0,0,1162,1162,0,0,0,0,100,"ssp5","caliculate"
"1397",68.8249988328023,0,0,0,1171,1171,0,0,0,0,100,"ssp5","caliculate"
"1398",68.8749988319543,0,0,0,1181,1181,0,0,0,0,100,"ssp5","caliculate"
"1399",68.9249988311064,0,0,0,1186,1186,0,0,0,0,100,"ssp5","caliculate"
"1400",68.9749988302584,0,0,0,1195,1195,0,0,0,0,100,"ssp5","caliculate"
"1401",69.0249988294105,0,0,0,1195,1195,0,0,0,0,100,"ssp5","caliculate"
"1402",69.0749988285625,0,0,0,1206,1206,0,0,0,0,100,"ssp5","caliculate"
"1403",69.1249988277146,0,0,0,1213,1213,0,0,0,0,100,"ssp5","caliculate"
"1404",69.1749988268667,0,0,0,1235,1235,0,0,0,0,100,"ssp5","caliculate"
"1405",69.2249988260187,0,0,0,1231,1231,0,0,0,0,100,"ssp5","caliculate"
"1406",69.2749988251708,0,0,0,1225,1225,0,0,0,0,100,"ssp5","caliculate"
"1407",69.3249988243228,0,0,0,1231,1231,0,0,0,0,100,"ssp5","caliculate"
"1408",69.3749988234749,0,0,0,1214,1214,0,0,0,0,100,"ssp5","caliculate"
"1409",69.4249988226269,0,0,0,1224,1224,0,0,0,0,100,"ssp5","caliculate"
"1410",69.474998821779,0,0,0,1242,1242,0,0,0,0,100,"ssp5","caliculate"
"1411",69.524998820931,0,0,0,1239,1239,0,0,0,0,100,"ssp5","caliculate"
"1412",69.5749988200831,0,0,0,1214,1214,0,0,0,0,100,"ssp5","caliculate"
"1413",69.6249988192351,0,0,0,1205,1205,0,0,0,0,100,"ssp5","caliculate"
"1414",69.6749988183872,0,0,0,1197,1197,0,0,0,0,100,"ssp5","caliculate"
"1415",69.7249988175392,0,0,0,1209,1209,0,0,0,0,100,"ssp5","caliculate"
"1416",69.7749988166913,0,0,0,1235,1235,0,0,0,0,100,"ssp5","caliculate"
"1417",69.8249988158433,0,0,0,1263,1263,0,0,0,0,100,"ssp5","caliculate"
"1418",69.8749988149954,0,0,0,1286,1286,0,0,0,0,100,"ssp5","caliculate"
"1419",69.9249988141475,0,0,0,1304,1304,0,0,0,0,100,"ssp5","caliculate"
"1420",69.9749988132995,0,0,0,1321,1321,0,0,0,0,100,"ssp5","caliculate"
"1421",70.0249988124516,0,0,0,1330,1330,0,0,0,0,100,"ssp5","caliculate"
"1422",70.0749988116036,0,0,0,1315,1315,0,0,0,0,100,"ssp5","caliculate"
"1423",70.1249988107557,0,0,0,1323,1323,0,0,0,0,100,"ssp5","caliculate"
"1424",70.1749988099077,0,0,0,1315,1315,0,0,0,0,100,"ssp5","caliculate"
"1425",70.2249988090598,0,0,0,1350,1350,0,0,0,0,100,"ssp5","caliculate"
"1426",70.2749988082118,0,0,0,1373,1373,0,0,0,0,100,"ssp5","caliculate"
"1427",70.3249988073639,0,0,0,1384,1384,0,0,0,0,100,"ssp5","caliculate"
"1428",70.3749988065159,0,0,0,1405,1405,0,0,0,0,100,"ssp5","caliculate"
"1429",70.424998805668,0,0,0,1408,1408,0,0,0,0,100,"ssp5","caliculate"
"1430",70.47499880482,0,0,0,1412,1412,0,0,0,0,100,"ssp5","caliculate"
"1431",70.5249988039721,0,0,0,1403,1403,0,0,0,0,100,"ssp5","caliculate"
"1432",70.5749988031242,0,0,0,1393,1393,0,0,0,0,100,"ssp5","caliculate"
"1433",70.6249988022762,0,3,0,1383,1386,3,0,0.216450216450216,0,99.7835497835498,"ssp5","caliculate"
"1434",70.6749988014283,0,4,0,1389,1393,4,0,0.287150035893754,0,99.7128499641062,"ssp5","caliculate"
"1435",70.7249988005803,0,1,0,1414,1415,1,0,0.0706713780918728,0,99.9293286219081,"ssp5","caliculate"
"1436",70.7749987997324,0,2,0,1465,1467,2,0,0.136332651670075,0,99.8636673483299,"ssp5","caliculate"
"1437",70.8249987988844,0,2,0,1475,1477,2,0,0.1354096140826,0,99.8645903859174,"ssp5","caliculate"
"1438",70.8749987980365,0,3,0,1486,1489,3,0,0.201477501678979,0,99.798522498321,"ssp5","caliculate"
"1439",70.9249987971885,0,2,0,1492,1494,2,0,0.133868808567604,0,99.8661311914324,"ssp5","caliculate"
"1440",70.9749987963406,0,9,0,1489,1498,9,0,0.600801068090788,0,99.3991989319092,"ssp5","caliculate"
"1441",71.0249987954926,0,4,0,1489,1493,4,0,0.267916945746818,0,99.7320830542532,"ssp5","caliculate"
"1442",71.0749987946447,0,4,0,1495,1499,4,0,0.266844563042028,0,99.733155436958,"ssp5","caliculate"
"1443",71.1249987937967,0,1,0,1498,1499,1,0,0.066711140760507,0,99.9332888592395,"ssp5","caliculate"
"1444",71.1749987929488,0,0,0,1492,1492,0,0,0,0,100,"ssp5","caliculate"
"1445",71.2249987921009,0,0,0,1495,1495,0,0,0,0,100,"ssp5","caliculate"
"1446",71.2749987912529,0,0,0,1497,1497,0,0,0,0,100,"ssp5","caliculate"
"1447",71.324998790405,0,0,0,1486,1486,0,0,0,0,100,"ssp5","caliculate"
"1448",71.374998789557,0,0,0,1490,1490,0,0,0,0,100,"ssp5","caliculate"
"1449",71.4249987887091,0,0,0,1466,1466,0,0,0,0,100,"ssp5","caliculate"
"1450",71.4749987878611,0,0,0,1468,1468,0,0,0,0,100,"ssp5","caliculate"
"1451",71.5249987870132,0,0,0,1480,1480,0,0,0,0,100,"ssp5","caliculate"
"1452",71.5749987861652,0,0,0,1466,1466,0,0,0,0,100,"ssp5","caliculate"
"1453",71.6249987853173,0,0,0,1463,1463,0,0,0,0,100,"ssp5","caliculate"
"1454",71.6749987844694,0,0,0,1457,1457,0,0,0,0,100,"ssp5","caliculate"
"1455",71.7249987836214,0,0,0,1445,1445,0,0,0,0,100,"ssp5","caliculate"
"1456",71.7749987827735,0,0,0,1453,1453,0,0,0,0,100,"ssp5","caliculate"
"1457",71.8249987819255,0,2,0,1455,1457,2,0,0.137268359643102,0,99.8627316403569,"ssp5","caliculate"
"1458",71.8749987810776,0,0,0,1446,1446,0,0,0,0,100,"ssp5","caliculate"
"1459",71.9249987802296,0,0,0,1457,1457,0,0,0,0,100,"ssp5","caliculate"
"1460",71.9749987793817,0,0,0,1455,1455,0,0,0,0,100,"ssp5","caliculate"
"1461",72.0249987785337,0,0,0,1457,1457,0,0,0,0,100,"ssp5","caliculate"
"1462",72.0749987776858,0,0,0,1458,1458,0,0,0,0,100,"ssp5","caliculate"
"1463",72.1249987768378,0,0,0,1461,1461,0,0,0,0,100,"ssp5","caliculate"
"1464",72.1749987759899,0,0,0,1456,1456,0,0,0,0,100,"ssp5","caliculate"
"1465",72.2249987751419,0,0,0,1457,1457,0,0,0,0,100,"ssp5","caliculate"
"1466",72.274998774294,0,0,0,1460,1460,0,0,0,0,100,"ssp5","caliculate"
"1467",72.3249987734461,0,0,0,1470,1470,0,0,0,0,100,"ssp5","caliculate"
"1468",72.3749987725981,0,0,0,1479,1479,0,0,0,0,100,"ssp5","caliculate"
"1469",72.4249987717502,0,0,0,1484,1484,0,0,0,0,100,"ssp5","caliculate"
"1470",72.4749987709022,0,0,0,1443,1443,0,0,0,0,100,"ssp5","caliculate"
"1471",72.5249987700543,0,0,0,1448,1448,0,0,0,0,100,"ssp5","caliculate"
"1472",72.5749987692063,0,0,0,1445,1445,0,0,0,0,100,"ssp5","caliculate"
"1473",72.6249987683584,0,0,0,1450,1450,0,0,0,0,100,"ssp5","caliculate"
"1474",72.6749987675104,0,0,0,1445,1445,0,0,0,0,100,"ssp5","caliculate"
"1475",72.7249987666625,0,0,0,1444,1444,0,0,0,0,100,"ssp5","caliculate"
"1476",72.7749987658145,0,0,0,1460,1460,0,0,0,0,100,"ssp5","caliculate"
"1477",72.8249987649666,0,0,0,1471,1471,0,0,0,0,100,"ssp5","caliculate"
"1478",72.8749987641186,0,0,0,1471,1471,0,0,0,0,100,"ssp5","caliculate"
"1479",72.9249987632707,0,0,0,1459,1459,0,0,0,0,100,"ssp5","caliculate"
"1480",72.9749987624228,0,0,0,1450,1450,0,0,0,0,100,"ssp5","caliculate"
"1481",73.0249987615748,0,0,0,1460,1460,0,0,0,0,100,"ssp5","caliculate"
"1482",73.0749987607269,0,0,0,1463,1463,0,0,0,0,100,"ssp5","caliculate"
"1483",73.1249987598789,0,0,0,1467,1467,0,0,0,0,100,"ssp5","caliculate"
"1484",73.174998759031,0,0,0,1463,1463,0,0,0,0,100,"ssp5","caliculate"
"1485",73.224998758183,0,0,0,1479,1479,0,0,0,0,100,"ssp5","caliculate"
"1486",73.2749987573351,0,0,0,1459,1459,0,0,0,0,100,"ssp5","caliculate"
"1487",73.3249987564871,0,0,0,1450,1450,0,0,0,0,100,"ssp5","caliculate"
"1488",73.3749987556392,0,0,0,1442,1442,0,0,0,0,100,"ssp5","caliculate"
"1489",73.4249987547912,0,0,0,1454,1454,0,0,0,0,100,"ssp5","caliculate"
"1490",73.4749987539433,0,0,0,1426,1426,0,0,0,0,100,"ssp5","caliculate"
"1491",73.5249987530953,0,0,0,1412,1412,0,0,0,0,100,"ssp5","caliculate"
"1492",73.5749987522474,0,0,0,1402,1402,0,0,0,0,100,"ssp5","caliculate"
"1493",73.6249987513994,0,0,0,1392,1392,0,0,0,0,100,"ssp5","caliculate"
"1494",73.6749987505515,0,0,0,1391,1391,0,0,0,0,100,"ssp5","caliculate"
"1495",73.7249987497036,0,0,0,1410,1410,0,0,0,0,100,"ssp5","caliculate"
"1496",73.7749987488556,0,0,0,1398,1398,0,0,0,0,100,"ssp5","caliculate"
"1497",73.8249987480077,0,0,0,1380,1380,0,0,0,0,100,"ssp5","caliculate"
"1498",73.8749987471597,0,0,0,1381,1381,0,0,0,0,100,"ssp5","caliculate"
"1499",73.9249987463118,0,0,0,1397,1397,0,0,0,0,100,"ssp5","caliculate"
"1500",73.9749987454638,0,0,0,1405,1405,0,0,0,0,100,"ssp5","caliculate"
"1501",74.0249987446159,0,0,0,1413,1413,0,0,0,0,100,"ssp5","caliculate"
"1502",74.0749987437679,0,0,0,1423,1423,0,0,0,0,100,"ssp5","caliculate"
"1503",74.12499874292,0,0,0,1399,1399,0,0,0,0,100,"ssp5","caliculate"
"1504",74.174998742072,0,0,0,1378,1378,0,0,0,0,100,"ssp5","caliculate"
"1505",74.2249987412241,0,0,0,1377,1377,0,0,0,0,100,"ssp5","caliculate"
"1506",74.2749987403761,0,0,0,1372,1372,0,0,0,0,100,"ssp5","caliculate"
"1507",74.3249987395282,0,0,0,1361,1361,0,0,0,0,100,"ssp5","caliculate"
"1508",74.3749987386803,0,0,0,1361,1361,0,0,0,0,100,"ssp5","caliculate"
"1509",74.4249987378323,0,0,0,1345,1345,0,0,0,0,100,"ssp5","caliculate"
"1510",74.4749987369844,0,0,0,1339,1339,0,0,0,0,100,"ssp5","caliculate"
"1511",74.5249987361364,0,0,0,1353,1353,0,0,0,0,100,"ssp5","caliculate"
"1512",74.5749987352885,0,0,0,1343,1343,0,0,0,0,100,"ssp5","caliculate"
"1513",74.6249987344405,0,0,0,1353,1353,0,0,0,0,100,"ssp5","caliculate"
"1514",74.6749987335926,0,0,0,1377,1377,0,0,0,0,100,"ssp5","caliculate"
"1515",74.7249987327446,0,0,0,1368,1368,0,0,0,0,100,"ssp5","caliculate"
"1516",74.7749987318967,0,0,0,1368,1368,0,0,0,0,100,"ssp5","caliculate"
"1517",74.8249987310488,0,0,0,1363,1363,0,0,0,0,100,"ssp5","caliculate"
"1518",74.8749987302008,0,0,0,1358,1358,0,0,0,0,100,"ssp5","caliculate"
"1519",74.9249987293529,0,0,0,1357,1357,0,0,0,0,100,"ssp5","caliculate"
"1520",74.9749987285049,0,0,0,1348,1348,0,0,0,0,100,"ssp5","caliculate"
"1521",75.024998727657,0,0,0,1323,1323,0,0,0,0,100,"ssp5","caliculate"
"1522",75.074998726809,0,0,0,1331,1331,0,0,0,0,100,"ssp5","caliculate"
"1523",75.1249987259611,0,0,0,1335,1335,0,0,0,0,100,"ssp5","caliculate"
"1524",75.1749987251131,0,0,0,1328,1328,0,0,0,0,100,"ssp5","caliculate"
"1525",75.2249987242652,0,0,0,1335,1335,0,0,0,0,100,"ssp5","caliculate"
"1526",75.2749987234172,0,0,0,1327,1327,0,0,0,0,100,"ssp5","caliculate"
"1527",75.3249987225693,0,0,0,1314,1314,0,0,0,0,100,"ssp5","caliculate"
"1528",75.3749987217213,0,0,0,1318,1318,0,0,0,0,100,"ssp5","caliculate"
"1529",75.4249987208734,0,0,0,1324,1324,0,0,0,0,100,"ssp5","caliculate"
"1530",75.4749987200255,0,0,0,1327,1327,0,0,0,0,100,"ssp5","caliculate"
"1531",75.5249987191775,0,0,0,1327,1327,0,0,0,0,100,"ssp5","caliculate"
"1532",75.5749987183296,0,0,0,1325,1325,0,0,0,0,100,"ssp5","caliculate"
"1533",75.6249987174816,0,0,0,1327,1327,0,0,0,0,100,"ssp5","caliculate"
"1534",75.6749987166337,0,0,0,1321,1321,0,0,0,0,100,"ssp5","caliculate"
"1535",75.7249987157857,0,0,0,1316,1316,0,0,0,0,100,"ssp5","caliculate"
"1536",75.7749987149378,0,0,0,1309,1309,0,0,0,0,100,"ssp5","caliculate"
"1537",75.8249987140898,0,0,0,1305,1305,0,0,0,0,100,"ssp5","caliculate"
"1538",75.8749987132419,0,0,0,1304,1304,0,0,0,0,100,"ssp5","caliculate"
"1539",75.9249987123939,0,0,0,1305,1305,0,0,0,0,100,"ssp5","caliculate"
"1540",75.974998711546,0,0,0,1302,1302,0,0,0,0,100,"ssp5","caliculate"
"1541",76.024998710698,0,0,0,1300,1300,0,0,0,0,100,"ssp5","caliculate"
"1542",76.0749987098501,0,0,0,1291,1291,0,0,0,0,100,"ssp5","caliculate"
"1543",76.1249987090021,0,0,0,1291,1291,0,0,0,0,100,"ssp5","caliculate"
"1544",76.1749987081542,0,0,0,1292,1292,0,0,0,0,100,"ssp5","caliculate"
"1545",76.2249987073063,0,0,0,1305,1305,0,0,0,0,100,"ssp5","caliculate"
"1546",76.2749987064583,0,0,0,1317,1317,0,0,0,0,100,"ssp5","caliculate"
"1547",76.3249987056104,0,0,0,1315,1315,0,0,0,0,100,"ssp5","caliculate"
"1548",76.3749987047624,0,0,0,1324,1324,0,0,0,0,100,"ssp5","caliculate"
"1549",76.4249987039145,0,0,0,1327,1327,0,0,0,0,100,"ssp5","caliculate"
"1550",76.4749987030665,0,0,0,1318,1318,0,0,0,0,100,"ssp5","caliculate"
"1551",76.5249987022186,0,0,0,1323,1323,0,0,0,0,100,"ssp5","caliculate"
"1552",76.5749987013706,0,0,0,1316,1316,0,0,0,0,100,"ssp5","caliculate"
"1553",76.6249987005227,0,0,0,1315,1315,0,0,0,0,100,"ssp5","caliculate"
"1554",76.6749986996747,0,0,0,1316,1316,0,0,0,0,100,"ssp5","caliculate"
"1555",76.7249986988268,0,0,0,1307,1307,0,0,0,0,100,"ssp5","caliculate"
"1556",76.7749986979788,0,0,0,1302,1302,0,0,0,0,100,"ssp5","caliculate"
"1557",76.8249986971309,0,0,0,1278,1278,0,0,0,0,100,"ssp5","caliculate"
"1558",76.874998696283,0,0,0,1254,1254,0,0,0,0,100,"ssp5","caliculate"
"1559",76.924998695435,0,0,0,1242,1242,0,0,0,0,100,"ssp5","caliculate"
"1560",76.9749986945871,0,0,0,1239,1239,0,0,0,0,100,"ssp5","caliculate"
"1561",77.0249986937391,0,0,0,1228,1228,0,0,0,0,100,"ssp5","caliculate"
"1562",77.0749986928912,0,0,0,1222,1222,0,0,0,0,100,"ssp5","caliculate"
"1563",77.1249986920432,0,0,0,1218,1218,0,0,0,0,100,"ssp5","caliculate"
"1564",77.1749986911953,0,0,0,1211,1211,0,0,0,0,100,"ssp5","caliculate"
"1565",77.2249986903473,0,0,0,1209,1209,0,0,0,0,100,"ssp5","caliculate"
"1566",77.2749986894994,0,0,0,1207,1207,0,0,0,0,100,"ssp5","caliculate"
"1567",77.3249986886514,0,0,0,1218,1218,0,0,0,0,100,"ssp5","caliculate"
"1568",77.3749986878035,0,0,0,1231,1231,0,0,0,0,100,"ssp5","caliculate"
"1569",77.4249986869555,0,0,0,1218,1218,0,0,0,0,100,"ssp5","caliculate"
"1570",77.4749986861076,0,0,0,1206,1206,0,0,0,0,100,"ssp5","caliculate"
"1571",77.5249986852597,0,0,0,1187,1187,0,0,0,0,100,"ssp5","caliculate"
"1572",77.5749986844117,0,0,0,1205,1205,0,0,0,0,100,"ssp5","caliculate"
"1573",77.6249986835638,0,0,0,1172,1172,0,0,0,0,100,"ssp5","caliculate"
"1574",77.6749986827158,0,0,0,1158,1158,0,0,0,0,100,"ssp5","caliculate"
"1575",77.7249986818679,0,0,0,1171,1171,0,0,0,0,100,"ssp5","caliculate"
"1576",77.7749986810199,0,0,0,1169,1169,0,0,0,0,100,"ssp5","caliculate"
"1577",77.824998680172,0,0,0,1170,1170,0,0,0,0,100,"ssp5","caliculate"
"1578",77.874998679324,0,0,0,1158,1158,0,0,0,0,100,"ssp5","caliculate"
"1579",77.9249986784761,0,0,0,1169,1169,0,0,0,0,100,"ssp5","caliculate"
"1580",77.9749986776282,0,0,0,1184,1184,0,0,0,0,100,"ssp5","caliculate"
"1581",78.0249986767802,0,0,0,1186,1186,0,0,0,0,100,"ssp5","caliculate"
"1582",78.0749986759322,0,0,0,1170,1170,0,0,0,0,100,"ssp5","caliculate"
"1583",78.1249986750843,0,0,0,1187,1187,0,0,0,0,100,"ssp5","caliculate"
"1584",78.1749986742364,0,0,0,1211,1211,0,0,0,0,100,"ssp5","caliculate"
"1585",78.2249986733884,0,0,0,1200,1200,0,0,0,0,100,"ssp5","caliculate"
"1586",78.2749986725405,0,0,0,1192,1192,0,0,0,0,100,"ssp5","caliculate"
"1587",78.3249986716925,0,0,0,1189,1189,0,0,0,0,100,"ssp5","caliculate"
"1588",78.3749986708446,0,0,0,1208,1208,0,0,0,0,100,"ssp5","caliculate"
"1589",78.4249986699966,0,0,0,1187,1187,0,0,0,0,100,"ssp5","caliculate"
"1590",78.4749986691487,0,0,0,1176,1176,0,0,0,0,100,"ssp5","caliculate"
"1591",78.5249986683007,0,0,0,1188,1188,0,0,0,0,100,"ssp5","caliculate"
"1592",78.5749986674528,0,0,0,1172,1172,0,0,0,0,100,"ssp5","caliculate"
"1593",78.6249986666049,0,0,0,1162,1162,0,0,0,0,100,"ssp5","caliculate"
"1594",78.6749986657569,0,0,0,1144,1144,0,0,0,0,100,"ssp5","caliculate"
"1595",78.724998664909,0,0,0,1102,1102,0,0,0,0,100,"ssp5","caliculate"
"1596",78.774998664061,0,0,0,1100,1100,0,0,0,0,100,"ssp5","caliculate"
"1597",78.8249986632131,0,0,0,1101,1101,0,0,0,0,100,"ssp5","caliculate"
"1598",78.8749986623651,0,0,0,1100,1100,0,0,0,0,100,"ssp5","caliculate"
"1599",78.9249986615172,0,0,0,1136,1136,0,0,0,0,100,"ssp5","caliculate"
"1600",78.9749986606692,0,0,0,1151,1151,0,0,0,0,100,"ssp5","caliculate"
"1601",79.0249986598213,0,0,0,1135,1135,0,0,0,0,100,"ssp5","caliculate"
"1602",79.0749986589733,0,0,0,1118,1118,0,0,0,0,100,"ssp5","caliculate"
"1603",79.1249986581254,0,0,0,1127,1127,0,0,0,0,100,"ssp5","caliculate"
"1604",79.1749986572774,0,0,0,1139,1139,0,0,0,0,100,"ssp5","caliculate"
"1605",79.2249986564295,0,0,0,1123,1123,0,0,0,0,100,"ssp5","caliculate"
"1606",79.2749986555816,0,0,0,1116,1116,0,0,0,0,100,"ssp5","caliculate"
"1607",79.3249986547336,0,0,0,1114,1114,0,0,0,0,100,"ssp5","caliculate"
"1608",79.3749986538857,0,0,0,1063,1063,0,0,0,0,100,"ssp5","caliculate"
"1609",79.4249986530377,0,0,0,1044,1044,0,0,0,0,100,"ssp5","caliculate"
"1610",79.4749986521898,0,0,0,1043,1043,0,0,0,0,100,"ssp5","caliculate"
"1611",79.5249986513418,0,0,0,1037,1037,0,0,0,0,100,"ssp5","caliculate"
"1612",79.5749986504939,0,0,0,1050,1050,0,0,0,0,100,"ssp5","caliculate"
"1613",79.6249986496459,0,0,0,1072,1072,0,0,0,0,100,"ssp5","caliculate"
"1614",79.674998648798,0,0,0,1066,1066,0,0,0,0,100,"ssp5","caliculate"
"1615",79.72499864795,0,0,0,1074,1074,0,0,0,0,100,"ssp5","caliculate"
"1616",79.7749986471021,0,0,0,1036,1036,0,0,0,0,100,"ssp5","caliculate"
"1617",79.8249986462541,0,0,0,1021,1021,0,0,0,0,100,"ssp5","caliculate"
"1618",79.8749986454062,0,0,0,1051,1051,0,0,0,0,100,"ssp5","caliculate"
"1619",79.9249986445582,0,0,0,1054,1054,0,0,0,0,100,"ssp5","caliculate"
"1620",79.9749986437103,0,0,0,1074,1074,0,0,0,0,100,"ssp5","caliculate"
"1621",80.0249986428624,0,0,0,1089,1089,0,0,0,0,100,"ssp5","caliculate"
"1622",80.0749986420144,0,0,0,1090,1090,0,0,0,0,100,"ssp5","caliculate"
"1623",80.1249986411665,0,0,0,1091,1091,0,0,0,0,100,"ssp5","caliculate"
"1624",80.1749986403185,0,0,0,1100,1100,0,0,0,0,100,"ssp5","caliculate"
"1625",80.2249986394706,0,0,0,1127,1127,0,0,0,0,100,"ssp5","caliculate"
"1626",80.2749986386226,0,0,0,1139,1139,0,0,0,0,100,"ssp5","caliculate"
"1627",80.3249986377747,0,0,0,1162,1162,0,0,0,0,100,"ssp5","caliculate"
"1628",80.3749986369267,0,0,0,1189,1189,0,0,0,0,100,"ssp5","caliculate"
"1629",80.4249986360788,0,0,0,1191,1191,0,0,0,0,100,"ssp5","caliculate"
"1630",80.4749986352308,0,0,0,1216,1216,0,0,0,0,100,"ssp5","caliculate"
"1631",80.5249986343829,0,0,0,1255,1255,0,0,0,0,100,"ssp5","caliculate"
"1632",80.5749986335349,0,0,0,1256,1256,0,0,0,0,100,"ssp5","caliculate"
"1633",80.624998632687,0,0,0,1234,1234,0,0,0,0,100,"ssp5","caliculate"
"1634",80.6749986318391,0,0,0,1212,1212,0,0,0,0,100,"ssp5","caliculate"
"1635",80.7249986309911,0,0,0,1210,1210,0,0,0,0,100,"ssp5","caliculate"
"1636",80.7749986301432,0,0,0,1185,1185,0,0,0,0,100,"ssp5","caliculate"
"1637",80.8249986292952,0,0,0,1190,1190,0,0,0,0,100,"ssp5","caliculate"
"1638",80.8749986284473,0,0,0,1194,1194,0,0,0,0,100,"ssp5","caliculate"
"1639",80.9249986275993,0,0,0,1202,1202,0,0,0,0,100,"ssp5","caliculate"
"1640",80.9749986267514,0,0,0,1189,1189,0,0,0,0,100,"ssp5","caliculate"
"1641",81.0249986259034,0,0,0,1176,1176,0,0,0,0,100,"ssp5","caliculate"
"1642",81.0749986250555,0,0,0,1176,1176,0,0,0,0,100,"ssp5","caliculate"
"1643",81.1249986242075,0,0,0,1167,1167,0,0,0,0,100,"ssp5","caliculate"
"1644",81.1749986233596,0,0,0,1166,1166,0,0,0,0,100,"ssp5","caliculate"
"1645",81.2249986225116,0,0,0,1164,1164,0,0,0,0,100,"ssp5","caliculate"
"1646",81.2749986216637,0,0,0,1161,1161,0,0,0,0,100,"ssp5","caliculate"
"1647",81.3249986208158,0,0,0,1151,1151,0,0,0,0,100,"ssp5","caliculate"
"1648",81.3749986199678,0,0,0,1156,1156,0,0,0,0,100,"ssp5","caliculate"
"1649",81.4249986191199,0,0,0,1195,1195,0,0,0,0,100,"ssp5","caliculate"
"1650",81.4749986182719,0,0,0,1231,1231,0,0,0,0,100,"ssp5","caliculate"
"1651",81.524998617424,0,0,0,1241,1241,0,0,0,0,100,"ssp5","caliculate"
"1652",81.574998616576,0,0,0,1239,1239,0,0,0,0,100,"ssp5","caliculate"
"1653",81.6249986157281,0,0,0,1288,1288,0,0,0,0,100,"ssp5","caliculate"
"1654",81.6749986148801,0,0,0,1310,1310,0,0,0,0,100,"ssp5","caliculate"
"1655",81.7249986140322,0,0,0,1347,1347,0,0,0,0,100,"ssp5","caliculate"
"1656",81.7749986131843,0,0,0,1387,1387,0,0,0,0,100,"ssp5","caliculate"
"1657",81.8249986123363,0,0,0,1422,1422,0,0,0,0,100,"ssp5","caliculate"
"1658",81.8749986114884,0,0,0,1459,1459,0,0,0,0,100,"ssp5","caliculate"
"1659",81.9249986106404,0,0,0,1456,1456,0,0,0,0,100,"ssp5","caliculate"
"1660",81.9749986097925,0,0,0,1449,1449,0,0,0,0,100,"ssp5","caliculate"
"1661",82.0249986089445,0,0,0,1517,1517,0,0,0,0,100,"ssp5","caliculate"
"1662",82.0749986080966,0,0,0,1565,1565,0,0,0,0,100,"ssp5","caliculate"
"1663",82.1249986072486,0,0,0,1594,1594,0,0,0,0,100,"ssp5","caliculate"
"1664",82.1749986064007,0,0,0,1556,1556,0,0,0,0,100,"ssp5","caliculate"
"1665",82.2249986055527,0,0,0,1534,1534,0,0,0,0,100,"ssp5","caliculate"
"1666",82.2749986047048,0,0,0,1546,1546,0,0,0,0,100,"ssp5","caliculate"
"1667",82.3249986038568,0,0,0,1541,1541,0,0,0,0,100,"ssp5","caliculate"
"1668",82.3749986030089,0,0,0,1534,1534,0,0,0,0,100,"ssp5","caliculate"
"1669",82.424998602161,0,0,0,1538,1538,0,0,0,0,100,"ssp5","caliculate"
"1670",82.474998601313,0,0,0,1568,1568,0,0,0,0,100,"ssp5","caliculate"
"1671",82.5249986004651,0,0,0,1569,1569,0,0,0,0,100,"ssp5","caliculate"
"1672",82.5749985996171,0,0,0,1568,1568,0,0,0,0,100,"ssp5","caliculate"
"1673",82.6249985987692,0,0,0,1601,1601,0,0,0,0,100,"ssp5","caliculate"
"1674",82.6749985979212,0,0,0,1598,1598,0,0,0,0,100,"ssp5","caliculate"
"1675",82.7249985970733,0,0,0,1652,1652,0,0,0,0,100,"ssp5","caliculate"
"1676",82.7749985962253,0,0,0,1648,1648,0,0,0,0,100,"ssp5","caliculate"
"1677",82.8249985953774,0,0,0,1581,1581,0,0,0,0,100,"ssp5","caliculate"
"1678",82.8749985945294,0,0,0,1608,1608,0,0,0,0,100,"ssp5","caliculate"
"1679",82.9249985936815,0,0,0,1652,1652,0,0,0,0,100,"ssp5","caliculate"
"1680",82.9749985928335,0,0,0,1660,1660,0,0,0,0,100,"ssp5","caliculate"
