"","y","loss","gain","stable","absent","total_cells","total_present","percent_loss","percent_gain","percent_stable","percent_absent","ssp","morphotype"
"1",41.0249993042603,3,0,6,1349,1358,9,0.220913107511046,0,0.441826215022091,99.3372606774669,"ssp2","flabellate"
"2",41.0749993034123,4,0,5,1366,1375,9,0.290909090909091,0,0.363636363636364,99.3454545454545,"ssp2","flabellate"
"3",41.1249993025644,3,0,7,1390,1400,10,0.214285714285714,0,0.5,99.2857142857143,"ssp2","flabellate"
"4",41.1749993017164,3,0,5,1423,1431,8,0.209643605870021,0,0.349406009783368,99.4409503843466,"ssp2","flabellate"
"5",41.2249993008685,5,0,3,1433,1441,8,0.346981263011797,0,0.208188757807078,99.4448299791811,"ssp2","flabellate"
"6",41.2749993000205,3,0,3,1441,1447,6,0.207325501036628,0,0.207325501036628,99.5853489979267,"ssp2","flabellate"
"7",41.3249992991726,5,0,2,1444,1451,7,0.344589937973811,0,0.137835975189524,99.5175740868367,"ssp2","flabellate"
"8",41.3749992983247,4,0,4,1459,1467,8,0.27266530334015,0,0.27266530334015,99.4546693933197,"ssp2","flabellate"
"9",41.4249992974767,3,0,4,1463,1470,7,0.204081632653061,0,0.272108843537415,99.5238095238095,"ssp2","flabellate"
"10",41.4749992966288,6,0,3,1463,1472,9,0.407608695652174,0,0.203804347826087,99.3885869565217,"ssp2","flabellate"
"11",41.5249992957808,4,0,4,1464,1472,8,0.271739130434783,0,0.271739130434783,99.4565217391304,"ssp2","flabellate"
"12",41.5749992949329,4,0,3,1463,1470,7,0.272108843537415,0,0.204081632653061,99.5238095238095,"ssp2","flabellate"
"13",41.6249992940849,3,0,3,1466,1472,6,0.203804347826087,0,0.203804347826087,99.5923913043478,"ssp2","flabellate"
"14",41.674999293237,3,0,4,1473,1480,7,0.202702702702703,0,0.27027027027027,99.527027027027,"ssp2","flabellate"
"15",41.724999292389,2,0,5,1476,1483,7,0.134861766689144,0,0.337154416722859,99.527983816588,"ssp2","flabellate"
"16",41.7749992915411,1,0,5,1475,1481,6,0.0675219446320054,0,0.337609723160027,99.594868332208,"ssp2","flabellate"
"17",41.8249992906931,1,0,7,1475,1483,8,0.0674308833445718,0,0.472016183412003,99.4605529332434,"ssp2","flabellate"
"18",41.8749992898452,1,0,7,1476,1484,8,0.0673854447439353,0,0.471698113207547,99.4609164420485,"ssp2","flabellate"
"19",41.9249992889972,4,0,6,1484,1494,10,0.267737617135207,0,0.401606425702811,99.330655957162,"ssp2","flabellate"
"20",41.9749992881493,3,0,6,1510,1519,9,0.197498354180382,0,0.394996708360764,99.4075049374589,"ssp2","flabellate"
"21",42.0249992873013,5,0,5,1526,1536,10,0.325520833333333,0,0.325520833333333,99.3489583333333,"ssp2","flabellate"
"22",42.0749992864534,6,0,5,1527,1538,11,0.390117035110533,0,0.325097529258778,99.2847854356307,"ssp2","flabellate"
"23",42.1249992856055,9,0,4,1525,1538,13,0.5851755526658,0,0.260078023407022,99.1547464239272,"ssp2","flabellate"
"24",42.1749992847575,8,0,4,1526,1538,12,0.520156046814044,0,0.260078023407022,99.2197659297789,"ssp2","flabellate"
"25",42.2249992839096,7,0,4,1530,1541,11,0.45425048669695,0,0.259571706683971,99.2861778066191,"ssp2","flabellate"
"26",42.2749992830616,16,0,4,1520,1540,20,1.03896103896104,0,0.25974025974026,98.7012987012987,"ssp2","flabellate"
"27",42.3249992822137,18,0,7,1505,1530,25,1.17647058823529,0,0.457516339869281,98.3660130718954,"ssp2","flabellate"
"28",42.3749992813657,20,0,5,1509,1534,25,1.30378096479791,0,0.325945241199478,98.3702737940026,"ssp2","flabellate"
"29",42.4249992805178,14,0,4,1510,1528,18,0.916230366492147,0,0.261780104712042,98.8219895287958,"ssp2","flabellate"
"30",42.4749992796698,25,0,1,1506,1532,26,1.63185378590078,0,0.0652741514360313,98.3028720626632,"ssp2","flabellate"
"31",42.5249992788219,34,0,2,1495,1531,36,2.22077073807969,0,0.130633572828217,97.6485956890921,"ssp2","flabellate"
"32",42.5749992779739,31,1,2,1491,1525,34,2.0327868852459,0.0655737704918033,0.131147540983607,97.7704918032787,"ssp2","flabellate"
"33",42.624999277126,36,0,3,1489,1528,39,2.35602094240838,0,0.196335078534031,97.4476439790576,"ssp2","flabellate"
"34",42.6749992762781,33,0,5,1489,1527,38,2.16110019646365,0,0.327439423706614,97.5114603798297,"ssp2","flabellate"
"35",42.7249992754301,33,0,3,1482,1518,36,2.17391304347826,0,0.197628458498024,97.6284584980237,"ssp2","flabellate"
"36",42.7749992745822,28,0,3,1477,1508,31,1.85676392572944,0,0.19893899204244,97.9442970822281,"ssp2","flabellate"
"37",42.8249992737342,22,0,6,1475,1503,28,1.46373918829009,0,0.399201596806387,98.1370592149035,"ssp2","flabellate"
"38",42.8749992728863,14,0,3,1487,1504,17,0.930851063829787,0,0.199468085106383,98.8696808510638,"ssp2","flabellate"
"39",42.9249992720383,19,3,0,1471,1493,22,1.27260549229739,0.200937709310114,0,98.5264567983925,"ssp2","flabellate"
"40",42.9749992711904,11,3,2,1474,1490,16,0.738255033557047,0.201342281879195,0.134228187919463,98.9261744966443,"ssp2","flabellate"
"41",43.0249992703424,13,4,7,1468,1492,24,0.871313672922252,0.268096514745308,0.46916890080429,98.3914209115281,"ssp2","flabellate"
"42",43.0749992694945,10,5,9,1464,1488,24,0.672043010752688,0.336021505376344,0.604838709677419,98.3870967741936,"ssp2","flabellate"
"43",43.1249992686465,18,10,5,1432,1465,33,1.22866894197952,0.68259385665529,0.341296928327645,97.7474402730375,"ssp2","flabellate"
"44",43.1749992677986,21,4,3,1425,1453,28,1.44528561596696,0.275292498279422,0.206469373709566,98.072952512044,"ssp2","flabellate"
"45",43.2249992669506,21,2,6,1421,1450,29,1.44827586206897,0.137931034482759,0.413793103448276,98,"ssp2","flabellate"
"46",43.2749992661027,24,2,6,1407,1439,32,1.66782487838777,0.138985406532314,0.416956219596942,97.776233495483,"ssp2","flabellate"
"47",43.3249992652548,27,2,5,1416,1450,34,1.86206896551724,0.137931034482759,0.344827586206897,97.6551724137931,"ssp2","flabellate"
"48",43.3749992644068,33,1,13,1397,1444,47,2.28531855955679,0.0692520775623269,0.900277008310249,96.7451523545706,"ssp2","flabellate"
"49",43.4249992635589,33,1,27,1399,1460,61,2.26027397260274,0.0684931506849315,1.84931506849315,95.8219178082192,"ssp2","flabellate"
"50",43.4749992627109,36,0,35,1385,1456,71,2.47252747252747,0,2.40384615384615,95.1236263736264,"ssp2","flabellate"
"51",43.524999261863,35,0,25,1397,1457,60,2.40219629375429,0,1.71585449553878,95.8819492107069,"ssp2","flabellate"
"52",43.574999261015,19,3,30,1424,1476,52,1.28726287262873,0.203252032520325,2.03252032520325,96.4769647696477,"ssp2","flabellate"
"53",43.6249992601671,20,0,42,1426,1488,62,1.34408602150538,0,2.82258064516129,95.8333333333333,"ssp2","flabellate"
"54",43.6749992593191,19,2,55,1415,1491,76,1.27431254191818,0.134138162307176,3.68879946344735,94.9027498323273,"ssp2","flabellate"
"55",43.7249992584712,10,1,55,1429,1495,66,0.668896321070234,0.0668896321070234,3.67892976588629,95.5852842809364,"ssp2","flabellate"
"56",43.7749992576232,13,1,57,1421,1492,71,0.871313672922252,0.0670241286863271,3.82037533512064,95.2412868632708,"ssp2","flabellate"
"57",43.8249992567753,7,0,68,1413,1488,75,0.470430107526882,0,4.56989247311828,94.9596774193548,"ssp2","flabellate"
"58",43.8749992559273,14,0,45,1423,1482,59,0.944669365721997,0,3.03643724696356,96.0188933873144,"ssp2","flabellate"
"59",43.9249992550794,10,0,33,1433,1476,43,0.677506775067751,0,2.23577235772358,97.0867208672087,"ssp2","flabellate"
"60",43.9749992542315,11,0,26,1440,1477,37,0.744752877454299,0,1.7603249830738,97.4949221394719,"ssp2","flabellate"
"61",44.0249992533835,12,0,23,1437,1472,35,0.815217391304348,0,1.5625,97.6222826086957,"ssp2","flabellate"
"62",44.0749992525356,15,0,5,1445,1465,20,1.02389078498294,0,0.341296928327645,98.6348122866894,"ssp2","flabellate"
"63",44.1249992516876,3,0,0,1462,1465,3,0.204778156996587,0,0,99.7952218430034,"ssp2","flabellate"
"64",44.1749992508397,2,0,0,1456,1458,2,0.137174211248285,0,0,99.8628257887517,"ssp2","flabellate"
"65",44.2249992499917,2,0,3,1449,1454,5,0.137551581843191,0,0.206327372764787,99.656121045392,"ssp2","flabellate"
"66",44.2749992491438,2,0,6,1445,1453,8,0.137646249139711,0,0.412938747419133,99.4494150034412,"ssp2","flabellate"
"67",44.3249992482958,2,0,5,1435,1442,7,0.13869625520111,0,0.346740638002774,99.5145631067961,"ssp2","flabellate"
"68",44.3749992474479,2,0,7,1424,1433,9,0.139567341242149,0,0.488485694347523,99.3719469644103,"ssp2","flabellate"
"69",44.4249992465999,1,1,4,1403,1409,6,0.07097232079489,0.07097232079489,0.28388928317956,99.5741660752307,"ssp2","flabellate"
"70",44.474999245752,2,0,3,1402,1407,5,0.142146410803127,0,0.213219616204691,99.6446339729922,"ssp2","flabellate"
"71",44.5249992449041,4,0,2,1390,1396,6,0.286532951289398,0,0.143266475644699,99.5702005730659,"ssp2","flabellate"
"72",44.5749992440561,4,0,0,1385,1389,4,0.287976961843053,0,0,99.7120230381569,"ssp2","flabellate"
"73",44.6249992432082,2,0,0,1388,1390,2,0.143884892086331,0,0,99.8561151079137,"ssp2","flabellate"
"74",44.6749992423602,0,0,0,1384,1384,0,0,0,0,100,"ssp2","flabellate"
"75",44.7249992415123,1,0,0,1376,1377,1,0.0726216412490922,0,0,99.9273783587509,"ssp2","flabellate"
"76",44.7749992406643,1,0,0,1366,1367,1,0.0731528895391368,0,0,99.9268471104609,"ssp2","flabellate"
"77",44.8249992398164,0,0,0,1347,1347,0,0,0,0,100,"ssp2","flabellate"
"78",44.8749992389684,0,0,0,1341,1341,0,0,0,0,100,"ssp2","flabellate"
"79",44.9249992381205,1,0,0,1335,1336,1,0.0748502994011976,0,0,99.9251497005988,"ssp2","flabellate"
"80",44.9749992372725,1,0,3,1324,1328,4,0.0753012048192771,0,0.225903614457831,99.6987951807229,"ssp2","flabellate"
"81",45.0249992364246,0,0,6,1316,1322,6,0,0,0.453857791225416,99.5461422087746,"ssp2","flabellate"
"82",45.0749992355766,2,0,4,1301,1307,6,0.153022188217291,0,0.306044376434583,99.5409334353481,"ssp2","flabellate"
"83",45.1249992347287,2,0,6,1284,1292,8,0.154798761609907,0,0.464396284829721,99.3808049535604,"ssp2","flabellate"
"84",45.1749992338807,1,0,9,1277,1287,10,0.0777000777000777,0,0.699300699300699,99.2229992229992,"ssp2","flabellate"
"85",45.2249992330328,1,0,12,1271,1284,13,0.0778816199376947,0,0.934579439252336,98.98753894081,"ssp2","flabellate"
"86",45.2749992321849,2,0,11,1275,1288,13,0.15527950310559,0,0.854037267080745,98.9906832298137,"ssp2","flabellate"
"87",45.3249992313369,5,0,6,1274,1285,11,0.389105058365759,0,0.466926070038911,99.1439688715953,"ssp2","flabellate"
"88",45.374999230489,3,0,3,1278,1284,6,0.233644859813084,0,0.233644859813084,99.5327102803738,"ssp2","flabellate"
"89",45.424999229641,2,0,5,1282,1289,7,0.155159038013964,0,0.387897595034911,99.4569433669511,"ssp2","flabellate"
"90",45.4749992287931,2,0,5,1296,1303,7,0.153491941673062,0,0.383729854182655,99.4627782041443,"ssp2","flabellate"
"91",45.5249992279451,3,1,3,1299,1306,7,0.229709035222052,0.0765696784073507,0.229709035222052,99.4640122511485,"ssp2","flabellate"
"92",45.5749992270972,2,0,7,1301,1310,9,0.152671755725191,0,0.534351145038168,99.3129770992366,"ssp2","flabellate"
"93",45.6249992262492,4,2,4,1297,1307,10,0.306044376434583,0.153022188217291,0.306044376434583,99.2348890589135,"ssp2","flabellate"
"94",45.6749992254013,4,0,7,1292,1303,11,0.306983883346124,0,0.537221795855718,99.1557943207982,"ssp2","flabellate"
"95",45.7249992245533,4,0,9,1286,1299,13,0.307929176289453,0,0.69284064665127,98.9992301770593,"ssp2","flabellate"
"96",45.7749992237054,5,0,7,1291,1303,12,0.383729854182655,0,0.537221795855718,99.0790483499616,"ssp2","flabellate"
"97",45.8249992228574,3,0,10,1290,1303,13,0.230237912509593,0,0.767459708365311,99.0023023791251,"ssp2","flabellate"
"98",45.8749992220095,1,0,10,1299,1310,11,0.0763358778625954,0,0.763358778625954,99.1603053435114,"ssp2","flabellate"
"99",45.9249992211616,6,0,6,1297,1309,12,0.458365164247517,0,0.458365164247517,99.083269671505,"ssp2","flabellate"
"100",45.9749992203136,6,0,5,1295,1306,11,0.459418070444104,0,0.382848392036753,99.1577335375191,"ssp2","flabellate"
"101",46.0249992194657,4,0,10,1289,1303,14,0.306983883346124,0,0.767459708365311,98.9255564082886,"ssp2","flabellate"
"102",46.0749992186177,3,0,10,1294,1307,13,0.229533282325937,0,0.765110941086458,99.0053557765876,"ssp2","flabellate"
"103",46.1249992177698,5,1,12,1272,1290,18,0.387596899224806,0.0775193798449612,0.930232558139535,98.6046511627907,"ssp2","flabellate"
"104",46.1749992169218,3,0,8,1267,1278,11,0.234741784037559,0,0.625978090766823,99.1392801251956,"ssp2","flabellate"
"105",46.2249992160739,6,0,8,1260,1274,14,0.470957613814757,0,0.627943485086342,98.9010989010989,"ssp2","flabellate"
"106",46.2749992152259,3,0,9,1253,1265,12,0.237154150197628,0,0.711462450592885,99.0513833992095,"ssp2","flabellate"
"107",46.324999214378,1,0,12,1243,1256,13,0.0796178343949045,0,0.955414012738854,98.9649681528662,"ssp2","flabellate"
"108",46.37499921353,6,0,13,1231,1250,19,0.48,0,1.04,98.48,"ssp2","flabellate"
"109",46.4249992126821,4,0,19,1219,1242,23,0.322061191626409,0,1.52979066022544,98.1481481481482,"ssp2","flabellate"
"110",46.4749992118342,2,0,19,1211,1232,21,0.162337662337662,0,1.54220779220779,98.2954545454545,"ssp2","flabellate"
"111",46.5249992109862,5,0,13,1215,1233,18,0.40551500405515,0,1.05433901054339,98.5401459854015,"ssp2","flabellate"
"112",46.5749992101383,8,0,11,1213,1232,19,0.649350649350649,0,0.892857142857143,98.4577922077922,"ssp2","flabellate"
"113",46.6249992092903,7,0,17,1187,1211,24,0.578034682080925,0,1.4037985136251,98.018166804294,"ssp2","flabellate"
"114",46.6749992084424,7,0,17,1172,1196,24,0.585284280936455,0,1.42140468227425,97.9933110367893,"ssp2","flabellate"
"115",46.7249992075944,7,0,9,1175,1191,16,0.587741393786734,0,0.755667506297229,98.656591099916,"ssp2","flabellate"
"116",46.7749992067465,8,0,17,1157,1182,25,0.676818950930626,0,1.43824027072758,97.8849407783418,"ssp2","flabellate"
"117",46.8249992058985,9,0,25,1134,1168,34,0.770547945205479,0,2.14041095890411,97.0890410958904,"ssp2","flabellate"
"118",46.8749992050506,9,0,31,1128,1168,40,0.770547945205479,0,2.6541095890411,96.5753424657534,"ssp2","flabellate"
"119",46.9249992042026,5,0,27,1124,1156,32,0.432525951557093,0,2.3356401384083,97.2318339100346,"ssp2","flabellate"
"120",46.9749992033547,6,0,25,1122,1153,31,0.520381613183001,0,2.16825672159584,97.3113616652212,"ssp2","flabellate"
"121",47.0249992025067,4,0,19,1131,1154,23,0.346620450606586,0,1.64644714038128,98.0069324090121,"ssp2","flabellate"
"122",47.0749992016588,9,0,24,1122,1155,33,0.779220779220779,0,2.07792207792208,97.1428571428571,"ssp2","flabellate"
"123",47.1249992008109,2,0,26,1117,1145,28,0.174672489082969,0,2.2707423580786,97.5545851528384,"ssp2","flabellate"
"124",47.1749991999629,2,0,23,1110,1135,25,0.176211453744493,0,2.02643171806167,97.7973568281938,"ssp2","flabellate"
"125",47.224999199115,3,0,21,1107,1131,24,0.26525198938992,0,1.85676392572944,97.8779840848806,"ssp2","flabellate"
"126",47.274999198267,4,1,17,1101,1123,22,0.356188780053428,0.0890471950133571,1.51380231522707,98.0409617097061,"ssp2","flabellate"
"127",47.3249991974191,4,0,23,1089,1116,27,0.3584229390681,0,2.06093189964158,97.5806451612903,"ssp2","flabellate"
"128",47.3749991965711,5,0,25,1080,1110,30,0.45045045045045,0,2.25225225225225,97.2972972972973,"ssp2","flabellate"
"129",47.4249991957232,5,1,26,1081,1113,32,0.449236298292902,0.0898472596585804,2.33602875112309,97.1248876909254,"ssp2","flabellate"
"130",47.4749991948752,14,1,20,1072,1107,35,1.2646793134598,0.0903342366757001,1.806684733514,96.8383017163505,"ssp2","flabellate"
"131",47.5249991940273,7,0,25,1073,1105,32,0.633484162895928,0,2.26244343891403,97.10407239819,"ssp2","flabellate"
"132",47.5749991931793,7,1,33,1059,1100,41,0.636363636363636,0.0909090909090909,3,96.2727272727273,"ssp2","flabellate"
"133",47.6249991923314,3,2,42,1008,1055,47,0.28436018957346,0.18957345971564,3.98104265402844,95.5450236966825,"ssp2","flabellate"
"134",47.6749991914835,4,1,38,990,1033,43,0.387221684414327,0.0968054211035818,3.67860600193611,95.837366892546,"ssp2","flabellate"
"135",47.7249991906355,9,6,38,972,1025,53,0.878048780487805,0.585365853658537,3.70731707317073,94.8292682926829,"ssp2","flabellate"
"136",47.7749991897876,6,1,33,974,1014,40,0.591715976331361,0.0986193293885602,3.25443786982249,96.0552268244576,"ssp2","flabellate"
"137",47.8249991889396,3,1,39,959,1002,43,0.29940119760479,0.0998003992015968,3.89221556886228,95.7085828343313,"ssp2","flabellate"
"138",47.8749991880917,7,7,37,947,998,51,0.701402805611222,0.701402805611222,3.70741482965932,94.8897795591182,"ssp2","flabellate"
"139",47.9249991872437,9,3,36,944,992,48,0.907258064516129,0.30241935483871,3.62903225806452,95.1612903225807,"ssp2","flabellate"
"140",47.9749991863958,7,3,39,942,991,49,0.70635721493441,0.302724520686176,3.93541876892028,95.0554994954591,"ssp2","flabellate"
"141",48.0249991855478,3,3,39,946,991,45,0.302724520686176,0.302724520686176,3.93541876892028,95.4591321897074,"ssp2","flabellate"
"142",48.0749991846999,3,0,42,952,997,45,0.300902708124373,0,4.21263791374122,95.4864593781344,"ssp2","flabellate"
"143",48.1249991838519,5,1,42,955,1003,48,0.498504486540379,0.0997008973080758,4.18743768693918,95.2143569292124,"ssp2","flabellate"
"144",48.174999183004,8,0,38,960,1006,46,0.795228628230616,0,3.77733598409543,95.427435387674,"ssp2","flabellate"
"145",48.224999182156,8,1,48,948,1005,57,0.796019900497512,0.099502487562189,4.77611940298508,94.3283582089552,"ssp2","flabellate"
"146",48.2749991813081,3,0,58,940,1001,61,0.2997002997003,0,5.79420579420579,93.9060939060939,"ssp2","flabellate"
"147",48.3249991804601,6,1,55,940,1002,62,0.598802395209581,0.0998003992015968,5.48902195608782,93.812375249501,"ssp2","flabellate"
"148",48.3749991796122,7,0,53,938,998,60,0.701402805611222,0,5.31062124248497,93.9879759519038,"ssp2","flabellate"
"149",48.4249991787643,10,1,48,937,996,59,1.00401606425703,0.100401606425703,4.81927710843374,94.0763052208835,"ssp2","flabellate"
"150",48.4749991779163,8,0,52,936,996,60,0.803212851405622,0,5.22088353413655,93.9759036144578,"ssp2","flabellate"
"151",48.5249991770684,9,2,49,933,993,60,0.906344410876133,0.201409869083585,4.93454179254783,93.9577039274924,"ssp2","flabellate"
"152",48.5749991762204,16,0,46,940,1002,62,1.59680638722555,0,4.59081836327345,93.812375249501,"ssp2","flabellate"
"153",48.6249991753725,10,1,46,966,1023,57,0.977517106549365,0.0977517106549365,4.49657869012708,94.4281524926686,"ssp2","flabellate"
"154",48.6749991745245,15,0,42,985,1042,57,1.43953934740883,0,4.03071017274472,94.5297504798465,"ssp2","flabellate"
"155",48.7249991736766,17,2,56,987,1062,75,1.60075329566855,0.188323917137476,5.27306967984934,92.9378531073446,"ssp2","flabellate"
"156",48.7749991728286,16,2,60,985,1063,78,1.50517403574788,0.188146754468485,5.64440263405456,92.6622765757291,"ssp2","flabellate"
"157",48.8249991719807,20,0,60,988,1068,80,1.87265917602996,0,5.61797752808989,92.5093632958801,"ssp2","flabellate"
"158",48.8749991711327,20,3,58,995,1076,81,1.85873605947955,0.278810408921933,5.39033457249071,92.4721189591078,"ssp2","flabellate"
"159",48.9249991702848,16,0,69,991,1076,85,1.48698884758364,0,6.41263940520446,92.1003717472119,"ssp2","flabellate"
"160",48.9749991694368,11,1,64,1001,1077,76,1.0213556174559,0.0928505106778087,5.94243268337976,92.9433611884865,"ssp2","flabellate"
"161",49.0249991685889,5,1,68,1002,1076,74,0.464684014869888,0.0929368029739777,6.31970260223048,93.1226765799256,"ssp2","flabellate"
"162",49.074999167741,10,6,70,987,1073,86,0.931966449207828,0.559179869524697,6.5237651444548,91.9850885368127,"ssp2","flabellate"
"163",49.124999166893,3,2,79,995,1079,84,0.278035217794254,0.185356811862836,7.32159406858202,92.2150139017609,"ssp2","flabellate"
"164",49.1749991660451,6,3,66,1001,1076,75,0.557620817843866,0.278810408921933,6.13382899628253,93.0297397769517,"ssp2","flabellate"
"165",49.2249991651971,10,4,61,995,1070,75,0.934579439252336,0.373831775700935,5.70093457943925,92.9906542056075,"ssp2","flabellate"
"166",49.2749991643492,9,5,61,999,1074,75,0.837988826815642,0.465549348230912,5.67970204841713,93.0167597765363,"ssp2","flabellate"
"167",49.3249991635012,10,7,57,1017,1091,74,0.916590284142988,0.641613198900092,5.22456461961503,93.2172318973419,"ssp2","flabellate"
"168",49.3749991626533,10,6,63,1032,1111,79,0.9000900090009,0.54005400540054,5.67056705670567,92.8892889288929,"ssp2","flabellate"
"169",49.4249991618053,9,5,61,1044,1119,75,0.804289544235925,0.446827524575514,5.45129579982127,93.2975871313673,"ssp2","flabellate"
"170",49.4749991609574,10,4,59,1062,1135,73,0.881057268722467,0.352422907488987,5.19823788546256,93.568281938326,"ssp2","flabellate"
"171",49.5249991601094,9,6,58,1066,1139,73,0.790166812993854,0.526777875329236,5.09218612818262,93.5908691834943,"ssp2","flabellate"
"172",49.5749991592615,6,5,65,1064,1140,76,0.526315789473684,0.43859649122807,5.70175438596491,93.3333333333333,"ssp2","flabellate"
"173",49.6249991584136,4,2,74,1062,1142,80,0.350262697022767,0.175131348511384,6.47985989492119,92.9947460595447,"ssp2","flabellate"
"174",49.6749991575656,9,2,62,1076,1149,73,0.783289817232376,0.174064403829417,5.39599651871192,93.6466492602263,"ssp2","flabellate"
"175",49.7249991567177,8,1,50,1105,1164,59,0.687285223367698,0.0859106529209622,4.29553264604811,94.9312714776632,"ssp2","flabellate"
"176",49.7749991558697,11,1,37,1122,1171,49,0.939368061485909,0.085397096498719,3.1596925704526,95.8155422715628,"ssp2","flabellate"
"177",49.8249991550218,8,0,19,1145,1172,27,0.68259385665529,0,1.62116040955631,97.6962457337884,"ssp2","flabellate"
"178",49.8749991541738,15,3,24,1136,1178,42,1.27334465195246,0.254668930390492,2.03735144312394,96.4346349745331,"ssp2","flabellate"
"179",49.9249991533259,13,3,25,1142,1183,41,1.0989010989011,0.253592561284869,2.11327134404057,96.5342349957735,"ssp2","flabellate"
"180",49.9749991524779,9,5,24,1153,1191,38,0.755667506297229,0.419815281276238,2.01511335012594,96.8094038623006,"ssp2","flabellate"
"181",50.02499915163,7,2,20,1168,1197,29,0.584795321637427,0.167084377610693,1.67084377610693,97.5772765246449,"ssp2","flabellate"
"182",50.074999150782,7,1,20,1169,1197,28,0.584795321637427,0.0835421888053467,1.67084377610693,97.6608187134503,"ssp2","flabellate"
"183",50.1249991499341,10,2,24,1159,1195,36,0.836820083682008,0.167364016736402,2.00836820083682,96.9874476987448,"ssp2","flabellate"
"184",50.1749991490861,11,1,24,1161,1197,36,0.918964076858814,0.0835421888053467,2.00501253132832,96.9924812030075,"ssp2","flabellate"
"185",50.2249991482382,7,2,31,1156,1196,40,0.585284280936455,0.167224080267559,2.59197324414716,96.6555183946488,"ssp2","flabellate"
"186",50.2749991473903,8,1,54,1130,1193,63,0.670578373847443,0.0838222967309304,4.52640402347024,94.7191953059514,"ssp2","flabellate"
"187",50.3249991465423,8,2,39,1135,1184,49,0.675675675675676,0.168918918918919,3.29391891891892,95.8614864864865,"ssp2","flabellate"
"188",50.3749991456944,21,1,34,1117,1173,56,1.79028132992327,0.0852514919011083,2.89855072463768,95.2259164535379,"ssp2","flabellate"
"189",50.4249991448464,11,2,59,1103,1175,72,0.936170212765957,0.170212765957447,5.02127659574468,93.8723404255319,"ssp2","flabellate"
"190",50.4749991439985,19,0,47,1103,1169,66,1.62532078699743,0,4.02053036783576,94.3541488451668,"ssp2","flabellate"
"191",50.5249991431505,9,0,58,1102,1169,67,0.76988879384089,0,4.96150556030796,94.2686056458512,"ssp2","flabellate"
"192",50.5749991423026,13,0,67,1089,1169,80,1.11206159110351,0,5.73139435414885,93.1565440547476,"ssp2","flabellate"
"193",50.6249991414546,3,0,76,1075,1154,79,0.259965337954939,0,6.58578856152513,93.1542461005199,"ssp2","flabellate"
"194",50.6749991406067,4,0,77,1060,1141,81,0.35056967572305,0,6.74846625766871,92.9009640666082,"ssp2","flabellate"
"195",50.7249991397587,8,1,59,1061,1129,68,0.70859167404783,0.0885739592559787,5.22586359610275,93.9769707705935,"ssp2","flabellate"
"196",50.7749991389108,6,0,57,1055,1118,63,0.536672629695885,0,5.09838998211091,94.3649373881932,"ssp2","flabellate"
"197",50.8249991380629,5,2,41,1048,1096,48,0.456204379562044,0.182481751824818,3.74087591240876,95.6204379562044,"ssp2","flabellate"
"198",50.8749991372149,3,0,32,1053,1088,35,0.275735294117647,0,2.94117647058824,96.7830882352941,"ssp2","flabellate"
"199",50.924999136367,9,1,28,1044,1082,38,0.831792975970425,0.0924214417744917,2.58780036968577,96.4879852125693,"ssp2","flabellate"
"200",50.974999135519,5,0,35,1042,1082,40,0.462107208872458,0,3.23475046210721,96.3031423290203,"ssp2","flabellate"
"201",51.0249991346711,6,1,51,1034,1092,58,0.549450549450549,0.0915750915750916,4.67032967032967,94.6886446886447,"ssp2","flabellate"
"202",51.0749991338231,5,2,43,1044,1094,50,0.457038391224863,0.182815356489945,3.93053016453382,95.4296160877514,"ssp2","flabellate"
"203",51.1249991329752,5,0,46,1041,1092,51,0.457875457875458,0,4.21245421245421,95.3296703296703,"ssp2","flabellate"
"204",51.1749991321272,6,0,48,1039,1093,54,0.548947849954254,0,4.39158279963404,95.0594693504117,"ssp2","flabellate"
"205",51.2249991312793,9,2,46,1060,1117,57,0.805729632945389,0.17905102954342,4.11817367949866,94.8970456580125,"ssp2","flabellate"
"206",51.2749991304313,11,0,44,1071,1126,55,0.976909413854352,0,3.90763765541741,95.1154529307282,"ssp2","flabellate"
"207",51.3249991295834,12,0,42,1068,1122,54,1.06951871657754,0,3.74331550802139,95.1871657754011,"ssp2","flabellate"
"208",51.3749991287354,20,0,47,1062,1129,67,1.77147918511958,0,4.162976085031,94.0655447298494,"ssp2","flabellate"
"209",51.4249991278875,10,0,63,1054,1127,73,0.887311446317657,0,5.59006211180124,93.5226264418811,"ssp2","flabellate"
"210",51.4749991270396,17,1,49,1050,1117,67,1.52193375111907,0.0895255147717099,4.38675022381379,94.0017905102954,"ssp2","flabellate"
"211",51.5249991261916,14,1,55,1035,1105,70,1.26696832579186,0.0904977375565611,4.97737556561086,93.6651583710407,"ssp2","flabellate"
"212",51.5749991253437,12,3,53,1018,1086,68,1.10497237569061,0.276243093922652,4.88029465930018,93.7384898710866,"ssp2","flabellate"
"213",51.6249991244957,21,4,56,1004,1085,81,1.93548387096774,0.368663594470046,5.16129032258065,92.5345622119816,"ssp2","flabellate"
"214",51.6749991236478,13,1,58,997,1069,72,1.21608980355472,0.0935453695042095,5.42563143124415,93.2647333956969,"ssp2","flabellate"
"215",51.7249991227998,16,0,53,985,1054,69,1.5180265654649,0,5.02846299810247,93.4535104364326,"ssp2","flabellate"
"216",51.7749991219519,12,0,53,983,1048,65,1.14503816793893,0,5.05725190839695,93.7977099236641,"ssp2","flabellate"
"217",51.8249991211039,8,1,54,969,1032,63,0.775193798449612,0.0968992248062016,5.23255813953488,93.8953488372093,"ssp2","flabellate"
"218",51.874999120256,8,0,52,961,1021,60,0.783545543584721,0,5.09304603330069,94.1234084231146,"ssp2","flabellate"
"219",51.924999119408,10,0,53,956,1019,63,0.98135426889107,0,5.20117762512267,93.8174681059863,"ssp2","flabellate"
"220",51.9749991185601,11,0,41,965,1017,52,1.08161258603736,0,4.031465093412,94.8869223205506,"ssp2","flabellate"
"221",52.0249991177121,12,0,47,962,1021,59,1.17531831537708,0,4.60333006856024,94.2213516160627,"ssp2","flabellate"
"222",52.0749991168642,8,1,55,964,1028,64,0.778210116731518,0.0972762645914397,5.35019455252918,93.7743190661479,"ssp2","flabellate"
"223",52.1249991160163,4,1,62,952,1019,67,0.392541707556428,0.098135426889107,6.08439646712463,93.4249263984298,"ssp2","flabellate"
"224",52.1749991151683,7,2,54,946,1009,63,0.693756194251734,0.198216055500496,5.35183349851338,93.7561942517344,"ssp2","flabellate"
"225",52.2249991143204,12,0,48,942,1002,60,1.19760479041916,0,4.79041916167665,94.0119760479042,"ssp2","flabellate"
"226",52.2749991134724,10,3,48,955,1016,61,0.984251968503937,0.295275590551181,4.7244094488189,93.996062992126,"ssp2","flabellate"
"227",52.3249991126245,7,1,57,956,1021,65,0.685602350636631,0.0979431929480901,5.58276199804114,93.6336924583741,"ssp2","flabellate"
"228",52.3749991117765,14,1,61,942,1018,76,1.37524557956778,0.0982318271119843,5.99214145383104,92.5343811394892,"ssp2","flabellate"
"229",52.4249991109286,12,3,57,943,1015,72,1.18226600985222,0.295566502463054,5.61576354679803,92.9064039408867,"ssp2","flabellate"
"230",52.4749991100806,8,0,66,948,1022,74,0.782778864970646,0,6.45792563600783,92.7592954990215,"ssp2","flabellate"
"231",52.5249991092327,7,2,63,955,1027,72,0.68159688412853,0.194741966893866,6.13437195715677,92.9892891918208,"ssp2","flabellate"
"232",52.5749991083847,12,3,62,944,1021,77,1.17531831537708,0.29382957884427,6.07247796278159,92.4583741429971,"ssp2","flabellate"
"233",52.6249991075368,5,3,74,938,1020,82,0.490196078431373,0.294117647058824,7.25490196078431,91.9607843137255,"ssp2","flabellate"
"234",52.6749991066888,7,1,68,946,1022,76,0.684931506849315,0.0978473581213307,6.65362035225049,92.5636007827789,"ssp2","flabellate"
"235",52.7249991058409,17,1,68,941,1027,86,1.65530671859786,0.0973709834469328,6.62122687439143,91.6260954235638,"ssp2","flabellate"
"236",52.774999104993,14,1,71,945,1031,86,1.35790494665373,0.0969932104752667,6.88651794374394,91.6585838991271,"ssp2","flabellate"
"237",52.824999104145,10,1,76,943,1030,87,0.970873786407767,0.0970873786407767,7.37864077669903,91.5533980582524,"ssp2","flabellate"
"238",52.8749991032971,8,2,90,931,1031,100,0.775945683802134,0.193986420950533,8.72938894277401,90.3006789524733,"ssp2","flabellate"
"239",52.9249991024491,8,1,101,927,1037,110,0.77145612343298,0.0964320154291225,9.73963355834137,89.3924783027965,"ssp2","flabellate"
"240",52.9749991016012,14,4,104,935,1057,122,1.32450331125828,0.378429517502365,9.8391674550615,88.4578997161779,"ssp2","flabellate"
"241",53.0249991007532,19,2,110,932,1063,131,1.78739416745061,0.188146754468485,10.3480714957667,87.6763875823142,"ssp2","flabellate"
"242",53.0749990999053,16,1,108,935,1060,125,1.50943396226415,0.0943396226415094,10.188679245283,88.2075471698113,"ssp2","flabellate"
"243",53.1249990990573,29,1,112,920,1062,142,2.73069679849341,0.0941619585687382,10.5461393596987,86.6290018832392,"ssp2","flabellate"
"244",53.1749990982094,23,1,133,911,1068,157,2.15355805243446,0.0936329588014981,12.4531835205993,85.2996254681648,"ssp2","flabellate"
"245",53.2249990973614,17,1,139,907,1064,157,1.59774436090226,0.093984962406015,13.0639097744361,85.2443609022556,"ssp2","flabellate"
"246",53.2749990965135,16,0,141,909,1066,157,1.50093808630394,0,13.2270168855535,85.2720450281426,"ssp2","flabellate"
"247",53.3249990956655,12,1,156,918,1087,169,1.10395584176633,0.0919963201471941,14.3514259429623,84.4526218951242,"ssp2","flabellate"
"248",53.3749990948176,14,2,153,915,1084,169,1.29151291512915,0.18450184501845,14.1143911439114,84.409594095941,"ssp2","flabellate"
"249",53.4249990939697,9,7,153,930,1099,169,0.818926296633303,0.636942675159236,13.9217470427661,84.6223839854413,"ssp2","flabellate"
"250",53.4749990931217,27,12,139,939,1117,178,2.41718889883617,1.07430617726052,12.4440465532677,84.0644583706356,"ssp2","flabellate"
"251",53.5249990922738,31,11,144,936,1122,186,2.76292335115865,0.980392156862745,12.8342245989305,83.4224598930481,"ssp2","flabellate"
"252",53.5749990914258,43,8,142,933,1126,193,3.81882770870337,0.710479573712256,12.6110124333925,82.8596802841918,"ssp2","flabellate"
"253",53.6249990905779,37,16,145,955,1153,198,3.20901994796184,1.38768430182134,12.5758889852559,82.827406764961,"ssp2","flabellate"
"254",53.6749990897299,27,17,134,979,1157,178,2.33362143474503,1.46931719965428,11.5816767502161,84.6153846153846,"ssp2","flabellate"
"255",53.724999088882,16,8,138,1008,1170,162,1.36752136752137,0.683760683760684,11.7948717948718,86.1538461538462,"ssp2","flabellate"
"256",53.774999088034,19,5,132,1018,1174,156,1.61839863713799,0.425894378194208,11.2436115843271,86.7120954003407,"ssp2","flabellate"
"257",53.8249990871861,18,10,111,1046,1185,139,1.51898734177215,0.843881856540084,9.36708860759494,88.2700421940928,"ssp2","flabellate"
"258",53.8749990863381,16,9,91,1086,1202,116,1.33111480865225,0.748752079866889,7.57071547420965,90.3494176372712,"ssp2","flabellate"
"259",53.9249990854902,32,6,86,1072,1196,124,2.67558528428094,0.501672240802676,7.19063545150502,89.6321070234114,"ssp2","flabellate"
"260",53.9749990846422,25,8,79,1097,1209,112,2.06782464846981,0.661703887510339,6.5343258891646,90.7361455748553,"ssp2","flabellate"
"261",54.0249990837943,13,7,59,1145,1224,79,1.06209150326797,0.571895424836601,4.8202614379085,93.5457516339869,"ssp2","flabellate"
"262",54.0749990829464,14,10,50,1156,1230,74,1.13821138211382,0.813008130081301,4.0650406504065,93.9837398373984,"ssp2","flabellate"
"263",54.1249990820984,21,4,50,1159,1234,75,1.70178282009724,0.324149108589951,4.05186385737439,93.9222042139384,"ssp2","flabellate"
"264",54.1749990812505,19,3,66,1152,1240,88,1.53225806451613,0.241935483870968,5.32258064516129,92.9032258064516,"ssp2","flabellate"
"265",54.2249990804025,20,0,84,1162,1266,104,1.57977883096366,0,6.63507109004739,91.7851500789889,"ssp2","flabellate"
"266",54.2749990795546,14,3,76,1186,1279,93,1.09460516028147,0.234558248631744,5.94214229867084,92.728694292416,"ssp2","flabellate"
"267",54.3249990787066,18,7,65,1211,1301,90,1.38355111452729,0.5380476556495,4.99615680245965,93.0822444273636,"ssp2","flabellate"
"268",54.3749990778587,15,9,82,1216,1322,106,1.13464447806354,0.680786686838124,6.20272314674735,91.981845688351,"ssp2","flabellate"
"269",54.4249990770107,22,10,75,1225,1332,107,1.65165165165165,0.750750750750751,5.63063063063063,91.966966966967,"ssp2","flabellate"
"270",54.4749990761628,7,16,60,1261,1344,83,0.520833333333333,1.19047619047619,4.46428571428571,93.8244047619048,"ssp2","flabellate"
"271",54.5249990753148,6,15,62,1271,1354,83,0.443131462333826,1.10782865583456,4.57902511078287,93.8700147710487,"ssp2","flabellate"
"272",54.5749990744669,10,21,68,1274,1373,99,0.728332119446468,1.52949745083758,4.95265841223598,92.78951201748,"ssp2","flabellate"
"273",54.624999073619,15,23,62,1283,1383,100,1.08459869848156,1.66305133767173,4.48300795372379,92.7693420101229,"ssp2","flabellate"
"274",54.674999072771,7,23,64,1285,1379,94,0.50761421319797,1.66787527193619,4.64104423495286,93.183466279913,"ssp2","flabellate"
"275",54.7249990719231,4,24,54,1297,1379,82,0.290065264684554,1.74039158810732,3.91588107324148,94.0536620739666,"ssp2","flabellate"
"276",54.7749990710751,9,13,62,1308,1392,84,0.646551724137931,0.933908045977012,4.45402298850575,93.9655172413793,"ssp2","flabellate"
"277",54.8249990702272,9,13,55,1325,1402,77,0.641940085592011,0.927246790299572,3.92296718972896,94.5078459343794,"ssp2","flabellate"
"278",54.8749990693792,10,15,53,1328,1406,78,0.711237553342816,1.06685633001422,3.76955903271693,94.452347083926,"ssp2","flabellate"
"279",54.9249990685313,6,22,58,1330,1416,86,0.423728813559322,1.55367231638418,4.09604519774011,93.9265536723164,"ssp2","flabellate"
"280",54.9749990676833,7,27,44,1358,1436,78,0.487465181058496,1.88022284122563,3.06406685236769,94.5682451253482,"ssp2","flabellate"
"281",55.0249990668354,7,19,52,1364,1442,78,0.485436893203883,1.31761442441054,3.60610263522885,94.5908460471567,"ssp2","flabellate"
"282",55.0749990659874,7,20,52,1368,1447,79,0.483759502418798,1.38217000691085,3.59364201796821,94.5404284727021,"ssp2","flabellate"
"283",55.1249990651395,7,34,51,1354,1446,92,0.484094052558783,2.35131396957123,3.52697095435685,93.6376210235131,"ssp2","flabellate"
"284",55.1749990642915,6,41,54,1363,1464,101,0.409836065573771,2.80054644808743,3.68852459016393,93.1010928961749,"ssp2","flabellate"
"285",55.2249990634436,9,32,67,1363,1471,108,0.611828687967369,2.17539089055065,4.55472467709041,92.6580557443916,"ssp2","flabellate"
"286",55.2749990625957,10,19,81,1373,1483,110,0.674308833445718,1.28118678354686,5.46190155091032,92.5826028320971,"ssp2","flabellate"
"287",55.3249990617477,10,19,91,1366,1486,120,0.672947510094213,1.278600269179,6.12382234185733,91.9246298788694,"ssp2","flabellate"
"288",55.3749990608998,16,18,109,1339,1482,143,1.07962213225371,1.21457489878543,7.35492577597841,90.3508771929825,"ssp2","flabellate"
"289",55.4249990600518,10,23,113,1332,1478,146,0.6765899864682,1.55615696887686,7.64546684709066,90.1217861975643,"ssp2","flabellate"
"290",55.4749990592039,10,14,93,1349,1466,117,0.682128240109141,0.954979536152797,6.34379263301501,92.0190995907231,"ssp2","flabellate"
"291",55.5249990583559,12,16,85,1347,1460,113,0.821917808219178,1.0958904109589,5.82191780821918,92.2602739726027,"ssp2","flabellate"
"292",55.574999057508,10,10,100,1341,1461,120,0.684462696783025,0.684462696783025,6.84462696783025,91.7864476386037,"ssp2","flabellate"
"293",55.62499905666,11,17,87,1343,1458,115,0.754458161865569,1.16598079561043,5.96707818930041,92.1124828532236,"ssp2","flabellate"
"294",55.6749990558121,10,12,92,1349,1463,114,0.683526999316473,0.820232399179768,6.28844839371155,92.2077922077922,"ssp2","flabellate"
"295",55.7249990549641,7,15,76,1362,1460,98,0.479452054794521,1.02739726027397,5.20547945205479,93.2876712328767,"ssp2","flabellate"
"296",55.7749990541162,14,20,88,1342,1464,122,0.956284153005465,1.36612021857923,6.01092896174863,91.6666666666667,"ssp2","flabellate"
"297",55.8249990532682,4,20,98,1337,1459,122,0.274160383824537,1.37080191912269,6.71692940370116,91.6381082933516,"ssp2","flabellate"
"298",55.8749990524203,7,21,110,1324,1462,138,0.478796169630643,1.43638850889193,7.52393980848153,90.5608755129959,"ssp2","flabellate"
"299",55.9249990515723,10,12,120,1323,1465,142,0.68259385665529,0.819112627986348,8.19112627986348,90.3071672354949,"ssp2","flabellate"
"300",55.9749990507244,9,16,108,1342,1475,133,0.610169491525424,1.08474576271186,7.32203389830508,90.9830508474576,"ssp2","flabellate"
"301",56.0249990498765,8,21,127,1322,1478,156,0.54127198917456,1.42083897158322,8.59269282814614,89.4451962110961,"ssp2","flabellate"
"302",56.0749990490285,9,26,112,1333,1480,147,0.608108108108108,1.75675675675676,7.56756756756757,90.0675675675676,"ssp2","flabellate"
"303",56.1249990481806,16,27,116,1323,1482,159,1.07962213225371,1.82186234817814,7.82726045883941,89.2712550607287,"ssp2","flabellate"
"304",56.1749990473326,10,27,121,1300,1458,158,0.685871056241427,1.85185185185185,8.29903978052126,89.1632373113855,"ssp2","flabellate"
"305",56.2249990464847,12,29,126,1279,1446,167,0.829875518672199,2.00553250345781,8.71369294605809,88.4508990318119,"ssp2","flabellate"
"306",56.2749990456367,8,30,118,1283,1439,156,0.555941626129256,2.08478109798471,8.20013898540653,89.1591382904795,"ssp2","flabellate"
"307",56.3249990447888,13,25,105,1286,1429,143,0.909727081875437,1.74947515745276,7.34779566130161,89.9930020993702,"ssp2","flabellate"
"308",56.3749990439408,20,26,124,1259,1429,170,1.39958012596221,1.81945416375087,8.67739678096571,88.1035689293212,"ssp2","flabellate"
"309",56.4249990430929,15,19,135,1257,1426,169,1.05189340813464,1.33239831697055,9.46704067321178,88.148667601683,"ssp2","flabellate"
"310",56.4749990422449,10,22,132,1265,1429,164,0.699790062981106,1.53953813855843,9.2372288313506,88.5234429671099,"ssp2","flabellate"
"311",56.524999041397,13,16,122,1285,1436,151,0.905292479108635,1.1142061281337,8.4958217270195,89.4846796657382,"ssp2","flabellate"
"312",56.5749990405491,11,12,146,1272,1441,169,0.763358778625954,0.832755031228314,10.1318528799445,88.2720333102013,"ssp2","flabellate"
"313",56.6249990397011,16,22,149,1257,1444,187,1.10803324099723,1.52354570637119,10.3185595567867,87.0498614958449,"ssp2","flabellate"
"314",56.6749990388532,11,18,171,1241,1441,200,0.763358778625954,1.24913254684247,11.8667591950035,86.1207494795281,"ssp2","flabellate"
"315",56.7249990380052,12,18,156,1241,1427,186,0.840925017519271,1.26138752627891,10.9320252277505,86.9656622284513,"ssp2","flabellate"
"316",56.7749990371573,14,26,169,1225,1434,209,0.97629009762901,1.81311018131102,11.7852161785216,85.4253835425384,"ssp2","flabellate"
"317",56.8249990363093,6,23,155,1249,1433,184,0.418702023726448,1.60502442428472,10.8164689462666,87.1598046057223,"ssp2","flabellate"
"318",56.8749990354614,4,36,154,1241,1435,194,0.278745644599303,2.50871080139373,10.7317073170732,86.4808362369338,"ssp2","flabellate"
"319",56.9249990346134,2,33,148,1252,1435,183,0.139372822299652,2.29965156794425,10.3135888501742,87.2473867595819,"ssp2","flabellate"
"320",56.9749990337655,2,33,166,1233,1434,201,0.139470013947001,2.30125523012552,11.5760111576011,85.9832635983264,"ssp2","flabellate"
"321",57.0249990329175,10,39,159,1229,1437,208,0.69589422407794,2.71398747390397,11.0647181628392,85.5254001391788,"ssp2","flabellate"
"322",57.0749990320696,8,44,159,1228,1439,211,0.555941626129256,3.05767894371091,11.049339819319,85.3370396108409,"ssp2","flabellate"
"323",57.1249990312216,17,37,169,1224,1447,223,1.17484450587422,2.55701451278507,11.6793365583967,84.588804422944,"ssp2","flabellate"
"324",57.1749990303737,13,33,209,1195,1450,255,0.896551724137931,2.27586206896552,14.4137931034483,82.4137931034483,"ssp2","flabellate"
"325",57.2249990295258,7,36,229,1166,1438,272,0.486787204450626,2.50347705146036,15.9248956884562,81.0848400556328,"ssp2","flabellate"
"326",57.2749990286778,8,37,244,1155,1444,289,0.554016620498615,2.56232686980609,16.8975069252078,79.9861495844875,"ssp2","flabellate"
"327",57.3249990278299,2,49,253,1145,1449,304,0.138026224982747,3.38164251207729,17.4603174603175,79.0200138026225,"ssp2","flabellate"
"328",57.3749990269819,4,42,235,1165,1446,281,0.276625172890733,2.9045643153527,16.2517289073306,80.567081604426,"ssp2","flabellate"
"329",57.424999026134,9,36,259,1134,1438,304,0.62586926286509,2.50347705146036,18.0111265646732,78.8595271210014,"ssp2","flabellate"
"330",57.474999025286,32,34,235,1148,1449,301,2.20841959972395,2.34644582470669,16.2180814354727,79.2270531400966,"ssp2","flabellate"
"331",57.5249990244381,14,26,249,1168,1457,289,0.960878517501716,1.78448867536033,17.0899107755662,80.1647220315717,"ssp2","flabellate"
"332",57.5749990235901,16,35,233,1176,1460,284,1.0958904109589,2.3972602739726,15.958904109589,80.5479452054795,"ssp2","flabellate"
"333",57.6249990227422,22,44,231,1189,1486,297,1.48048452220727,2.96096904441454,15.5450874831763,80.0134589502019,"ssp2","flabellate"
"334",57.6749990218942,16,28,235,1227,1506,279,1.06241699867198,1.85922974767596,15.6042496679947,81.4741035856574,"ssp2","flabellate"
"335",57.7249990210463,17,30,241,1252,1540,288,1.1038961038961,1.94805194805195,15.6493506493506,81.2987012987013,"ssp2","flabellate"
"336",57.7749990201984,2,22,256,1253,1533,280,0.130463144161774,1.43509458577952,16.6992824527071,81.7351598173516,"ssp2","flabellate"
"337",57.8249990193504,4,29,248,1255,1536,281,0.260416666666667,1.88802083333333,16.1458333333333,81.7057291666667,"ssp2","flabellate"
"338",57.8749990185025,7,25,254,1259,1545,286,0.453074433656958,1.61812297734628,16.4401294498382,81.4886731391586,"ssp2","flabellate"
"339",57.9249990176545,7,22,255,1267,1551,284,0.451321727917473,1.41843971631206,16.4410058027079,81.6892327530625,"ssp2","flabellate"
"340",57.9749990168066,5,28,232,1272,1537,265,0.325309043591412,1.82173064411191,15.0943396226415,82.7586206896552,"ssp2","flabellate"
"341",58.0249990159586,12,24,207,1288,1531,243,0.783801436969301,1.5676028739386,13.5205747877204,84.1280209013716,"ssp2","flabellate"
"342",58.0749990151107,9,19,188,1297,1513,216,0.594844679444812,1.25578321216127,12.4256444150694,85.7237276933245,"ssp2","flabellate"
"343",58.1249990142627,6,22,186,1294,1508,214,0.397877984084881,1.45888594164456,12.3342175066313,85.8090185676393,"ssp2","flabellate"
"344",58.1749990134148,8,20,174,1296,1498,202,0.534045393858478,1.33511348464619,11.6154873164219,86.5153538050734,"ssp2","flabellate"
"345",58.2249990125668,7,20,172,1283,1482,199,0.472334682860999,1.34952766531714,11.6059379217274,86.5721997300945,"ssp2","flabellate"
"346",58.2749990117189,3,23,175,1273,1474,201,0.203527815468114,1.56037991858887,11.8724559023066,86.3636363636364,"ssp2","flabellate"
"347",58.3249990108709,6,38,161,1255,1460,205,0.410958904109589,2.6027397260274,11.027397260274,85.958904109589,"ssp2","flabellate"
"348",58.374999010023,6,44,155,1239,1444,205,0.415512465373961,3.04709141274238,10.7340720221607,85.803324099723,"ssp2","flabellate"
"349",58.4249990091751,9,34,141,1254,1438,184,0.62586926286509,2.3643949930459,9.80528511821975,87.2044506258693,"ssp2","flabellate"
"350",58.4749990083271,7,28,140,1254,1429,175,0.489853044086774,1.9594121763471,9.79706088173548,87.7536738978307,"ssp2","flabellate"
"351",58.5249990074792,11,37,135,1258,1441,183,0.763358778625954,2.5676613462873,9.36849410131853,87.3004857737682,"ssp2","flabellate"
"352",58.5749990066312,7,37,139,1270,1453,183,0.481761871988988,2.54645560908465,9.56641431520991,87.4053682037164,"ssp2","flabellate"
"353",58.6249990057833,13,33,160,1268,1474,206,0.881953867028494,2.23880597014925,10.8548168249661,86.0244233378562,"ssp2","flabellate"
"354",58.6749990049353,14,28,168,1268,1478,210,0.94722598105548,1.89445196211096,11.3667117726658,85.7916102841678,"ssp2","flabellate"
"355",58.7249990040874,11,31,173,1256,1471,215,0.747790618626785,2.10740992522094,11.7607070020394,85.3840924541128,"ssp2","flabellate"
"356",58.7749990032394,11,46,151,1256,1464,208,0.751366120218579,3.14207650273224,10.3142076502732,85.792349726776,"ssp2","flabellate"
"357",58.8249990023915,6,43,144,1254,1447,193,0.414651002073255,2.97166551485833,9.95162404975812,86.6620594333103,"ssp2","flabellate"
"358",58.8749990015435,3,43,133,1259,1438,179,0.208623087621697,2.99026425591099,9.24895688456189,87.5521557719054,"ssp2","flabellate"
"359",58.9249990006956,2,34,139,1255,1430,175,0.13986013986014,2.37762237762238,9.72027972027972,87.7622377622378,"ssp2","flabellate"
"360",58.9749989998476,2,30,128,1270,1430,160,0.13986013986014,2.0979020979021,8.95104895104895,88.8111888111888,"ssp2","flabellate"
"361",59.0249989989997,3,29,131,1268,1431,163,0.209643605870021,2.02655485674354,9.15443745632425,88.6093640810622,"ssp2","flabellate"
"362",59.0749989981517,1,28,125,1269,1423,154,0.0702740688685875,1.96767392832045,8.78425860857344,89.1777933942375,"ssp2","flabellate"
"363",59.1249989973038,2,23,117,1287,1429,142,0.139958012596221,1.60951714485654,8.18754373687894,90.0629811056683,"ssp2","flabellate"
"364",59.1749989964559,2,23,122,1275,1422,147,0.140646976090014,1.61744022503516,8.57946554149086,89.662447257384,"ssp2","flabellate"
"365",59.2249989956079,5,18,122,1277,1422,145,0.351617440225035,1.26582278481013,8.57946554149086,89.803094233474,"ssp2","flabellate"
"366",59.27499899476,3,33,122,1261,1419,158,0.211416490486258,2.32558139534884,8.59760394644116,88.8653981677238,"ssp2","flabellate"
"367",59.324998993912,0,32,126,1268,1426,158,0,2.24403927068724,8.835904628331,88.9200561009818,"ssp2","flabellate"
"368",59.3749989930641,0,30,124,1268,1422,154,0,2.10970464135021,8.72011251758087,89.1701828410689,"ssp2","flabellate"
"369",59.4249989922161,2,34,129,1272,1437,165,0.139178844815588,2.366040361865,8.97703549060543,88.517745302714,"ssp2","flabellate"
"370",59.4749989913682,1,16,137,1310,1464,154,0.0683060109289618,1.09289617486339,9.35792349726776,89.4808743169399,"ssp2","flabellate"
"371",59.5249989905202,3,18,150,1305,1476,171,0.203252032520325,1.21951219512195,10.1626016260163,88.4146341463415,"ssp2","flabellate"
"372",59.5749989896723,2,23,177,1276,1478,202,0.13531799729364,1.55615696887686,11.9756427604871,86.3328822733424,"ssp2","flabellate"
"373",59.6249989888243,2,21,193,1276,1492,216,0.134048257372654,1.40750670241287,12.9356568364611,85.5227882037534,"ssp2","flabellate"
"374",59.6749989879764,0,24,201,1273,1498,225,0,1.60213618157543,13.4178905206943,84.9799732977303,"ssp2","flabellate"
"375",59.7249989871285,1,23,186,1289,1499,210,0.066711140760507,1.53435623749166,12.4082721814543,85.9906604402935,"ssp2","flabellate"
"376",59.7749989862805,3,21,167,1309,1500,191,0.2,1.4,11.1333333333333,87.2666666666667,"ssp2","flabellate"
"377",59.8249989854326,5,16,178,1296,1495,199,0.334448160535117,1.07023411371237,11.9063545150502,86.6889632107023,"ssp2","flabellate"
"378",59.8749989845846,2,14,154,1329,1499,170,0.133422281521014,0.933955970647098,10.2735156771181,88.6591060707138,"ssp2","flabellate"
"379",59.9249989837367,3,16,163,1300,1482,182,0.202429149797571,1.07962213225371,10.9986504723347,87.719298245614,"ssp2","flabellate"
"380",59.9749989828887,7,14,154,1309,1484,175,0.471698113207547,0.943396226415094,10.377358490566,88.2075471698113,"ssp2","flabellate"
"381",60.0249989820408,7,14,148,1291,1460,169,0.479452054794521,0.958904109589041,10.1369863013699,88.4246575342466,"ssp2","flabellate"
"382",60.0749989811928,9,18,152,1271,1450,179,0.620689655172414,1.24137931034483,10.4827586206897,87.6551724137931,"ssp2","flabellate"
"383",60.1249989803449,6,23,139,1270,1438,168,0.417246175243394,1.59944367176634,9.66620305980529,88.317107093185,"ssp2","flabellate"
"384",60.1749989794969,6,11,133,1258,1408,150,0.426136363636364,0.78125,9.44602272727273,89.3465909090909,"ssp2","flabellate"
"385",60.224998978649,3,17,133,1229,1382,153,0.217076700434153,1.2301013024602,9.62373371924747,88.9290882778582,"ssp2","flabellate"
"386",60.274998977801,2,14,119,1227,1362,135,0.146842878120411,1.02790014684288,8.73715124816446,90.0881057268722,"ssp2","flabellate"
"387",60.3249989769531,2,34,126,1203,1365,162,0.146520146520147,2.49084249084249,9.23076923076923,88.1318681318681,"ssp2","flabellate"
"388",60.3749989761052,3,20,147,1195,1365,170,0.21978021978022,1.46520146520147,10.7692307692308,87.5457875457875,"ssp2","flabellate"
"389",60.4249989752572,2,24,149,1193,1368,175,0.146198830409357,1.75438596491228,10.8918128654971,87.2076023391813,"ssp2","flabellate"
"390",60.4749989744093,15,24,172,1142,1353,211,1.10864745011086,1.77383592017738,12.7124907612712,84.4050258684405,"ssp2","flabellate"
"391",60.5249989735613,11,21,191,1102,1325,223,0.830188679245283,1.58490566037736,14.4150943396226,83.1698113207547,"ssp2","flabellate"
"392",60.5749989727134,12,15,175,1111,1313,202,0.913937547600914,1.14242193450114,13.3282559025133,84.6153846153846,"ssp2","flabellate"
"393",60.6249989718654,6,12,171,1121,1310,189,0.458015267175573,0.916030534351145,13.0534351145038,85.5725190839695,"ssp2","flabellate"
"394",60.6749989710175,4,10,169,1132,1315,183,0.304182509505703,0.760456273764259,12.851711026616,86.0836501901141,"ssp2","flabellate"
"395",60.7249989701695,5,10,166,1119,1300,181,0.384615384615385,0.769230769230769,12.7692307692308,86.0769230769231,"ssp2","flabellate"
"396",60.7749989693216,5,17,170,1104,1296,192,0.385802469135802,1.31172839506173,13.1172839506173,85.1851851851852,"ssp2","flabellate"
"397",60.8249989684736,11,14,167,1100,1292,192,0.851393188854489,1.08359133126935,12.9256965944272,85.1393188854489,"ssp2","flabellate"
"398",60.8749989676257,9,7,187,1076,1279,203,0.703674745895231,0.547302580140735,14.6207974980453,84.1282251759187,"ssp2","flabellate"
"399",60.9249989667777,5,6,182,1100,1293,193,0.386697602474865,0.464037122969838,14.0757927300851,85.0734725444702,"ssp2","flabellate"
"400",60.9749989659298,7,5,187,1084,1283,199,0.545596258768511,0.38971161340608,14.5752143413874,84.489477786438,"ssp2","flabellate"
"401",61.0249989650819,2,3,194,1086,1285,199,0.155642023346304,0.233463035019455,15.0972762645914,84.5136186770428,"ssp2","flabellate"
"402",61.0749989642339,2,4,184,1099,1289,190,0.155159038013964,0.310318076027929,14.2746314972847,85.2598913886734,"ssp2","flabellate"
"403",61.124998963386,5,3,190,1077,1275,198,0.392156862745098,0.235294117647059,14.9019607843137,84.4705882352941,"ssp2","flabellate"
"404",61.174998962538,7,4,187,1083,1281,198,0.546448087431694,0.312256049960968,14.5979703356753,84.5433255269321,"ssp2","flabellate"
"405",61.2249989616901,10,2,183,1074,1269,195,0.788022064617809,0.157604412923562,14.4208037825059,84.6335697399527,"ssp2","flabellate"
"406",61.2749989608421,7,7,179,1074,1267,193,0.552486187845304,0.552486187845304,14.1278610891871,84.7671665351223,"ssp2","flabellate"
"407",61.3249989599942,3,11,183,1068,1265,197,0.237154150197628,0.869565217391304,14.4664031620553,84.4268774703557,"ssp2","flabellate"
"408",61.3749989591462,8,9,165,1083,1265,182,0.632411067193676,0.711462450592885,13.0434782608696,85.6126482213439,"ssp2","flabellate"
"409",61.4249989582983,10,8,170,1068,1256,188,0.796178343949045,0.636942675159236,13.5350318471338,85.031847133758,"ssp2","flabellate"
"410",61.4749989574503,8,8,172,1081,1269,188,0.630417651694247,0.630417651694247,13.5539795114263,85.1851851851852,"ssp2","flabellate"
"411",61.5249989566024,6,10,170,1082,1268,186,0.473186119873817,0.788643533123028,13.4069400630915,85.3312302839117,"ssp2","flabellate"
"412",61.5749989557545,7,20,160,1067,1254,187,0.558213716108453,1.59489633173844,12.7591706539075,85.0877192982456,"ssp2","flabellate"
"413",61.6249989549065,5,14,167,1066,1252,186,0.399361022364217,1.11821086261981,13.3386581469649,85.1437699680511,"ssp2","flabellate"
"414",61.6749989540586,7,6,175,1054,1242,188,0.563607085346216,0.483091787439614,14.0901771336554,84.8631239935588,"ssp2","flabellate"
"415",61.7249989532106,7,9,191,1036,1243,207,0.563153660498793,0.724054706355591,15.3660498793242,83.3467417538214,"ssp2","flabellate"
"416",61.7749989523627,7,7,184,1039,1237,198,0.565885206143896,0.565885206143896,14.874696847211,83.9935327405012,"ssp2","flabellate"
"417",61.8249989515147,4,5,190,1043,1242,199,0.322061191626409,0.402576489533011,15.2979066022544,83.9774557165861,"ssp2","flabellate"
"418",61.8749989506668,3,6,184,1042,1235,193,0.242914979757085,0.48582995951417,14.8987854251012,84.3724696356275,"ssp2","flabellate"
"419",61.9249989498188,2,6,177,1053,1238,185,0.161550888529887,0.484652665589661,14.297253634895,85.0565428109855,"ssp2","flabellate"
"420",61.9749989489709,4,3,170,1063,1240,177,0.32258064516129,0.241935483870968,13.7096774193548,85.7258064516129,"ssp2","flabellate"
"421",62.0249989481229,2,5,157,1075,1239,164,0.161420500403551,0.403551251008878,12.6715092816788,86.7635189669088,"ssp2","flabellate"
"422",62.074998947275,3,5,152,1075,1235,160,0.242914979757085,0.404858299595142,12.3076923076923,87.0445344129555,"ssp2","flabellate"
"423",62.124998946427,9,7,132,1080,1228,148,0.732899022801303,0.570032573289902,10.7491856677524,87.9478827361563,"ssp2","flabellate"
"424",62.1749989455791,11,4,139,1076,1230,154,0.894308943089431,0.32520325203252,11.3008130081301,87.479674796748,"ssp2","flabellate"
"425",62.2249989447311,11,7,139,1073,1230,157,0.894308943089431,0.569105691056911,11.3008130081301,87.2357723577236,"ssp2","flabellate"
"426",62.2749989438832,14,6,136,1071,1227,156,1.14099429502853,0.488997555012225,11.0839445802771,87.2860635696821,"ssp2","flabellate"
"427",62.3249989430353,7,5,127,1100,1239,139,0.564971751412429,0.403551251008878,10.2502017756255,88.7812752219532,"ssp2","flabellate"
"428",62.3749989421873,7,4,130,1100,1241,141,0.56406124093473,0.32232070910556,10.4754230459307,88.638195004029,"ssp2","flabellate"
"429",62.4249989413394,6,4,128,1114,1252,138,0.479233226837061,0.319488817891374,10.223642172524,88.9776357827476,"ssp2","flabellate"
"430",62.4749989404914,7,3,114,1118,1242,124,0.563607085346216,0.241545893719807,9.17874396135266,90.0161030595813,"ssp2","flabellate"
"431",62.5249989396435,3,5,113,1111,1232,121,0.243506493506494,0.405844155844156,9.17207792207792,90.1785714285714,"ssp2","flabellate"
"432",62.5749989387955,1,5,95,1133,1234,101,0.0810372771474878,0.405186385737439,7.69854132901134,91.8152350081037,"ssp2","flabellate"
"433",62.6249989379476,2,3,87,1157,1249,92,0.160128102481986,0.240192153722978,6.96557245796637,92.6341072858287,"ssp2","flabellate"
"434",62.6749989370996,4,2,78,1171,1255,84,0.318725099601594,0.159362549800797,6.21513944223108,93.3067729083665,"ssp2","flabellate"
"435",62.7249989362517,1,5,58,1177,1241,64,0.08058017727639,0.40290088638195,4.67365028203062,94.842868654311,"ssp2","flabellate"
"436",62.7749989354037,3,4,48,1186,1241,55,0.24174053182917,0.32232070910556,3.86784850926672,95.5680902497986,"ssp2","flabellate"
"437",62.8249989345558,2,3,41,1186,1232,46,0.162337662337662,0.243506493506494,3.32792207792208,96.2662337662338,"ssp2","flabellate"
"438",62.8749989337079,1,2,38,1186,1227,41,0.0814995925020375,0.162999185004075,3.09698451507742,96.6585167074165,"ssp2","flabellate"
"439",62.9249989328599,0,5,40,1178,1223,45,0,0.408830744071954,3.27064595257563,96.3205233033524,"ssp2","flabellate"
"440",62.974998932012,1,4,41,1176,1222,46,0.0818330605564648,0.327332242225859,3.35515548281506,96.2356792144026,"ssp2","flabellate"
"441",63.024998931164,1,4,45,1182,1232,50,0.0811688311688312,0.324675324675325,3.6525974025974,95.9415584415584,"ssp2","flabellate"
"442",63.0749989303161,0,1,55,1166,1222,56,0,0.0818330605564648,4.50081833060556,95.417348608838,"ssp2","flabellate"
"443",63.1249989294681,0,5,81,1141,1227,86,0,0.407497962510187,6.60146699266504,92.9910350448248,"ssp2","flabellate"
"444",63.1749989286202,1,5,100,1111,1217,106,0.0821692686935086,0.410846343467543,8.21692686935086,91.2900575184881,"ssp2","flabellate"
"445",63.2249989277722,3,6,132,1067,1208,141,0.248344370860927,0.496688741721854,10.9271523178808,88.3278145695364,"ssp2","flabellate"
"446",63.2749989269243,5,17,164,1039,1225,186,0.408163265306122,1.38775510204082,13.3877551020408,84.8163265306122,"ssp2","flabellate"
"447",63.3249989260763,10,6,188,1026,1230,204,0.813008130081301,0.48780487804878,15.2845528455285,83.4146341463415,"ssp2","flabellate"
"448",63.3749989252284,10,10,195,1011,1226,215,0.815660685154975,0.815660685154975,15.905383360522,82.463295269168,"ssp2","flabellate"
"449",63.4249989243804,9,10,201,1000,1220,220,0.737704918032787,0.819672131147541,16.4754098360656,81.9672131147541,"ssp2","flabellate"
"450",63.4749989235325,7,15,213,977,1212,235,0.577557755775578,1.23762376237624,17.5742574257426,80.6105610561056,"ssp2","flabellate"
"451",63.5249989226846,17,8,202,966,1193,227,1.42497904442582,0.670578373847443,16.9321039396479,80.9723386420788,"ssp2","flabellate"
"452",63.5749989218366,6,14,201,950,1171,221,0.512382578992314,1.19555935098207,17.1648163962425,81.1272416737831,"ssp2","flabellate"
"453",63.6249989209887,7,20,196,950,1173,223,0.596760443307758,1.70502983802217,16.7092924126172,80.9889173060529,"ssp2","flabellate"
"454",63.6749989201407,13,3,231,918,1165,247,1.11587982832618,0.257510729613734,19.8283261802575,78.7982832618026,"ssp2","flabellate"
"455",63.7249989192928,9,9,235,910,1163,253,0.773860705073087,0.773860705073087,20.2063628546862,78.2459157351677,"ssp2","flabellate"
"456",63.7749989184448,12,9,232,896,1149,253,1.0443864229765,0.783289817232376,20.1914708442124,77.9808529155788,"ssp2","flabellate"
"457",63.8249989175969,5,11,210,911,1137,226,0.439753737906772,0.967458223394899,18.4696569920844,80.1231310466139,"ssp2","flabellate"
"458",63.8749989167489,3,12,206,892,1113,221,0.269541778975741,1.07816711590297,18.5085354896676,80.1437556154537,"ssp2","flabellate"
"459",63.924998915901,5,17,207,911,1140,229,0.43859649122807,1.49122807017544,18.1578947368421,79.9122807017544,"ssp2","flabellate"
"460",63.974998915053,9,21,208,906,1144,238,0.786713286713287,1.83566433566434,18.1818181818182,79.1958041958042,"ssp2","flabellate"
"461",64.0249989142051,10,12,224,901,1147,246,0.871839581517001,1.0462074978204,19.5292066259808,78.5527462946818,"ssp2","flabellate"
"462",64.0749989133571,22,16,229,893,1160,267,1.89655172413793,1.37931034482759,19.7413793103448,76.9827586206897,"ssp2","flabellate"
"463",64.1249989125092,18,13,240,879,1150,271,1.56521739130435,1.1304347826087,20.8695652173913,76.4347826086957,"ssp2","flabellate"
"464",64.1749989116612,17,11,229,906,1163,257,1.46173688736028,0.945829750644884,19.6904557179708,77.9019776440241,"ssp2","flabellate"
"465",64.2249989108133,12,11,243,893,1159,266,1.03537532355479,0.94909404659189,20.9663503019845,77.0491803278689,"ssp2","flabellate"
"466",64.2749989099654,7,15,242,891,1155,264,0.606060606060606,1.2987012987013,20.952380952381,77.1428571428572,"ssp2","flabellate"
"467",64.3249989091174,14,15,239,876,1144,268,1.22377622377622,1.31118881118881,20.8916083916084,76.5734265734266,"ssp2","flabellate"
"468",64.3749989082695,22,8,248,864,1142,278,1.92644483362522,0.700525394045534,21.7162872154116,75.6567425569177,"ssp2","flabellate"
"469",64.4249989074215,17,11,246,863,1137,274,1.49516270888303,0.967458223394899,21.6358839050132,75.9014951627089,"ssp2","flabellate"
"470",64.4749989065736,9,8,261,848,1126,278,0.799289520426288,0.710479573712256,23.1793960923623,75.3108348134991,"ssp2","flabellate"
"471",64.5249989057256,23,15,251,848,1137,289,2.02286719437115,1.31926121372032,22.07563764292,74.5822339489886,"ssp2","flabellate"
"472",64.5749989048777,18,21,248,857,1144,287,1.57342657342657,1.83566433566434,21.6783216783217,74.9125874125874,"ssp2","flabellate"
"473",64.6249989040297,16,28,239,864,1147,283,1.3949433304272,2.4411508282476,20.8369659982563,75.3269398430689,"ssp2","flabellate"
"474",64.6749989031818,17,22,259,862,1160,298,1.46551724137931,1.89655172413793,22.3275862068966,74.3103448275862,"ssp2","flabellate"
"475",64.7249989023339,32,29,221,882,1164,282,2.74914089347079,2.4914089347079,18.9862542955326,75.7731958762887,"ssp2","flabellate"
"476",64.7749989014859,42,13,193,919,1167,248,3.59897172236504,1.11396743787489,16.5381319622965,78.7489288774636,"ssp2","flabellate"
"477",64.824998900638,24,8,189,905,1126,221,2.13143872113677,0.710479573712256,16.785079928952,80.3730017761989,"ssp2","flabellate"
"478",64.87499889979,25,18,190,898,1131,233,2.210433244916,1.59151193633952,16.7992926613616,79.3987621573828,"ssp2","flabellate"
"479",64.9249988989421,17,14,199,926,1156,230,1.47058823529412,1.21107266435986,17.2145328719723,80.1038062283737,"ssp2","flabellate"
"480",64.9749988980941,24,14,214,932,1184,252,2.02702702702703,1.18243243243243,18.0743243243243,78.7162162162162,"ssp2","flabellate"
"481",65.0249988972462,25,24,218,920,1187,267,2.106149957877,2.02190395956192,18.3656276326874,77.5063184498736,"ssp2","flabellate"
"482",65.0749988963982,19,18,262,887,1186,299,1.60202360876897,1.5177065767285,22.0910623946037,74.7892074198988,"ssp2","flabellate"
"483",65.1249988955503,15,15,300,864,1194,330,1.25628140703518,1.25628140703518,25.1256281407035,72.3618090452261,"ssp2","flabellate"
"484",65.1749988947023,24,13,275,887,1199,312,2.00166805671393,1.08423686405338,22.9357798165138,73.9783152627189,"ssp2","flabellate"
"485",65.2249988938544,24,14,239,915,1192,277,2.01342281879195,1.1744966442953,20.0503355704698,76.761744966443,"ssp2","flabellate"
"486",65.2749988930064,33,14,232,912,1191,279,2.77078085642317,1.17548278757347,19.4794290512175,76.5743073047859,"ssp2","flabellate"
"487",65.3249988921585,30,18,219,925,1192,267,2.51677852348993,1.51006711409396,18.3724832214765,77.6006711409396,"ssp2","flabellate"
"488",65.3749988913106,28,25,196,953,1202,249,2.32945091514143,2.07986688851913,16.30615640599,79.2845257903494,"ssp2","flabellate"
"489",65.4249988904626,13,17,197,966,1193,227,1.0896898575021,1.42497904442582,16.5129924559933,80.9723386420788,"ssp2","flabellate"
"490",65.4749988896147,14,13,172,982,1181,199,1.18543607112616,1.10076206604572,14.5639288738357,83.1498729889924,"ssp2","flabellate"
"491",65.5249988887667,7,17,174,951,1149,198,0.609225413402959,1.47954743255004,15.1436031331593,82.7676240208877,"ssp2","flabellate"
"492",65.5749988879188,14,21,191,897,1123,226,1.246660730187,1.8699910952805,17.0080142475512,79.8753339269813,"ssp2","flabellate"
"493",65.6249988870708,10,40,235,831,1116,285,0.896057347670251,3.584229390681,21.0573476702509,74.4623655913979,"ssp2","flabellate"
"494",65.6749988862229,14,44,245,811,1114,303,1.25673249551167,3.94973070017953,21.9928186714542,72.8007181328546,"ssp2","flabellate"
"495",65.7249988853749,17,39,229,833,1118,285,1.52057245080501,3.48837209302326,20.4830053667263,74.5080500894454,"ssp2","flabellate"
"496",65.774998884527,15,52,231,814,1112,298,1.34892086330935,4.67625899280576,20.773381294964,73.2014388489209,"ssp2","flabellate"
"497",65.824998883679,20,43,209,830,1102,272,1.81488203266788,3.90199637023593,18.9655172413793,75.3176043557169,"ssp2","flabellate"
"498",65.8749988828311,12,52,191,842,1097,255,1.09389243391067,4.74020054694622,17.4111212397448,76.7547857793984,"ssp2","flabellate"
"499",65.9249988819831,15,53,190,831,1089,258,1.37741046831956,4.86685032139578,17.4471992653811,76.3085399449036,"ssp2","flabellate"
"500",65.9749988811352,7,52,194,833,1086,253,0.644567219152855,4.78821362799263,17.8637200736648,76.7034990791897,"ssp2","flabellate"
"501",66.0249988802873,20,40,183,862,1105,243,1.80995475113122,3.61990950226244,16.5610859728507,78.0090497737557,"ssp2","flabellate"
"502",66.0749988794393,17,45,182,884,1128,244,1.50709219858156,3.98936170212766,16.1347517730496,78.3687943262411,"ssp2","flabellate"
"503",66.1249988785914,19,27,199,889,1134,245,1.67548500881834,2.38095238095238,17.5485008818342,78.3950617283951,"ssp2","flabellate"
"504",66.1749988777434,27,43,187,896,1153,257,2.3417172593235,3.72940156114484,16.2185602775369,77.7103209019948,"ssp2","flabellate"
"505",66.2249988768955,31,63,173,912,1179,267,2.62934690415606,5.34351145038168,14.6734520780322,77.35368956743,"ssp2","flabellate"
"506",66.2749988760475,33,60,171,920,1184,264,2.78716216216216,5.06756756756757,14.4425675675676,77.7027027027027,"ssp2","flabellate"
"507",66.3249988751996,24,62,175,899,1160,261,2.06896551724138,5.3448275862069,15.0862068965517,77.5,"ssp2","flabellate"
"508",66.3749988743516,25,57,181,882,1145,263,2.18340611353712,4.97816593886463,15.8078602620087,77.0305676855895,"ssp2","flabellate"
"509",66.4249988735037,38,65,188,861,1152,291,3.29861111111111,5.64236111111111,16.3194444444444,74.7395833333333,"ssp2","flabellate"
"510",66.4749988726557,44,81,169,880,1174,294,3.74787052810903,6.89948892674617,14.3952299829642,74.9574105621806,"ssp2","flabellate"
"511",66.5249988718078,61,79,143,908,1191,283,5.12174643157011,6.63308144416457,12.0067170445004,76.2384550797649,"ssp2","flabellate"
"512",66.5749988709598,36,92,154,905,1187,282,3.03285593934288,7.75063184498736,12.9738837405223,76.2426284751474,"ssp2","flabellate"
"513",66.6249988701119,22,105,178,875,1180,305,1.86440677966102,8.89830508474576,15.0847457627119,74.1525423728814,"ssp2","flabellate"
"514",66.674998869264,18,78,191,891,1178,287,1.52801358234295,6.6213921901528,16.213921901528,75.6366723259762,"ssp2","flabellate"
"515",66.724998868416,21,88,178,872,1159,287,1.81190681622088,7.59275237273512,15.358067299396,75.237273511648,"ssp2","flabellate"
"516",66.7749988675681,20,80,182,879,1161,282,1.72265288544358,6.89061154177433,15.6761412575366,75.7105943152455,"ssp2","flabellate"
"517",66.8249988667201,29,90,163,882,1164,282,2.4914089347079,7.7319587628866,14.0034364261168,75.7731958762887,"ssp2","flabellate"
"518",66.8749988658722,10,114,146,890,1160,270,0.862068965517241,9.82758620689655,12.5862068965517,76.7241379310345,"ssp2","flabellate"
"519",66.9249988650242,9,104,164,870,1147,277,0.784655623365301,9.06713164777681,14.2981691368788,75.8500435919791,"ssp2","flabellate"
"520",66.9749988641763,7,90,158,890,1145,255,0.611353711790393,7.86026200873363,13.7991266375546,77.7292576419214,"ssp2","flabellate"
"521",67.0249988633283,8,89,161,890,1148,258,0.696864111498258,7.75261324041812,14.0243902439024,77.5261324041812,"ssp2","flabellate"
"522",67.0749988624804,5,61,155,930,1151,221,0.434404865334492,5.2997393570808,13.4665508253692,80.7993049522155,"ssp2","flabellate"
"523",67.1249988616324,8,69,136,924,1137,213,0.703605980650836,6.06860158311346,11.9613016710642,81.2664907651715,"ssp2","flabellate"
"524",67.1749988607845,2,56,134,940,1132,192,0.176678445229682,4.9469964664311,11.8374558303887,83.0388692579505,"ssp2","flabellate"
"525",67.2249988599365,5,58,122,958,1143,185,0.437445319335083,5.07436570428696,10.673665791776,83.8145231846019,"ssp2","flabellate"
"526",67.2749988590886,6,54,115,961,1136,175,0.528169014084507,4.75352112676056,10.1232394366197,84.5950704225352,"ssp2","flabellate"
"527",67.3249988582406,13,53,103,970,1139,169,1.14135206321334,4.65320456540825,9.04302019315189,85.1624231782265,"ssp2","flabellate"
"528",67.3749988573927,5,38,124,974,1141,167,0.438212094653812,3.33041191936897,10.8676599474145,85.3637160385627,"ssp2","flabellate"
"529",67.4249988565448,5,48,131,956,1140,184,0.43859649122807,4.21052631578947,11.4912280701754,83.859649122807,"ssp2","flabellate"
"530",67.4749988556968,6,45,116,979,1146,167,0.523560209424084,3.92670157068063,10.1221640488656,85.4275741710297,"ssp2","flabellate"
"531",67.5249988548489,6,37,102,1007,1152,145,0.520833333333333,3.21180555555556,8.85416666666667,87.4131944444444,"ssp2","flabellate"
"532",67.5749988540009,11,43,86,1010,1150,140,0.956521739130435,3.73913043478261,7.47826086956522,87.8260869565217,"ssp2","flabellate"
"533",67.624998853153,1,47,89,1019,1156,137,0.0865051903114187,4.06574394463668,7.69896193771626,88.1487889273356,"ssp2","flabellate"
"534",67.674998852305,4,40,86,1023,1153,130,0.346921075455334,3.46921075455334,7.45880312228968,88.7250650477016,"ssp2","flabellate"
"535",67.7249988514571,7,42,88,1010,1147,137,0.610287707061901,3.6617262423714,7.67218831734961,88.0557977332171,"ssp2","flabellate"
"536",67.7749988506091,6,45,92,1013,1156,143,0.519031141868512,3.89273356401384,7.95847750865052,87.6297577854671,"ssp2","flabellate"
"537",67.8249988497612,7,41,72,1030,1150,120,0.608695652173913,3.56521739130435,6.26086956521739,89.5652173913044,"ssp2","flabellate"
"538",67.8749988489133,8,50,67,1022,1147,125,0.697471665213601,4.359197907585,5.84132519616391,89.1020052310375,"ssp2","flabellate"
"539",67.9249988480653,4,40,85,1026,1155,129,0.346320346320346,3.46320346320346,7.35930735930736,88.8311688311688,"ssp2","flabellate"
"540",67.9749988472173,6,39,88,1036,1169,133,0.513259195893926,3.33618477331052,7.52780153977759,88.622754491018,"ssp2","flabellate"
"541",68.0249988463694,5,34,79,1048,1166,118,0.428816466552316,2.91595197255575,6.77530017152659,89.8799313893654,"ssp2","flabellate"
"542",68.0749988455215,8,31,62,1069,1170,101,0.683760683760684,2.64957264957265,5.2991452991453,91.3675213675214,"ssp2","flabellate"
"543",68.1249988446735,9,13,45,1089,1156,67,0.778546712802768,1.12456747404844,3.89273356401384,94.2041522491349,"ssp2","flabellate"
"544",68.1749988438256,9,17,46,1089,1161,72,0.775193798449612,1.46425495262705,3.96210163652024,93.7984496124031,"ssp2","flabellate"
"545",68.2249988429776,7,6,41,1102,1156,54,0.605536332179931,0.519031141868512,3.54671280276817,95.3287197231834,"ssp2","flabellate"
"546",68.2749988421297,3,5,46,1103,1157,54,0.259291270527226,0.432152117545376,3.97579948141746,95.3327571305099,"ssp2","flabellate"
"547",68.3249988412817,5,15,45,1087,1152,65,0.434027777777778,1.30208333333333,3.90625,94.3576388888889,"ssp2","flabellate"
"548",68.3749988404338,8,23,36,1077,1144,67,0.699300699300699,2.01048951048951,3.14685314685315,94.1433566433566,"ssp2","flabellate"
"549",68.4249988395858,4,40,38,1048,1130,82,0.353982300884956,3.53982300884956,3.36283185840708,92.7433628318584,"ssp2","flabellate"
"550",68.4749988387379,9,43,46,1034,1132,98,0.795053003533569,3.79858657243816,4.06360424028269,91.3427561837456,"ssp2","flabellate"
"551",68.52499883789,2,47,41,1036,1126,90,0.177619893428064,4.1740674955595,3.64120781527531,92.0071047957371,"ssp2","flabellate"
"552",68.574998837042,1,57,37,1060,1155,95,0.0865800865800866,4.93506493506494,3.2034632034632,91.7748917748918,"ssp2","flabellate"
"553",68.6249988361941,1,48,32,1065,1146,81,0.087260034904014,4.18848167539267,2.79232111692845,92.9319371727749,"ssp2","flabellate"
"554",68.6749988353461,3,44,28,1072,1147,75,0.2615518744551,3.8360941586748,2.4411508282476,93.4612031386225,"ssp2","flabellate"
"555",68.7249988344982,4,32,34,1090,1160,70,0.344827586206897,2.75862068965517,2.93103448275862,93.9655172413793,"ssp2","flabellate"
"556",68.7749988336502,1,33,33,1095,1162,67,0.0860585197934596,2.83993115318417,2.83993115318417,94.2340791738382,"ssp2","flabellate"
"557",68.8249988328023,1,38,35,1097,1171,74,0.085397096498719,3.24508966695132,2.98889837745517,93.6806148590948,"ssp2","flabellate"
"558",68.8749988319543,0,59,32,1090,1181,91,0,4.99576629974598,2.70956816257409,92.2946655376799,"ssp2","flabellate"
"559",68.9249988311064,0,57,34,1095,1186,91,0,4.80607082630691,2.86677908937605,92.327150084317,"ssp2","flabellate"
"560",68.9749988302584,2,71,36,1086,1195,109,0.167364016736402,5.94142259414226,3.01255230125523,90.8786610878661,"ssp2","flabellate"
"561",69.0249988294105,0,82,33,1080,1195,115,0,6.86192468619247,2.76150627615063,90.3765690376569,"ssp2","flabellate"
"562",69.0749988285625,0,73,40,1093,1206,113,0,6.0530679933665,3.3167495854063,90.6301824212272,"ssp2","flabellate"
"563",69.1249988277146,1,67,54,1091,1213,122,0.0824402308326463,5.5234954657873,4.4517724649629,89.9422918384171,"ssp2","flabellate"
"564",69.1749988268667,0,89,57,1089,1235,146,0,7.20647773279352,4.61538461538462,88.1781376518219,"ssp2","flabellate"
"565",69.2249988260187,0,58,45,1128,1231,103,0,4.71161657189277,3.65556458164094,91.6328188464663,"ssp2","flabellate"
"566",69.2749988251708,0,39,42,1144,1225,81,0,3.18367346938776,3.42857142857143,93.3877551020408,"ssp2","flabellate"
"567",69.3249988243228,0,43,45,1143,1231,88,0,3.49309504467912,3.65556458164094,92.8513403736799,"ssp2","flabellate"
"568",69.3749988234749,0,39,43,1132,1214,82,0,3.21252059308072,3.54200988467875,93.2454695222405,"ssp2","flabellate"
"569",69.4249988226269,2,47,33,1142,1224,82,0.163398692810458,3.83986928104575,2.69607843137255,93.3006535947712,"ssp2","flabellate"
"570",69.474998821779,2,59,30,1151,1242,91,0.161030595813205,4.75040257648953,2.41545893719807,92.6731078904992,"ssp2","flabellate"
"571",69.524998820931,0,41,48,1150,1239,89,0,3.3091202582728,3.87409200968523,92.816787732042,"ssp2","flabellate"
"572",69.5749988200831,1,44,39,1130,1214,84,0.0823723228995058,3.62438220757825,3.21252059308072,93.0807248764415,"ssp2","flabellate"
"573",69.6249988192351,2,30,47,1126,1205,79,0.16597510373444,2.4896265560166,3.90041493775934,93.4439834024896,"ssp2","flabellate"
"574",69.6749988183872,0,21,41,1135,1197,62,0,1.75438596491228,3.42522974101921,94.8203842940685,"ssp2","flabellate"
"575",69.7249988175392,2,30,47,1130,1209,79,0.165425971877585,2.48138957816377,3.88751033912324,93.4656741108354,"ssp2","flabellate"
"576",69.7749988166913,1,40,52,1142,1235,93,0.0809716599190283,3.23886639676113,4.21052631578947,92.4696356275304,"ssp2","flabellate"
"577",69.8249988158433,0,40,52,1171,1263,92,0,3.16706254948535,4.11718131433096,92.7157561361837,"ssp2","flabellate"
"578",69.8749988149954,2,47,48,1189,1286,97,0.15552099533437,3.6547433903577,3.73250388802488,92.4572317262831,"ssp2","flabellate"
"579",69.9249988141475,0,76,50,1178,1304,126,0,5.8282208588957,3.83435582822086,90.3374233128834,"ssp2","flabellate"
"580",69.9749988132995,0,92,80,1149,1321,172,0,6.96442089326268,6.0560181680545,86.9795609386828,"ssp2","flabellate"
"581",70.0249988124516,0,78,91,1161,1330,169,0,5.86466165413534,6.8421052631579,87.2932330827068,"ssp2","flabellate"
"582",70.0749988116036,0,44,112,1159,1315,156,0,3.34600760456274,8.5171102661597,88.1368821292776,"ssp2","flabellate"
"583",70.1249988107557,0,52,84,1187,1323,136,0,3.93046107331822,6.34920634920635,89.7203325774754,"ssp2","flabellate"
"584",70.1749988099077,0,69,85,1161,1315,154,0,5.24714828897338,6.4638783269962,88.2889733840304,"ssp2","flabellate"
"585",70.2249988090598,0,68,90,1192,1350,158,0,5.03703703703704,6.66666666666667,88.2962962962963,"ssp2","flabellate"
"586",70.2749988082118,0,66,114,1193,1373,180,0,4.80699198834669,8.30298616168973,86.8900218499636,"ssp2","flabellate"
"587",70.3249988073639,0,47,144,1193,1384,191,0,3.39595375722543,10.4046242774566,86.1994219653179,"ssp2","flabellate"
"588",70.3749988065159,0,61,147,1197,1405,208,0,4.34163701067616,10.4626334519573,85.1957295373665,"ssp2","flabellate"
"589",70.424998805668,0,64,150,1194,1408,214,0,4.54545454545455,10.6534090909091,84.8011363636364,"ssp2","flabellate"
"590",70.47499880482,0,60,144,1208,1412,204,0,4.24929178470255,10.1983002832861,85.5524079320113,"ssp2","flabellate"
"591",70.5249988039721,2,57,141,1203,1403,200,0.142551674982181,4.06272273699216,10.0498930862438,85.7448325017819,"ssp2","flabellate"
"592",70.5749988031242,0,52,138,1203,1393,190,0,3.73295046661881,9.90667623833453,86.3603732950467,"ssp2","flabellate"
"593",70.6249988022762,0,57,170,1159,1386,227,0,4.11255411255411,12.2655122655123,83.6219336219336,"ssp2","flabellate"
"594",70.6749988014283,0,48,187,1158,1393,235,0,3.44580043072505,13.424264178033,83.1299353912419,"ssp2","flabellate"
"595",70.7249988005803,0,46,194,1175,1415,240,0,3.25088339222615,13.7102473498233,83.0388692579505,"ssp2","flabellate"
"596",70.7749987997324,0,44,193,1230,1467,237,0,2.99931833674165,13.1561008861622,83.8445807770961,"ssp2","flabellate"
"597",70.8249987988844,0,50,194,1233,1477,244,0,3.385240352065,13.1347325660122,83.4800270819228,"ssp2","flabellate"
"598",70.8749987980365,0,31,221,1237,1489,252,0,2.08193418401612,14.8421759570181,83.0758898589658,"ssp2","flabellate"
"599",70.9249987971885,0,24,232,1238,1494,256,0,1.60642570281124,15.528781793842,82.8647925033467,"ssp2","flabellate"
"600",70.9749987963406,2,34,229,1233,1498,265,0.133511348464619,2.26969292389853,15.2870493991989,82.3097463284379,"ssp2","flabellate"
"601",71.0249987954926,4,34,232,1223,1493,270,0.267916945746818,2.27729403884796,15.5391828533155,81.9156061620897,"ssp2","flabellate"
"602",71.0749987946447,1,20,231,1247,1499,252,0.066711140760507,1.33422281521014,15.4102735156771,83.1887925283522,"ssp2","flabellate"
"603",71.1249987937967,3,44,242,1210,1499,289,0.200133422281521,2.93529019346231,16.1440960640427,80.7204803202135,"ssp2","flabellate"
"604",71.1749987929488,6,40,260,1186,1492,306,0.402144772117962,2.68096514745308,17.426273458445,79.4906166219839,"ssp2","flabellate"
"605",71.2249987921009,6,39,312,1138,1495,357,0.40133779264214,2.60869565217391,20.8695652173913,76.1204013377926,"ssp2","flabellate"
"606",71.2749987912529,7,40,337,1113,1497,384,0.467601870407482,2.67201068804275,22.5116900467602,74.3486973947896,"ssp2","flabellate"
"607",71.324998790405,4,31,322,1129,1486,357,0.269179004037685,2.08613728129206,21.6689098250336,75.9757738896366,"ssp2","flabellate"
"608",71.374998789557,7,22,326,1135,1490,355,0.469798657718121,1.47651006711409,21.8791946308725,76.1744966442953,"ssp2","flabellate"
"609",71.4249987887091,6,19,334,1107,1466,359,0.409276944065484,1.29604365620737,22.7830832196453,75.5115961800819,"ssp2","flabellate"
"610",71.4749987878611,6,33,316,1113,1468,355,0.408719346049046,2.24795640326975,21.5258855585831,75.8174386920981,"ssp2","flabellate"
"611",71.5249987870132,6,24,352,1098,1480,382,0.405405405405405,1.62162162162162,23.7837837837838,74.1891891891892,"ssp2","flabellate"
"612",71.5749987861652,6,16,347,1097,1466,369,0.409276944065484,1.09140518417462,23.6698499317872,74.8294679399727,"ssp2","flabellate"
"613",71.6249987853173,6,17,326,1114,1463,349,0.410116199589884,1.161995898838,22.282980177717,76.1449077238551,"ssp2","flabellate"
"614",71.6749987844694,4,22,329,1102,1457,355,0.274536719286205,1.50995195607412,22.5806451612903,75.6348661633493,"ssp2","flabellate"
"615",71.7249987836214,9,18,328,1090,1445,355,0.622837370242215,1.24567474048443,22.6989619377163,75.4325259515571,"ssp2","flabellate"
"616",71.7749987827735,5,24,325,1099,1453,354,0.344115622849277,1.65175498967653,22.367515485203,75.6366139022712,"ssp2","flabellate"
"617",71.8249987819255,9,13,332,1103,1457,354,0.61770761839396,0.892244337680165,22.786547700755,75.7035003431709,"ssp2","flabellate"
"618",71.8749987810776,9,20,332,1085,1446,361,0.622406639004149,1.38312586445367,22.9598893499308,75.0345781466113,"ssp2","flabellate"
"619",71.9249987802296,5,24,324,1104,1457,353,0.343170899107756,1.64722031571723,22.2374742621826,75.7721345229924,"ssp2","flabellate"
"620",71.9749987793817,3,18,341,1093,1455,362,0.206185567010309,1.23711340206186,23.4364261168385,75.1202749140894,"ssp2","flabellate"
"621",72.0249987785337,4,14,337,1102,1457,355,0.274536719286205,0.960878517501716,23.1297185998627,75.6348661633493,"ssp2","flabellate"
"622",72.0749987776858,26,11,311,1110,1458,348,1.78326474622771,0.754458161865569,21.3305898491084,76.1316872427983,"ssp2","flabellate"
"623",72.1249987768378,10,8,323,1120,1461,341,0.684462696783025,0.54757015742642,22.1081451060917,76.6598220396988,"ssp2","flabellate"
"624",72.1749987759899,8,6,329,1113,1456,343,0.549450549450549,0.412087912087912,22.5961538461538,76.4423076923077,"ssp2","flabellate"
"625",72.2249987751419,11,8,329,1109,1457,348,0.754975978037062,0.549073438572409,22.5806451612903,76.1153054221002,"ssp2","flabellate"
"626",72.274998774294,11,13,322,1114,1460,346,0.753424657534247,0.89041095890411,22.0547945205479,76.3013698630137,"ssp2","flabellate"
"627",72.3249987734461,7,20,301,1142,1470,328,0.476190476190476,1.36054421768707,20.4761904761905,77.687074829932,"ssp2","flabellate"
"628",72.3749987725981,7,18,304,1150,1479,329,0.473292765382015,1.21703853955375,20.5544286680189,77.7552400270453,"ssp2","flabellate"
"629",72.4249987717502,6,25,317,1136,1484,348,0.404312668463612,1.68463611859838,21.3611859838275,76.5498652291105,"ssp2","flabellate"
"630",72.4749987709022,12,29,323,1079,1443,364,0.831600831600832,2.00970200970201,22.3839223839224,74.7747747747748,"ssp2","flabellate"
"631",72.5249987700543,3,45,328,1072,1448,376,0.207182320441989,3.10773480662983,22.6519337016575,74.0331491712707,"ssp2","flabellate"
"632",72.5749987692063,4,44,326,1071,1445,374,0.27681660899654,3.04498269896194,22.560553633218,74.1176470588235,"ssp2","flabellate"
"633",72.6249987683584,6,53,313,1078,1450,372,0.413793103448276,3.6551724137931,21.5862068965517,74.3448275862069,"ssp2","flabellate"
"634",72.6749987675104,17,64,290,1074,1445,371,1.17647058823529,4.42906574394464,20.0692041522491,74.3252595155709,"ssp2","flabellate"
"635",72.7249987666625,8,42,268,1126,1444,318,0.554016620498615,2.90858725761773,18.5595567867036,77.9778393351801,"ssp2","flabellate"
"636",72.7749987658145,2,41,272,1145,1460,315,0.136986301369863,2.80821917808219,18.6301369863014,78.4246575342466,"ssp2","flabellate"
"637",72.8249987649666,3,38,257,1173,1471,298,0.203942895989123,2.58327668252889,17.4711080897349,79.7416723317471,"ssp2","flabellate"
"638",72.8749987641186,6,59,240,1166,1471,305,0.407885791978246,4.01087695445275,16.3154316791298,79.2658055744392,"ssp2","flabellate"
"639",72.9249987632707,3,53,273,1130,1459,329,0.205620287868403,3.63262508567512,18.7114461960247,77.4503084304318,"ssp2","flabellate"
"640",72.9749987624228,4,57,258,1131,1450,319,0.275862068965517,3.93103448275862,17.7931034482759,78,"ssp2","flabellate"
"641",73.0249987615748,6,45,251,1158,1460,302,0.410958904109589,3.08219178082192,17.1917808219178,79.3150684931507,"ssp2","flabellate"
"642",73.0749987607269,14,44,268,1137,1463,326,0.956937799043062,3.00751879699248,18.3185235816815,77.717019822283,"ssp2","flabellate"
"643",73.1249987598789,14,58,251,1144,1467,323,0.954328561690525,3.95364689843217,17.1097477845944,77.9822767552829,"ssp2","flabellate"
"644",73.174998759031,18,50,228,1167,1463,296,1.23034859876965,3.41763499658237,15.5844155844156,79.7676008202324,"ssp2","flabellate"
"645",73.224998758183,15,44,230,1190,1479,289,1.01419878296146,2.97498309668695,15.5510480054091,80.4597701149425,"ssp2","flabellate"
"646",73.2749987573351,12,69,239,1139,1459,320,0.822481151473612,4.72926662097327,16.3810829335161,78.067169294037,"ssp2","flabellate"
"647",73.3249987564871,2,58,249,1141,1450,309,0.137931034482759,4,17.1724137931034,78.6896551724138,"ssp2","flabellate"
"648",73.3749987556392,4,63,218,1157,1442,285,0.277392510402219,4.36893203883495,15.1178918169209,80.2357836338419,"ssp2","flabellate"
"649",73.4249987547912,3,48,257,1146,1454,308,0.206327372764787,3.30123796423659,17.6753782668501,78.8170563961486,"ssp2","flabellate"
"650",73.4749987539433,7,39,265,1115,1426,311,0.490883590462833,2.73492286115007,18.5834502103787,78.1907433380084,"ssp2","flabellate"
"651",73.5249987530953,2,74,201,1135,1412,277,0.141643059490085,5.24079320113314,14.2351274787535,80.3824362606232,"ssp2","flabellate"
"652",73.5749987522474,6,81,175,1140,1402,262,0.427960057061341,5.7774607703281,12.4821683309558,81.3124108416548,"ssp2","flabellate"
"653",73.6249987513994,7,93,163,1129,1392,263,0.502873563218391,6.68103448275862,11.7097701149425,81.1063218390805,"ssp2","flabellate"
"654",73.6749987505515,2,64,192,1133,1391,258,0.143781452192667,4.60100647016535,13.803019410496,81.4521926671459,"ssp2","flabellate"
"655",73.7249987497036,6,63,188,1153,1410,257,0.425531914893617,4.46808510638298,13.3333333333333,81.7730496453901,"ssp2","flabellate"
"656",73.7749987488556,15,57,168,1158,1398,240,1.07296137339056,4.07725321888412,12.0171673819742,82.8326180257511,"ssp2","flabellate"
"657",73.8249987480077,6,81,168,1125,1380,255,0.434782608695652,5.8695652173913,12.1739130434783,81.5217391304348,"ssp2","flabellate"
"658",73.8749987471597,1,92,174,1114,1381,267,0.0724112961622013,6.66183924692252,12.599565532223,80.6661839246922,"ssp2","flabellate"
"659",73.9249987463118,1,83,155,1158,1397,239,0.0715819613457409,5.94130279169649,11.0952040085898,82.8919112383679,"ssp2","flabellate"
"660",73.9749987454638,1,103,138,1163,1405,242,0.0711743772241993,7.33096085409253,9.8220640569395,82.7758007117438,"ssp2","flabellate"
"661",74.0249987446159,0,110,133,1170,1413,243,0,7.78485491861288,9.41259731068648,82.8025477707006,"ssp2","flabellate"
"662",74.0749987437679,0,144,103,1176,1423,247,0,10.1194659170766,7.23822909346451,82.6423049894589,"ssp2","flabellate"
"663",74.12499874292,0,130,97,1172,1399,227,0,9.29235167977127,6.93352394567548,83.7741243745533,"ssp2","flabellate"
"664",74.174998742072,0,125,95,1158,1378,220,0,9.0711175616836,6.89404934687954,84.0348330914369,"ssp2","flabellate"
"665",74.2249987412241,1,128,88,1160,1377,217,0.0726216412490922,9.29557007988381,6.39070442992012,84.241103848947,"ssp2","flabellate"
"666",74.2749987403761,0,115,65,1192,1372,180,0,8.38192419825073,4.73760932944606,86.8804664723032,"ssp2","flabellate"
"667",74.3249987395282,0,117,67,1177,1361,184,0,8.59662013225569,4.92285084496694,86.4805290227774,"ssp2","flabellate"
"668",74.3749987386803,0,125,64,1172,1361,189,0,9.1844232182219,4.70242468772961,86.1131520940485,"ssp2","flabellate"
"669",74.4249987378323,0,95,79,1171,1345,174,0,7.0631970260223,5.87360594795539,87.0631970260223,"ssp2","flabellate"
"670",74.4749987369844,0,88,67,1184,1339,155,0,6.57206870799104,5.00373412994772,88.4241971620612,"ssp2","flabellate"
"671",74.5249987361364,0,89,77,1187,1353,166,0,6.5779748706578,5.69105691056911,87.7309682187731,"ssp2","flabellate"
"672",74.5749987352885,0,87,76,1180,1343,163,0,6.47803425167535,5.65897244973939,87.8629932985853,"ssp2","flabellate"
"673",74.6249987344405,0,68,90,1195,1353,158,0,5.02586844050259,6.65188470066519,88.3222468588322,"ssp2","flabellate"
"674",74.6749987335926,0,76,75,1226,1377,151,0,5.51924473493101,5.44662309368192,89.0341321713871,"ssp2","flabellate"
"675",74.7249987327446,0,94,56,1218,1368,150,0,6.87134502923977,4.09356725146199,89.0350877192982,"ssp2","flabellate"
"676",74.7749987318967,0,110,67,1191,1368,177,0,8.04093567251462,4.89766081871345,87.0614035087719,"ssp2","flabellate"
"677",74.8249987310488,0,107,65,1191,1363,172,0,7.8503301540719,4.76889214966985,87.3807776962582,"ssp2","flabellate"
"678",74.8749987302008,3,105,47,1203,1358,155,0.220913107511046,7.7319587628866,3.46097201767305,88.5861561119293,"ssp2","flabellate"
"679",74.9249987293529,1,74,38,1244,1357,113,0.0736919675755343,5.45320560058954,2.8002947678703,91.6728076639646,"ssp2","flabellate"
"680",74.9749987285049,1,72,50,1225,1348,123,0.0741839762611276,5.34124629080119,3.70919881305638,90.8753709198813,"ssp2","flabellate"
"681",75.024998727657,0,67,58,1198,1323,125,0,5.06424792139078,4.38397581254724,90.551776266062,"ssp2","flabellate"
"682",75.074998726809,0,55,61,1215,1331,116,0,4.13223140495868,4.58302028549962,91.2847483095417,"ssp2","flabellate"
"683",75.1249987259611,0,73,44,1218,1335,117,0,5.46816479400749,3.29588014981273,91.2359550561798,"ssp2","flabellate"
"684",75.1749987251131,1,84,44,1199,1328,129,0.0753012048192771,6.32530120481928,3.31325301204819,90.2861445783133,"ssp2","flabellate"
"685",75.2249987242652,1,69,54,1211,1335,124,0.0749063670411985,5.1685393258427,4.04494382022472,90.7116104868914,"ssp2","flabellate"
"686",75.2749987234172,1,73,60,1193,1327,134,0.0753579502637528,5.50113036925396,4.52147701582517,89.9020346646571,"ssp2","flabellate"
"687",75.3249987225693,2,74,62,1176,1314,138,0.15220700152207,5.63165905631659,4.71841704718417,89.4977168949772,"ssp2","flabellate"
"688",75.3749987217213,0,85,66,1167,1318,151,0,6.44916540212443,5.00758725341426,88.5432473444613,"ssp2","flabellate"
"689",75.4249987208734,1,91,71,1161,1324,163,0.0755287009063444,6.87311178247734,5.36253776435045,87.6888217522659,"ssp2","flabellate"
"690",75.4749987200255,1,91,66,1169,1327,158,0.0753579502637528,6.85757347400151,4.97362471740769,88.0934438583271,"ssp2","flabellate"
"691",75.5249987191775,1,89,85,1152,1327,175,0.0753579502637528,6.706857573474,6.40542577241899,86.8123587038432,"ssp2","flabellate"
"692",75.5749987183296,2,82,92,1149,1325,176,0.150943396226415,6.18867924528302,6.94339622641509,86.7169811320755,"ssp2","flabellate"
"693",75.6249987174816,0,106,90,1131,1327,196,0,7.9879427279578,6.78221552373775,85.2298417483045,"ssp2","flabellate"
"694",75.6749987166337,1,90,87,1143,1321,178,0.0757002271006813,6.81302043906132,6.58591975775927,86.5253595760787,"ssp2","flabellate"
"695",75.7249987157857,2,94,76,1144,1316,172,0.151975683890578,7.14285714285714,5.77507598784195,86.9300911854103,"ssp2","flabellate"
"696",75.7749987149378,0,109,79,1121,1309,188,0,8.32696715049656,6.03514132925898,85.6378915202445,"ssp2","flabellate"
"697",75.8249987140898,0,113,94,1098,1305,207,0,8.65900383141762,7.20306513409962,84.1379310344828,"ssp2","flabellate"
"698",75.8749987132419,1,132,100,1071,1304,233,0.0766871165644172,10.1226993865031,7.66871165644172,82.1319018404908,"ssp2","flabellate"
"699",75.9249987123939,1,130,102,1072,1305,233,0.0766283524904215,9.96168582375479,7.81609195402299,82.1455938697318,"ssp2","flabellate"
"700",75.974998711546,0,111,108,1083,1302,219,0,8.52534562211982,8.29493087557604,83.1797235023041,"ssp2","flabellate"
"701",76.024998710698,1,120,104,1075,1300,225,0.0769230769230769,9.23076923076923,8,82.6923076923077,"ssp2","flabellate"
"702",76.0749987098501,0,109,103,1079,1291,212,0,8.44306738962045,7.97831138652208,83.5786212238575,"ssp2","flabellate"
"703",76.1249987090021,0,102,112,1077,1291,214,0,7.90085205267235,8.67544539116964,83.423702556158,"ssp2","flabellate"
"704",76.1749987081542,0,91,122,1079,1292,213,0,7.04334365325077,9.44272445820433,83.5139318885449,"ssp2","flabellate"
"705",76.2249987073063,0,74,106,1125,1305,180,0,5.67049808429119,8.12260536398467,86.2068965517241,"ssp2","flabellate"
"706",76.2749987064583,0,70,84,1163,1317,154,0,5.31511009870919,6.37813211845103,88.3067577828398,"ssp2","flabellate"
"707",76.3249987056104,0,95,77,1143,1315,172,0,7.22433460076046,5.85551330798479,86.9201520912547,"ssp2","flabellate"
"708",76.3749987047624,0,86,64,1174,1324,150,0,6.49546827794562,4.83383685800604,88.6706948640483,"ssp2","flabellate"
"709",76.4249987039145,0,80,68,1179,1327,148,0,6.02863602110023,5.12434061793519,88.8470233609646,"ssp2","flabellate"
"710",76.4749987030665,0,100,55,1163,1318,155,0,7.58725341426404,4.17298937784522,88.2397572078907,"ssp2","flabellate"
"711",76.5249987022186,0,89,55,1179,1323,144,0,6.72713529856387,4.15721844293273,89.1156462585034,"ssp2","flabellate"
"712",76.5749987013706,0,93,50,1173,1316,143,0,7.06686930091185,3.79939209726444,89.1337386018237,"ssp2","flabellate"
"713",76.6249987005227,0,97,49,1169,1315,146,0,7.37642585551331,3.72623574144487,88.8973384030418,"ssp2","flabellate"
"714",76.6749986996747,0,84,43,1189,1316,127,0,6.38297872340426,3.26747720364742,90.3495440729483,"ssp2","flabellate"
"715",76.7249986988268,0,76,29,1202,1307,105,0,5.81484315225708,2.21882172915073,91.9663351185922,"ssp2","flabellate"
"716",76.7749986979788,0,61,21,1220,1302,82,0,4.68509984639017,1.61290322580645,93.7019969278034,"ssp2","flabellate"
"717",76.8249986971309,0,38,19,1221,1278,57,0,2.97339593114241,1.4866979655712,95.5399061032864,"ssp2","flabellate"
"718",76.874998696283,0,34,20,1200,1254,54,0,2.71132376395534,1.59489633173844,95.6937799043062,"ssp2","flabellate"
"719",76.924998695435,0,33,23,1186,1242,56,0,2.65700483091787,1.85185185185185,95.4911433172303,"ssp2","flabellate"
"720",76.9749986945871,0,32,14,1193,1239,46,0,2.58272800645682,1.12994350282486,96.2873284907183,"ssp2","flabellate"
"721",77.0249986937391,0,29,10,1189,1228,39,0,2.36156351791531,0.814332247557003,96.8241042345277,"ssp2","flabellate"
"722",77.0749986928912,0,41,14,1167,1222,55,0,3.35515548281506,1.14566284779051,95.4991816693944,"ssp2","flabellate"
"723",77.1249986920432,0,45,18,1155,1218,63,0,3.69458128078818,1.47783251231527,94.8275862068966,"ssp2","flabellate"
"724",77.1749986911953,0,43,24,1144,1211,67,0,3.55078447563997,1.98183319570603,94.467382328654,"ssp2","flabellate"
"725",77.2249986903473,0,41,20,1148,1209,61,0,3.39123242349049,1.65425971877585,94.9545078577337,"ssp2","flabellate"
"726",77.2749986894994,0,29,29,1149,1207,58,0,2.4026512013256,2.4026512013256,95.1946975973488,"ssp2","flabellate"
"727",77.3249986886514,0,27,24,1167,1218,51,0,2.21674876847291,1.97044334975369,95.8128078817734,"ssp2","flabellate"
"728",77.3749986878035,0,21,27,1183,1231,48,0,1.70593013809911,2.19333874898457,96.1007311129163,"ssp2","flabellate"
"729",77.4249986869555,0,26,25,1167,1218,51,0,2.13464696223317,2.05254515599343,95.8128078817734,"ssp2","flabellate"
"730",77.4749986861076,0,43,17,1146,1206,60,0,3.56550580431177,1.40961857379768,95.0248756218905,"ssp2","flabellate"
"731",77.5249986852597,0,24,22,1141,1187,46,0,2.02190395956192,1.85341196293176,96.1246840775063,"ssp2","flabellate"
"732",77.5749986844117,0,20,26,1159,1205,46,0,1.6597510373444,2.15767634854772,96.1825726141079,"ssp2","flabellate"
"733",77.6249986835638,0,33,15,1124,1172,48,0,2.81569965870307,1.27986348122867,95.9044368600683,"ssp2","flabellate"
"734",77.6749986827158,0,29,20,1109,1158,49,0,2.50431778929188,1.72711571675302,95.7685664939551,"ssp2","flabellate"
"735",77.7249986818679,0,35,6,1130,1171,41,0,2.98889837745517,0.512382578992314,96.4987190435525,"ssp2","flabellate"
"736",77.7749986810199,0,14,0,1155,1169,14,0,1.19760479041916,0,98.8023952095808,"ssp2","flabellate"
"737",77.824998680172,0,38,0,1132,1170,38,0,3.24786324786325,0,96.7521367521367,"ssp2","flabellate"
"738",77.874998679324,0,29,21,1108,1158,50,0,2.50431778929188,1.81347150259067,95.6822107081174,"ssp2","flabellate"
"739",77.9249986784761,0,40,17,1112,1169,57,0,3.42172797262618,1.45423438836612,95.1240376390077,"ssp2","flabellate"
"740",77.9749986776282,0,32,22,1130,1184,54,0,2.7027027027027,1.85810810810811,95.4391891891892,"ssp2","flabellate"
"741",78.0249986767802,0,46,54,1086,1186,100,0,3.87858347386172,4.5531197301855,91.5682967959528,"ssp2","flabellate"
"742",78.0749986759322,0,50,63,1057,1170,113,0,4.27350427350427,5.38461538461539,90.3418803418803,"ssp2","flabellate"
"743",78.1249986750843,0,87,34,1066,1187,121,0,7.32940185341196,2.86436394271272,89.8062342038753,"ssp2","flabellate"
"744",78.1749986742364,0,105,41,1065,1211,146,0,8.67052023121387,3.38563170933113,87.943848059455,"ssp2","flabellate"
"745",78.2249986733884,0,79,59,1062,1200,138,0,6.58333333333333,4.91666666666667,88.5,"ssp2","flabellate"
"746",78.2749986725405,0,89,23,1080,1192,112,0,7.46644295302013,1.92953020134228,90.6040268456376,"ssp2","flabellate"
"747",78.3249986716925,0,59,4,1126,1189,63,0,4.96215306980656,0.336417157275021,94.7014297729184,"ssp2","flabellate"
"748",78.3749986708446,0,43,0,1165,1208,43,0,3.55960264900662,0,96.4403973509934,"ssp2","flabellate"
"749",78.4249986699966,0,40,15,1132,1187,55,0,3.3698399326032,1.2636899747262,95.3664700926706,"ssp2","flabellate"
"750",78.4749986691487,0,46,11,1119,1176,57,0,3.91156462585034,0.935374149659864,95.1530612244898,"ssp2","flabellate"
"751",78.5249986683007,0,65,0,1123,1188,65,0,5.47138047138047,0,94.5286195286195,"ssp2","flabellate"
"752",78.5749986674528,0,34,9,1129,1172,43,0,2.90102389078498,0.767918088737201,96.3310580204778,"ssp2","flabellate"
"753",78.6249986666049,0,25,20,1117,1162,45,0,2.15146299483649,1.72117039586919,96.1273666092943,"ssp2","flabellate"
"754",78.6749986657569,0,36,7,1101,1144,43,0,3.14685314685315,0.611888111888112,96.2412587412587,"ssp2","flabellate"
"755",78.724998664909,0,38,6,1058,1102,44,0,3.44827586206897,0.544464609800363,96.0072595281307,"ssp2","flabellate"
"756",78.774998664061,0,40,11,1049,1100,51,0,3.63636363636364,1,95.3636363636364,"ssp2","flabellate"
"757",78.8249986632131,0,58,12,1031,1101,70,0,5.26793823796549,1.08991825613079,93.6421435059037,"ssp2","flabellate"
"758",78.8749986623651,0,79,29,992,1100,108,0,7.18181818181818,2.63636363636364,90.1818181818182,"ssp2","flabellate"
"759",78.9249986615172,0,79,41,1016,1136,120,0,6.95422535211268,3.60915492957746,89.4366197183099,"ssp2","flabellate"
"760",78.9749986606692,0,77,30,1044,1151,107,0,6.68983492615117,2.60642919200695,90.7037358818419,"ssp2","flabellate"
"761",79.0249986598213,0,42,25,1068,1135,67,0,3.70044052863436,2.20264317180617,94.0969162995595,"ssp2","flabellate"
"762",79.0749986589733,0,54,20,1044,1118,74,0,4.83005366726297,1.78890876565295,93.3810375670841,"ssp2","flabellate"
"763",79.1249986581254,0,43,34,1050,1127,77,0,3.81543921916593,3.01685891748004,93.167701863354,"ssp2","flabellate"
"764",79.1749986572774,0,55,47,1037,1139,102,0,4.828797190518,4.12642669007902,91.044776119403,"ssp2","flabellate"
"765",79.2249986564295,0,91,17,1015,1123,108,0,8.10329474621549,1.51380231522707,90.3829029385574,"ssp2","flabellate"
"766",79.2749986555816,0,77,29,1010,1116,106,0,6.89964157706093,2.59856630824373,90.5017921146953,"ssp2","flabellate"
"767",79.3249986547336,0,130,30,954,1114,160,0,11.6696588868941,2.69299820466786,85.6373429084381,"ssp2","flabellate"
"768",79.3749986538857,0,184,58,821,1063,242,0,17.3095014111007,5.45625587958608,77.2342427093133,"ssp2","flabellate"
"769",79.4249986530377,0,147,68,829,1044,215,0,14.0804597701149,6.51340996168582,79.4061302681992,"ssp2","flabellate"
"770",79.4749986521898,0,115,76,852,1043,191,0,11.025886864813,7.28667305848514,81.6874400767018,"ssp2","flabellate"
"771",79.5249986513418,0,151,69,817,1037,220,0,14.5612343297975,6.65380906460945,78.7849566055931,"ssp2","flabellate"
"772",79.5749986504939,0,102,104,844,1050,206,0,9.71428571428571,9.90476190476191,80.3809523809524,"ssp2","flabellate"
"773",79.6249986496459,0,84,134,854,1072,218,0,7.83582089552239,12.5,79.6641791044776,"ssp2","flabellate"
"774",79.674998648798,0,124,101,841,1066,225,0,11.6322701688555,9.47467166979362,78.8930581613509,"ssp2","flabellate"
"775",79.72499864795,0,116,92,866,1074,208,0,10.8007448789572,8.56610800744879,80.633147113594,"ssp2","flabellate"
"776",79.7749986471021,0,104,94,838,1036,198,0,10.03861003861,9.07335907335907,80.8880308880309,"ssp2","flabellate"
"777",79.8249986462541,0,72,91,858,1021,163,0,7.05190989226249,8.9128305582762,84.0352595494613,"ssp2","flabellate"
"778",79.8749986454062,0,87,94,870,1051,181,0,8.27783063748811,8.94386298763083,82.7783063748811,"ssp2","flabellate"
"779",79.9249986445582,0,103,100,851,1054,203,0,9.77229601518026,9.4876660341556,80.7400379506641,"ssp2","flabellate"
"780",79.9749986437103,0,116,116,842,1074,232,0,10.8007448789572,10.8007448789572,78.3985102420857,"ssp2","flabellate"
"781",80.0249986428624,0,92,146,851,1089,238,0,8.44811753902663,13.406795224977,78.1450872359963,"ssp2","flabellate"
"782",80.0749986420144,0,89,144,857,1090,233,0,8.1651376146789,13.2110091743119,78.6238532110092,"ssp2","flabellate"
"783",80.1249986411665,0,113,114,864,1091,227,0,10.3574702108158,10.4491292392301,79.1934005499542,"ssp2","flabellate"
"784",80.1749986403185,0,111,116,873,1100,227,0,10.0909090909091,10.5454545454545,79.3636363636364,"ssp2","flabellate"
"785",80.2249986394706,0,126,139,862,1127,265,0,11.1801242236025,12.3336291038154,76.4862466725821,"ssp2","flabellate"
"786",80.2749986386226,0,142,139,858,1139,281,0,12.4670763827919,12.2036874451273,75.3292361720808,"ssp2","flabellate"
"787",80.3249986377747,3,139,99,921,1162,241,0.258175559380379,11.9621342512909,8.5197934595525,79.2598967297762,"ssp2","flabellate"
"788",80.3749986369267,0,123,96,970,1189,219,0,10.3448275862069,8.07401177460051,81.5811606391926,"ssp2","flabellate"
"789",80.4249986360788,1,123,117,950,1191,241,0.0839630562552477,10.3274559193955,9.82367758186398,79.7649034424853,"ssp2","flabellate"
"790",80.4749986352308,0,145,139,932,1216,284,0,11.9243421052632,11.4309210526316,76.6447368421053,"ssp2","flabellate"
"791",80.5249986343829,0,126,163,966,1255,289,0,10.0398406374502,12.9880478087649,76.9721115537849,"ssp2","flabellate"
"792",80.5749986335349,0,120,172,964,1256,292,0,9.55414012738854,13.6942675159236,76.7515923566879,"ssp2","flabellate"
"793",80.624998632687,0,148,142,944,1234,290,0,11.9935170178282,11.5072933549433,76.4991896272285,"ssp2","flabellate"
"794",80.6749986318391,0,150,128,934,1212,278,0,12.3762376237624,10.5610561056106,77.0627062706271,"ssp2","flabellate"
"795",80.7249986309911,9,135,157,909,1210,301,0.743801652892562,11.1570247933884,12.9752066115702,75.1239669421488,"ssp2","flabellate"
"796",80.7749986301432,4,133,153,895,1185,290,0.337552742616034,11.2236286919831,12.9113924050633,75.5274261603376,"ssp2","flabellate"
"797",80.8249986292952,7,138,137,908,1190,282,0.588235294117647,11.5966386554622,11.5126050420168,76.3025210084034,"ssp2","flabellate"
"798",80.8749986284473,12,130,166,886,1194,308,1.00502512562814,10.8877721943049,13.9028475711893,74.2043551088777,"ssp2","flabellate"
"799",80.9249986275993,24,113,172,893,1202,309,1.99667221297837,9.40099833610649,14.3094841930116,74.2928452579035,"ssp2","flabellate"
"800",80.9749986267514,11,133,221,824,1189,365,0.925147182506308,11.1858704793944,18.5870479394449,69.3019343986543,"ssp2","flabellate"
"801",81.0249986259034,12,159,227,778,1176,398,1.02040816326531,13.5204081632653,19.3027210884354,66.156462585034,"ssp2","flabellate"
"802",81.0749986250555,11,146,239,780,1176,396,0.935374149659864,12.4149659863946,20.3231292517007,66.3265306122449,"ssp2","flabellate"
"803",81.1249986242075,14,159,208,786,1167,381,1.19965724078835,13.6246786632391,17.8234790059983,67.3521850899743,"ssp2","flabellate"
"804",81.1749986233596,6,168,228,764,1166,402,0.514579759862779,14.4082332761578,19.5540308747856,65.5231560891938,"ssp2","flabellate"
"805",81.2249986225116,1,203,196,764,1164,400,0.0859106529209622,17.4398625429553,16.8384879725086,65.6357388316151,"ssp2","flabellate"
"806",81.2749986216637,0,178,188,795,1161,366,0,15.3316106804479,16.1929371231697,68.4754521963824,"ssp2","flabellate"
"807",81.3249986208158,0,120,179,852,1151,299,0,10.4257167680278,15.5516941789748,74.0225890529974,"ssp2","flabellate"
"808",81.3749986199678,0,104,152,900,1156,256,0,8.99653979238754,13.1487889273356,77.8546712802768,"ssp2","flabellate"
"809",81.4249986191199,0,85,134,976,1195,219,0,7.11297071129707,11.2133891213389,81.673640167364,"ssp2","flabellate"
"810",81.4749986182719,0,54,134,1043,1231,188,0,4.38667749796913,10.8854589764419,84.727863525589,"ssp2","flabellate"
"811",81.524998617424,0,57,112,1072,1241,169,0,4.59307010475423,9.02497985495568,86.3819500402901,"ssp2","flabellate"
"812",81.574998616576,0,40,85,1114,1239,125,0,3.22841000807102,6.86037126715093,89.911218724778,"ssp2","flabellate"
"813",81.6249986157281,0,42,64,1182,1288,106,0,3.26086956521739,4.96894409937888,91.7701863354037,"ssp2","flabellate"
"814",81.6749986148801,0,57,42,1211,1310,99,0,4.35114503816794,3.20610687022901,92.4427480916031,"ssp2","flabellate"
"815",81.7249986140322,0,91,30,1226,1347,121,0,6.75575352635486,2.2271714922049,91.0170749814402,"ssp2","flabellate"
"816",81.7749986131843,0,97,31,1259,1387,128,0,6.99351117519827,2.23503965392934,90.7714491708724,"ssp2","flabellate"
"817",81.8249986123363,0,79,42,1301,1422,121,0,5.55555555555556,2.9535864978903,91.4908579465541,"ssp2","flabellate"
"818",81.8749986114884,0,77,35,1347,1459,112,0,5.27758738862234,2.3989033584647,92.323509252913,"ssp2","flabellate"
"819",81.9249986106404,0,96,0,1360,1456,96,0,6.59340659340659,0,93.4065934065934,"ssp2","flabellate"
"820",81.9749986097925,0,49,0,1400,1449,49,0,3.38164251207729,0,96.6183574879227,"ssp2","flabellate"
"821",82.0249986089445,0,33,0,1484,1517,33,0,2.1753460777851,0,97.8246539222149,"ssp2","flabellate"
"822",82.0749986080966,0,15,0,1550,1565,15,0,0.958466453674121,0,99.0415335463259,"ssp2","flabellate"
"823",82.1249986072486,0,0,0,1594,1594,0,0,0,0,100,"ssp2","flabellate"
"824",82.1749986064007,0,0,0,1556,1556,0,0,0,0,100,"ssp2","flabellate"
"825",82.2249986055527,0,11,0,1523,1534,11,0,0.717079530638853,0,99.2829204693611,"ssp2","flabellate"
"826",82.2749986047048,0,15,0,1531,1546,15,0,0.970245795601552,0,99.0297542043984,"ssp2","flabellate"
"827",82.3249986038568,0,0,0,1541,1541,0,0,0,0,100,"ssp2","flabellate"
"828",82.3749986030089,0,0,0,1534,1534,0,0,0,0,100,"ssp2","flabellate"
"829",82.424998602161,0,0,0,1538,1538,0,0,0,0,100,"ssp2","flabellate"
"830",82.474998601313,0,0,0,1568,1568,0,0,0,0,100,"ssp2","flabellate"
"831",82.5249986004651,0,0,0,1569,1569,0,0,0,0,100,"ssp2","flabellate"
"832",82.5749985996171,0,0,0,1568,1568,0,0,0,0,100,"ssp2","flabellate"
"833",82.6249985987692,0,0,0,1601,1601,0,0,0,0,100,"ssp2","flabellate"
"834",82.6749985979212,0,0,0,1598,1598,0,0,0,0,100,"ssp2","flabellate"
"835",82.7249985970733,0,0,0,1652,1652,0,0,0,0,100,"ssp2","flabellate"
"836",82.7749985962253,0,0,0,1648,1648,0,0,0,0,100,"ssp2","flabellate"
"837",82.8249985953774,0,0,0,1581,1581,0,0,0,0,100,"ssp2","flabellate"
"838",82.8749985945294,0,0,0,1608,1608,0,0,0,0,100,"ssp2","flabellate"
"839",82.9249985936815,0,0,0,1652,1652,0,0,0,0,100,"ssp2","flabellate"
"840",82.9749985928335,0,0,0,1660,1660,0,0,0,0,100,"ssp2","flabellate"
"841",41.0249993042603,6,0,3,1349,1358,9,0.441826215022091,0,0.220913107511046,99.3372606774669,"ssp5","flabellate"
"842",41.0749993034123,6,0,3,1366,1375,9,0.436363636363636,0,0.218181818181818,99.3454545454545,"ssp5","flabellate"
"843",41.1249993025644,6,0,4,1390,1400,10,0.428571428571429,0,0.285714285714286,99.2857142857143,"ssp5","flabellate"
"844",41.1749993017164,5,0,3,1423,1431,8,0.349406009783368,0,0.209643605870021,99.4409503843466,"ssp5","flabellate"
"845",41.2249993008685,5,0,3,1433,1441,8,0.346981263011797,0,0.208188757807078,99.4448299791811,"ssp5","flabellate"
"846",41.2749993000205,3,0,3,1441,1447,6,0.207325501036628,0,0.207325501036628,99.5853489979267,"ssp5","flabellate"
"847",41.3249992991726,5,0,2,1444,1451,7,0.344589937973811,0,0.137835975189524,99.5175740868367,"ssp5","flabellate"
"848",41.3749992983247,6,0,2,1459,1467,8,0.408997955010225,0,0.136332651670075,99.4546693933197,"ssp5","flabellate"
"849",41.4249992974767,5,0,2,1463,1470,7,0.340136054421769,0,0.136054421768707,99.5238095238095,"ssp5","flabellate"
"850",41.4749992966288,8,0,1,1463,1472,9,0.543478260869565,0,0.0679347826086956,99.3885869565217,"ssp5","flabellate"
"851",41.5249992957808,5,0,3,1464,1472,8,0.339673913043478,0,0.203804347826087,99.4565217391304,"ssp5","flabellate"
"852",41.5749992949329,5,0,2,1463,1470,7,0.340136054421769,0,0.136054421768707,99.5238095238095,"ssp5","flabellate"
"853",41.6249992940849,3,0,3,1466,1472,6,0.203804347826087,0,0.203804347826087,99.5923913043478,"ssp5","flabellate"
"854",41.674999293237,4,0,3,1473,1480,7,0.27027027027027,0,0.202702702702703,99.527027027027,"ssp5","flabellate"
"855",41.724999292389,5,0,2,1476,1483,7,0.337154416722859,0,0.134861766689144,99.527983816588,"ssp5","flabellate"
"856",41.7749992915411,2,0,4,1475,1481,6,0.135043889264011,0,0.270087778528022,99.594868332208,"ssp5","flabellate"
"857",41.8249992906931,2,0,6,1475,1483,8,0.134861766689144,0,0.404585300067431,99.4605529332434,"ssp5","flabellate"
"858",41.8749992898452,4,0,4,1476,1484,8,0.269541778975741,0,0.269541778975741,99.4609164420485,"ssp5","flabellate"
"859",41.9249992889972,5,0,5,1484,1494,10,0.334672021419009,0,0.334672021419009,99.330655957162,"ssp5","flabellate"
"860",41.9749992881493,6,0,3,1510,1519,9,0.394996708360764,0,0.197498354180382,99.4075049374589,"ssp5","flabellate"
"861",42.0249992873013,8,0,2,1526,1536,10,0.520833333333333,0,0.130208333333333,99.3489583333333,"ssp5","flabellate"
"862",42.0749992864534,9,0,2,1527,1538,11,0.5851755526658,0,0.130039011703511,99.2847854356307,"ssp5","flabellate"
"863",42.1249992856055,10,0,3,1525,1538,13,0.650195058517555,0,0.195058517555267,99.1547464239272,"ssp5","flabellate"
"864",42.1749992847575,9,0,3,1526,1538,12,0.5851755526658,0,0.195058517555267,99.2197659297789,"ssp5","flabellate"
"865",42.2249992839096,7,0,4,1530,1541,11,0.45425048669695,0,0.259571706683971,99.2861778066191,"ssp5","flabellate"
"866",42.2749992830616,18,0,2,1520,1540,20,1.16883116883117,0,0.12987012987013,98.7012987012987,"ssp5","flabellate"
"867",42.3249992822137,23,0,2,1505,1530,25,1.50326797385621,0,0.130718954248366,98.3660130718954,"ssp5","flabellate"
"868",42.3749992813657,23,0,2,1509,1534,25,1.4993481095176,0,0.130378096479791,98.3702737940026,"ssp5","flabellate"
"869",42.4249992805178,17,0,1,1510,1528,18,1.11256544502618,0,0.0654450261780105,98.8219895287958,"ssp5","flabellate"
"870",42.4749992796698,25,0,1,1506,1532,26,1.63185378590078,0,0.0652741514360313,98.3028720626632,"ssp5","flabellate"
"871",42.5249992788219,34,0,2,1495,1531,36,2.22077073807969,0,0.130633572828217,97.6485956890921,"ssp5","flabellate"
"872",42.5749992779739,31,0,2,1492,1525,33,2.0327868852459,0,0.131147540983607,97.8360655737705,"ssp5","flabellate"
"873",42.624999277126,37,0,2,1489,1528,39,2.42146596858639,0,0.130890052356021,97.4476439790576,"ssp5","flabellate"
"874",42.6749992762781,35,0,3,1489,1527,38,2.2920759659463,0,0.196463654223969,97.5114603798297,"ssp5","flabellate"
"875",42.7249992754301,34,0,2,1482,1518,36,2.23978919631094,0,0.131752305665349,97.6284584980237,"ssp5","flabellate"
"876",42.7749992745822,29,0,2,1477,1508,31,1.92307692307692,0,0.13262599469496,97.9442970822281,"ssp5","flabellate"
"877",42.8249992737342,26,0,2,1475,1503,28,1.72987358616101,0,0.133067198935462,98.1370592149035,"ssp5","flabellate"
"878",42.8749992728863,16,0,1,1487,1504,17,1.06382978723404,0,0.0664893617021277,98.8696808510638,"ssp5","flabellate"
"879",42.9249992720383,19,9,0,1465,1493,28,1.27260549229739,0.602813127930342,0,98.1245813797723,"ssp5","flabellate"
"880",42.9749992711904,12,7,1,1470,1490,20,0.805369127516779,0.469798657718121,0.0671140939597315,98.6577181208054,"ssp5","flabellate"
"881",43.0249992703424,20,8,0,1464,1492,28,1.34048257372654,0.536193029490617,0,98.1233243967828,"ssp5","flabellate"
"882",43.0749992694945,17,12,2,1457,1488,31,1.14247311827957,0.806451612903226,0.134408602150538,97.9166666666667,"ssp5","flabellate"
"883",43.1249992686465,23,15,0,1427,1465,38,1.56996587030717,1.02389078498294,0,97.4061433447099,"ssp5","flabellate"
"884",43.1749992677986,24,12,0,1417,1453,36,1.65175498967653,0.825877494838266,0,97.5223675154852,"ssp5","flabellate"
"885",43.2249992669506,25,4,2,1419,1450,31,1.72413793103448,0.275862068965517,0.137931034482759,97.8620689655173,"ssp5","flabellate"
"886",43.2749992661027,29,6,1,1403,1439,36,2.01528839471855,0.416956219596942,0.0694927032661571,97.4982626824183,"ssp5","flabellate"
"887",43.3249992652548,31,7,1,1411,1450,39,2.13793103448276,0.482758620689655,0.0689655172413793,97.3103448275862,"ssp5","flabellate"
"888",43.3749992644068,40,7,6,1391,1444,53,2.77008310249307,0.484764542936288,0.415512465373961,96.3296398891967,"ssp5","flabellate"
"889",43.4249992635589,45,4,15,1396,1460,64,3.08219178082192,0.273972602739726,1.02739726027397,95.6164383561644,"ssp5","flabellate"
"890",43.4749992627109,40,3,31,1382,1456,74,2.74725274725275,0.206043956043956,2.12912087912088,94.9175824175824,"ssp5","flabellate"
"891",43.524999261863,33,2,27,1395,1457,62,2.26492793411119,0.137268359643102,1.85312285518188,95.7446808510638,"ssp5","flabellate"
"892",43.574999261015,22,4,27,1423,1476,53,1.49051490514905,0.2710027100271,1.82926829268293,96.4092140921409,"ssp5","flabellate"
"893",43.6249992601671,20,3,42,1423,1488,65,1.34408602150538,0.201612903225806,2.82258064516129,95.6317204301075,"ssp5","flabellate"
"894",43.6749992593191,22,6,52,1411,1491,80,1.47551978537894,0.402414486921529,3.48759221998659,94.6344735077129,"ssp5","flabellate"
"895",43.7249992584712,12,4,53,1426,1495,69,0.802675585284281,0.267558528428094,3.54515050167224,95.3846153846154,"ssp5","flabellate"
"896",43.7749992576232,17,5,53,1417,1492,75,1.13941018766756,0.335120643431635,3.55227882037534,94.9731903485255,"ssp5","flabellate"
"897",43.8249992567753,13,4,62,1409,1488,79,0.873655913978495,0.268817204301075,4.16666666666667,94.6908602150538,"ssp5","flabellate"
"898",43.8749992559273,14,5,45,1418,1482,64,0.944669365721997,0.337381916329285,3.03643724696356,95.6815114709852,"ssp5","flabellate"
"899",43.9249992550794,10,5,33,1428,1476,48,0.677506775067751,0.338753387533875,2.23577235772358,96.7479674796748,"ssp5","flabellate"
"900",43.9749992542315,14,4,23,1436,1477,41,0.947867298578199,0.2708192281652,1.5572105619499,97.2241029113067,"ssp5","flabellate"
"901",44.0249992533835,16,7,19,1430,1472,42,1.08695652173913,0.47554347826087,1.29076086956522,97.1467391304348,"ssp5","flabellate"
"902",44.0749992525356,14,2,6,1443,1465,22,0.955631399317406,0.136518771331058,0.409556313993174,98.4982935153584,"ssp5","flabellate"
"903",44.1249992516876,2,1,1,1461,1465,4,0.136518771331058,0.068259385665529,0.068259385665529,99.7269624573379,"ssp5","flabellate"
"904",44.1749992508397,1,1,1,1455,1458,3,0.0685871056241426,0.0685871056241426,0.0685871056241426,99.7942386831276,"ssp5","flabellate"
"905",44.2249992499917,2,5,3,1444,1454,10,0.137551581843191,0.343878954607978,0.206327372764787,99.312242090784,"ssp5","flabellate"
"906",44.2749992491438,2,2,6,1443,1453,10,0.137646249139711,0.137646249139711,0.412938747419133,99.3117687543014,"ssp5","flabellate"
"907",44.3249992482958,2,1,5,1434,1442,8,0.13869625520111,0.0693481276005548,0.346740638002774,99.4452149791956,"ssp5","flabellate"
"908",44.3749992474479,1,3,8,1421,1433,12,0.0697836706210747,0.209351011863224,0.558269364968597,99.1625959525471,"ssp5","flabellate"
"909",44.4249992465999,1,3,4,1401,1409,8,0.07097232079489,0.21291696238467,0.28388928317956,99.4322214336409,"ssp5","flabellate"
"910",44.474999245752,2,3,3,1399,1407,8,0.142146410803127,0.213219616204691,0.213219616204691,99.4314143567875,"ssp5","flabellate"
"911",44.5249992449041,3,11,3,1379,1396,17,0.214899713467049,0.787965616045845,0.214899713467049,98.7822349570201,"ssp5","flabellate"
"912",44.5749992440561,3,4,1,1381,1389,8,0.215982721382289,0.287976961843053,0.0719942404607631,99.4240460763139,"ssp5","flabellate"
"913",44.6249992432082,2,4,0,1384,1390,6,0.143884892086331,0.287769784172662,0,99.568345323741,"ssp5","flabellate"
"914",44.6749992423602,0,2,0,1382,1384,2,0,0.144508670520231,0,99.8554913294798,"ssp5","flabellate"
"915",44.7249992415123,0,2,1,1374,1377,3,0,0.145243282498184,0.0726216412490922,99.7821350762527,"ssp5","flabellate"
"916",44.7749992406643,1,0,0,1366,1367,1,0.0731528895391368,0,0,99.9268471104609,"ssp5","flabellate"
"917",44.8249992398164,0,1,0,1346,1347,1,0,0.0742390497401633,0,99.9257609502598,"ssp5","flabellate"
"918",44.8749992389684,0,0,0,1341,1341,0,0,0,0,100,"ssp5","flabellate"
"919",44.9249992381205,1,0,0,1335,1336,1,0.0748502994011976,0,0,99.9251497005988,"ssp5","flabellate"
"920",44.9749992372725,1,0,3,1324,1328,4,0.0753012048192771,0,0.225903614457831,99.6987951807229,"ssp5","flabellate"
"921",45.0249992364246,1,0,5,1316,1322,6,0.075642965204236,0,0.37821482602118,99.5461422087746,"ssp5","flabellate"
"922",45.0749992355766,1,0,5,1301,1307,6,0.0765110941086457,0,0.382555470543229,99.5409334353481,"ssp5","flabellate"
"923",45.1249992347287,2,0,6,1284,1292,8,0.154798761609907,0,0.464396284829721,99.3808049535604,"ssp5","flabellate"
"924",45.1749992338807,0,0,10,1277,1287,10,0,0,0.777000777000777,99.2229992229992,"ssp5","flabellate"
"925",45.2249992330328,1,0,12,1271,1284,13,0.0778816199376947,0,0.934579439252336,98.98753894081,"ssp5","flabellate"
"926",45.2749992321849,1,0,12,1275,1288,13,0.077639751552795,0,0.93167701863354,98.9906832298137,"ssp5","flabellate"
"927",45.3249992313369,3,0,8,1274,1285,11,0.233463035019455,0,0.622568093385214,99.1439688715953,"ssp5","flabellate"
"928",45.374999230489,1,0,5,1278,1284,6,0.0778816199376947,0,0.389408099688474,99.5327102803738,"ssp5","flabellate"
"929",45.424999229641,1,0,6,1282,1289,7,0.0775795190069822,0,0.465477114041893,99.4569433669511,"ssp5","flabellate"
"930",45.4749992287931,2,0,5,1296,1303,7,0.153491941673062,0,0.383729854182655,99.4627782041443,"ssp5","flabellate"
"931",45.5249992279451,2,0,4,1300,1306,6,0.153139356814701,0,0.306278713629403,99.5405819295559,"ssp5","flabellate"
"932",45.5749992270972,0,0,9,1301,1310,9,0,0,0.687022900763359,99.3129770992366,"ssp5","flabellate"
"933",45.6249992262492,3,0,5,1299,1307,8,0.229533282325937,0,0.382555470543229,99.3879112471308,"ssp5","flabellate"
"934",45.6749992254013,3,0,8,1292,1303,11,0.230237912509593,0,0.613967766692249,99.1557943207982,"ssp5","flabellate"
"935",45.7249992245533,2,2,11,1284,1299,15,0.153964588144727,0.153964588144727,0.846805234795997,98.8452655889146,"ssp5","flabellate"
"936",45.7749992237054,3,1,9,1290,1303,13,0.230237912509593,0.0767459708365311,0.69071373752878,99.0023023791251,"ssp5","flabellate"
"937",45.8249992228574,2,1,11,1289,1303,14,0.153491941673062,0.0767459708365311,0.844205679201842,98.9255564082886,"ssp5","flabellate"
"938",45.8749992220095,0,0,11,1299,1310,11,0,0,0.83969465648855,99.1603053435114,"ssp5","flabellate"
"939",45.9249992211616,4,0,8,1297,1309,12,0.305576776165011,0,0.611153552330023,99.083269671505,"ssp5","flabellate"
"940",45.9749992203136,2,0,9,1295,1306,11,0.153139356814701,0,0.689127105666156,99.1577335375191,"ssp5","flabellate"
"941",46.0249992194657,2,0,12,1289,1303,14,0.153491941673062,0,0.920951650038373,98.9255564082886,"ssp5","flabellate"
"942",46.0749992186177,2,0,11,1294,1307,13,0.153022188217291,0,0.841622035195103,99.0053557765876,"ssp5","flabellate"
"943",46.1249992177698,4,1,13,1272,1290,18,0.310077519379845,0.0775193798449612,1.0077519379845,98.6046511627907,"ssp5","flabellate"
"944",46.1749992169218,0,0,11,1267,1278,11,0,0,0.860719874804382,99.1392801251956,"ssp5","flabellate"
"945",46.2249992160739,3,0,11,1260,1274,14,0.235478806907378,0,0.86342229199372,98.9010989010989,"ssp5","flabellate"
"946",46.2749992152259,1,0,11,1253,1265,12,0.0790513833992095,0,0.869565217391304,99.0513833992095,"ssp5","flabellate"
"947",46.324999214378,1,2,12,1241,1256,15,0.0796178343949045,0.159235668789809,0.955414012738854,98.8057324840764,"ssp5","flabellate"
"948",46.37499921353,0,2,19,1229,1250,21,0,0.16,1.52,98.32,"ssp5","flabellate"
"949",46.4249992126821,1,0,22,1219,1242,23,0.0805152979066023,0,1.77133655394525,98.1481481481482,"ssp5","flabellate"
"950",46.4749992118342,0,0,21,1211,1232,21,0,0,1.70454545454545,98.2954545454545,"ssp5","flabellate"
"951",46.5249992109862,2,0,16,1215,1233,18,0.16220600162206,0,1.29764801297648,98.5401459854015,"ssp5","flabellate"
"952",46.5749992101383,4,0,15,1213,1232,19,0.324675324675325,0,1.21753246753247,98.4577922077922,"ssp5","flabellate"
"953",46.6249992092903,2,0,22,1187,1211,24,0.165152766308836,0,1.81668042939719,98.018166804294,"ssp5","flabellate"
"954",46.6749992084424,3,1,21,1171,1196,25,0.250836120401338,0.0836120401337793,1.75585284280936,97.9096989966555,"ssp5","flabellate"
"955",46.7249992075944,3,3,13,1172,1191,19,0.251889168765743,0.251889168765743,1.09151973131822,98.4047019311503,"ssp5","flabellate"
"956",46.7749992067465,7,5,18,1152,1182,30,0.592216582064298,0.423011844331641,1.52284263959391,97.4619289340102,"ssp5","flabellate"
"957",46.8249992058985,7,3,27,1131,1168,37,0.599315068493151,0.256849315068493,2.31164383561644,96.8321917808219,"ssp5","flabellate"
"958",46.8749992050506,2,9,38,1119,1168,49,0.171232876712329,0.770547945205479,3.25342465753425,95.8047945205479,"ssp5","flabellate"
"959",46.9249992042026,0,6,32,1118,1156,38,0,0.519031141868512,2.7681660899654,96.7128027681661,"ssp5","flabellate"
"960",46.9749992033547,4,3,27,1119,1153,34,0.346921075455334,0.2601908065915,2.3417172593235,97.0511708586297,"ssp5","flabellate"
"961",47.0249992025067,1,1,22,1130,1154,24,0.0866551126516464,0.0866551126516464,1.90641247833622,97.9202772963605,"ssp5","flabellate"
"962",47.0749992016588,4,0,29,1122,1155,33,0.346320346320346,0,2.51082251082251,97.1428571428571,"ssp5","flabellate"
"963",47.1249992008109,1,2,27,1115,1145,30,0.0873362445414847,0.174672489082969,2.35807860262009,97.3799126637555,"ssp5","flabellate"
"964",47.1749991999629,2,1,23,1109,1135,26,0.176211453744493,0.0881057268722467,2.02643171806167,97.7092511013216,"ssp5","flabellate"
"965",47.224999199115,3,3,21,1104,1131,27,0.26525198938992,0.26525198938992,1.85676392572944,97.6127320954907,"ssp5","flabellate"
"966",47.274999198267,3,6,18,1096,1123,27,0.267141585040071,0.534283170080142,1.60284951024043,97.5957257346394,"ssp5","flabellate"
"967",47.3249991974191,3,0,24,1089,1116,27,0.268817204301075,0,2.1505376344086,97.5806451612903,"ssp5","flabellate"
"968",47.3749991965711,5,1,25,1079,1110,31,0.45045045045045,0.0900900900900901,2.25225225225225,97.2072072072072,"ssp5","flabellate"
"969",47.4249991957232,7,0,24,1082,1113,31,0.628930817610063,0,2.15633423180593,97.214734950584,"ssp5","flabellate"
"970",47.4749991948752,7,1,27,1072,1107,35,0.632339656729901,0.0903342366757001,2.4390243902439,96.8383017163505,"ssp5","flabellate"
"971",47.5249991940273,5,4,27,1069,1105,36,0.452488687782805,0.361990950226244,2.44343891402715,96.7420814479638,"ssp5","flabellate"
"972",47.5749991931793,5,6,35,1054,1100,46,0.454545454545455,0.545454545454546,3.18181818181818,95.8181818181818,"ssp5","flabellate"
"973",47.6249991923314,0,5,45,1005,1055,50,0,0.4739336492891,4.2654028436019,95.260663507109,"ssp5","flabellate"
"974",47.6749991914835,3,2,39,989,1033,44,0.290416263310745,0.193610842207164,3.77541142303969,95.7405614714424,"ssp5","flabellate"
"975",47.7249991906355,3,2,44,976,1025,49,0.292682926829268,0.195121951219512,4.29268292682927,95.219512195122,"ssp5","flabellate"
"976",47.7749991897876,0,3,39,972,1014,42,0,0.29585798816568,3.84615384615385,95.8579881656805,"ssp5","flabellate"
"977",47.8249991889396,0,2,42,958,1002,44,0,0.199600798403194,4.19161676646707,95.6087824351297,"ssp5","flabellate"
"978",47.8749991880917,0,1,44,953,998,45,0,0.100200400801603,4.40881763527054,95.4909819639279,"ssp5","flabellate"
"979",47.9249991872437,5,2,40,945,992,47,0.504032258064516,0.201612903225806,4.03225806451613,95.2620967741936,"ssp5","flabellate"
"980",47.9749991863958,3,3,43,942,991,49,0.302724520686176,0.302724520686176,4.33905146316852,95.0554994954591,"ssp5","flabellate"
"981",48.0249991855478,0,1,42,948,991,43,0,0.100908173562059,4.23814328960646,95.6609485368315,"ssp5","flabellate"
"982",48.0749991846999,1,1,44,951,997,46,0.100300902708124,0.100300902708124,4.41323971915747,95.3861584754263,"ssp5","flabellate"
"983",48.1249991838519,3,3,44,953,1003,50,0.299102691924227,0.299102691924227,4.38683948155533,95.0149551345962,"ssp5","flabellate"
"984",48.174999183004,3,2,43,958,1006,48,0.298210735586481,0.198807157057654,4.27435387673956,95.2286282306163,"ssp5","flabellate"
"985",48.224999182156,1,1,55,948,1005,57,0.099502487562189,0.099502487562189,5.4726368159204,94.3283582089552,"ssp5","flabellate"
"986",48.2749991813081,1,0,60,940,1001,61,0.0999000999000999,0,5.99400599400599,93.9060939060939,"ssp5","flabellate"
"987",48.3249991804601,0,1,61,940,1002,62,0,0.0998003992015968,6.0878243512974,93.812375249501,"ssp5","flabellate"
"988",48.3749991796122,0,1,60,937,998,61,0,0.100200400801603,6.01202404809619,93.8877755511022,"ssp5","flabellate"
"989",48.4249991787643,0,1,58,937,996,59,0,0.100401606425703,5.82329317269076,94.0763052208835,"ssp5","flabellate"
"990",48.4749991779163,2,2,58,934,996,62,0.200803212851406,0.200803212851406,5.82329317269076,93.7751004016064,"ssp5","flabellate"
"991",48.5249991770684,0,2,58,933,993,60,0,0.201409869083585,5.84088620342397,93.9577039274924,"ssp5","flabellate"
"992",48.5749991762204,1,4,61,936,1002,66,0.0998003992015968,0.399201596806387,6.0878243512974,93.4131736526946,"ssp5","flabellate"
"993",48.6249991753725,5,6,51,961,1023,62,0.488758553274682,0.586510263929619,4.98533724340176,93.9393939393939,"ssp5","flabellate"
"994",48.6749991745245,7,3,50,982,1042,60,0.671785028790787,0.287907869481766,4.79846449136276,94.2418426103647,"ssp5","flabellate"
"995",48.7249991736766,19,5,54,984,1062,78,1.78907721280603,0.470809792843691,5.08474576271187,92.6553672316384,"ssp5","flabellate"
"996",48.7749991728286,19,6,57,981,1063,82,1.78739416745061,0.564440263405456,5.36218250235183,92.2859830667921,"ssp5","flabellate"
"997",48.8249991719807,18,4,62,984,1068,84,1.68539325842697,0.374531835205993,5.80524344569288,92.1348314606742,"ssp5","flabellate"
"998",48.8749991711327,21,8,57,990,1076,86,1.95167286245353,0.743494423791822,5.29739776951673,92.0074349442379,"ssp5","flabellate"
"999",48.9249991702848,9,6,76,985,1076,91,0.836431226765799,0.557620817843866,7.0631970260223,91.542750929368,"ssp5","flabellate"
"1000",48.9749991694368,3,10,72,992,1077,85,0.278551532033426,0.928505106778087,6.68523676880223,92.1077065923863,"ssp5","flabellate"
"1001",49.0249991685889,9,7,64,996,1076,80,0.836431226765799,0.650557620817844,5.94795539033457,92.5650557620818,"ssp5","flabellate"
"1002",49.074999167741,8,5,72,988,1073,85,0.745573159366263,0.465983224603914,6.71015843429636,92.0782851817334,"ssp5","flabellate"
"1003",49.124999166893,12,9,70,988,1079,91,1.11214087117702,0.834105653382762,6.48748841519926,91.566265060241,"ssp5","flabellate"
"1004",49.1749991660451,4,7,68,997,1076,79,0.371747211895911,0.650557620817844,6.31970260223048,92.6579925650558,"ssp5","flabellate"
"1005",49.2249991651971,5,8,66,991,1070,79,0.467289719626168,0.747663551401869,6.16822429906542,92.6168224299065,"ssp5","flabellate"
"1006",49.2749991643492,4,7,66,997,1074,77,0.37243947858473,0.651769087523277,6.14525139664804,92.8305400372439,"ssp5","flabellate"
"1007",49.3249991635012,14,12,53,1012,1091,79,1.28322639780018,1.09990834097159,4.85792850595784,92.7589367552704,"ssp5","flabellate"
"1008",49.3749991626533,18,13,55,1025,1111,86,1.62016201620162,1.17011701170117,4.95049504950495,92.2592259225923,"ssp5","flabellate"
"1009",49.4249991618053,15,8,55,1041,1119,78,1.34048257372654,0.714924039320822,4.91510277033065,93.029490616622,"ssp5","flabellate"
"1010",49.4749991609574,19,5,50,1061,1135,74,1.67400881057269,0.440528634361234,4.40528634361234,93.4801762114538,"ssp5","flabellate"
"1011",49.5249991601094,16,7,51,1065,1139,74,1.40474100087796,0.614574187884109,4.47761194029851,93.5030728709394,"ssp5","flabellate"
"1012",49.5749991592615,11,9,60,1060,1140,80,0.964912280701754,0.789473684210526,5.26315789473684,92.9824561403509,"ssp5","flabellate"
"1013",49.6249991584136,11,3,67,1061,1142,81,0.963222416812609,0.262697022767075,5.86690017513135,92.907180385289,"ssp5","flabellate"
"1014",49.6749991575656,13,5,58,1073,1149,76,1.13141862489121,0.435161009573542,5.04786771105309,93.3855526544822,"ssp5","flabellate"
"1015",49.7249991567177,9,5,49,1101,1164,63,0.77319587628866,0.429553264604811,4.20962199312715,94.5876288659794,"ssp5","flabellate"
"1016",49.7749991558697,2,12,46,1111,1171,60,0.170794192997438,1.02476515798463,3.92826643894108,94.8761742100769,"ssp5","flabellate"
"1017",49.8249991550218,2,9,25,1136,1172,36,0.170648464163823,0.767918088737201,2.13310580204778,96.9283276450512,"ssp5","flabellate"
"1018",49.8749991541738,7,13,32,1126,1178,52,0.594227504244482,1.10356536502547,2.71646859083192,95.5857385398981,"ssp5","flabellate"
"1019",49.9249991533259,5,14,33,1131,1183,52,0.422654268808115,1.18343195266272,2.78951817413356,95.6043956043956,"ssp5","flabellate"
"1020",49.9749991524779,6,6,27,1152,1191,39,0.503778337531486,0.503778337531486,2.26700251889169,96.7254408060453,"ssp5","flabellate"
"1021",50.02499915163,4,9,23,1161,1197,36,0.334168755221387,0.75187969924812,1.92147034252297,96.9924812030075,"ssp5","flabellate"
"1022",50.074999150782,9,5,18,1165,1197,32,0.75187969924812,0.417710944026733,1.50375939849624,97.3266499582289,"ssp5","flabellate"
"1023",50.1249991499341,10,2,24,1159,1195,36,0.836820083682008,0.167364016736402,2.00836820083682,96.9874476987448,"ssp5","flabellate"
"1024",50.1749991490861,6,6,29,1156,1197,41,0.50125313283208,0.50125313283208,2.42272347535505,96.5747702589808,"ssp5","flabellate"
"1025",50.2249991482382,9,9,29,1149,1196,47,0.752508361204013,0.752508361204013,2.4247491638796,96.0702341137124,"ssp5","flabellate"
"1026",50.2749991473903,6,7,56,1124,1193,69,0.502933780385583,0.586756077116513,4.6940486169321,94.2162615255658,"ssp5","flabellate"
"1027",50.3249991465423,11,5,36,1132,1184,52,0.929054054054054,0.422297297297297,3.04054054054054,95.6081081081081,"ssp5","flabellate"
"1028",50.3749991456944,2,5,53,1113,1173,60,0.170502983802217,0.426257459505541,4.51832907075874,94.8849104859335,"ssp5","flabellate"
"1029",50.4249991448464,4,3,66,1102,1175,73,0.340425531914894,0.25531914893617,5.61702127659574,93.7872340425532,"ssp5","flabellate"
"1030",50.4749991439985,0,11,66,1092,1169,77,0,0.940975192472198,5.64585115483319,93.4131736526946,"ssp5","flabellate"
"1031",50.5249991431505,2,9,65,1093,1169,76,0.171086398631309,0.76988879384089,5.56030795551754,93.4987168520103,"ssp5","flabellate"
"1032",50.5749991423026,1,6,79,1083,1169,86,0.0855431993156544,0.513259195893926,6.7579127459367,92.6432848588537,"ssp5","flabellate"
"1033",50.6249991414546,1,1,78,1074,1154,80,0.0866551126516464,0.0866551126516464,6.75909878682842,93.0675909878683,"ssp5","flabellate"
"1034",50.6749991406067,0,6,81,1054,1141,87,0,0.525854513584575,7.09903593339176,92.3751095530237,"ssp5","flabellate"
"1035",50.7249991397587,1,10,66,1052,1129,77,0.0885739592559787,0.885739592559788,5.8458813108946,93.1798051372896,"ssp5","flabellate"
"1036",50.7749991389108,2,8,61,1047,1118,71,0.178890876565295,0.715563506261181,5.4561717352415,93.649373881932,"ssp5","flabellate"
"1037",50.8249991380629,1,10,45,1040,1096,56,0.0912408759124088,0.912408759124087,4.10583941605839,94.8905109489051,"ssp5","flabellate"
"1038",50.8749991372149,1,8,34,1045,1088,43,0.0919117647058823,0.735294117647059,3.125,96.0477941176471,"ssp5","flabellate"
"1039",50.924999136367,1,4,36,1041,1082,41,0.0924214417744917,0.369685767097967,3.3271719038817,96.2107208872458,"ssp5","flabellate"
"1040",50.974999135519,0,5,40,1037,1082,45,0,0.462107208872458,3.69685767097967,95.8410351201479,"ssp5","flabellate"
"1041",51.0249991346711,0,6,57,1029,1092,63,0,0.549450549450549,5.21978021978022,94.2307692307692,"ssp5","flabellate"
"1042",51.0749991338231,0,9,48,1037,1094,57,0,0.822669104204753,4.38756855575868,94.7897623400366,"ssp5","flabellate"
"1043",51.1249991329752,0,5,51,1036,1092,56,0,0.457875457875458,4.67032967032967,94.8717948717949,"ssp5","flabellate"
"1044",51.1749991321272,0,5,54,1034,1093,59,0,0.457456541628545,4.94053064958829,94.6020128087832,"ssp5","flabellate"
"1045",51.2249991312793,0,6,55,1056,1117,61,0,0.53715308863026,4.92390331244405,94.5389435989257,"ssp5","flabellate"
"1046",51.2749991304313,0,2,55,1069,1126,57,0,0.177619893428064,4.88454706927176,94.9378330373002,"ssp5","flabellate"
"1047",51.3249991295834,1,8,53,1060,1122,62,0.089126559714795,0.71301247771836,4.72370766488414,94.4741532976827,"ssp5","flabellate"
"1048",51.3749991287354,5,7,62,1055,1129,74,0.442869796279894,0.620017714791851,5.49158547387068,93.4455270150576,"ssp5","flabellate"
"1049",51.4249991278875,4,1,69,1053,1127,74,0.354924578527063,0.0887311446317657,6.12244897959184,93.4338952972493,"ssp5","flabellate"
"1050",51.4749991270396,4,1,62,1050,1117,67,0.35810205908684,0.0895255147717099,5.55058191584602,94.0017905102954,"ssp5","flabellate"
"1051",51.5249991261916,3,2,66,1034,1105,71,0.271493212669683,0.180995475113122,5.97285067873303,93.5746606334842,"ssp5","flabellate"
"1052",51.5749991253437,5,1,60,1020,1086,66,0.460405156537753,0.0920810313075506,5.52486187845304,93.9226519337017,"ssp5","flabellate"
"1053",51.6249991244957,12,2,65,1006,1085,79,1.10599078341014,0.184331797235023,5.99078341013825,92.7188940092166,"ssp5","flabellate"
"1054",51.6749991236478,11,2,60,996,1069,73,1.0289990645463,0.187090739008419,5.61272217025257,93.1711880261927,"ssp5","flabellate"
"1055",51.7249991227998,11,2,58,983,1054,71,1.04364326375712,0.189753320683112,5.50284629981025,93.2637571157495,"ssp5","flabellate"
"1056",51.7749991219519,8,1,57,982,1048,66,0.763358778625954,0.0954198473282443,5.43893129770992,93.7022900763359,"ssp5","flabellate"
"1057",51.8249991211039,2,1,60,969,1032,63,0.193798449612403,0.0968992248062016,5.81395348837209,93.8953488372093,"ssp5","flabellate"
"1058",51.874999120256,1,1,59,960,1021,61,0.0979431929480901,0.0979431929480901,5.77864838393732,94.0254652301665,"ssp5","flabellate"
"1059",51.924999119408,4,2,59,954,1019,65,0.392541707556428,0.196270853778214,5.78999018645731,93.621197252208,"ssp5","flabellate"
"1060",51.9749991185601,4,0,48,965,1017,52,0.393313667649951,0,4.71976401179941,94.8869223205506,"ssp5","flabellate"
"1061",52.0249991177121,5,0,54,962,1021,59,0.489715964740451,0,5.28893241919687,94.2213516160627,"ssp5","flabellate"
"1062",52.0749991168642,4,3,59,962,1028,66,0.389105058365759,0.291828793774319,5.73929961089494,93.579766536965,"ssp5","flabellate"
"1063",52.1249991160163,4,2,62,951,1019,68,0.392541707556428,0.196270853778214,6.08439646712463,93.3267909715407,"ssp5","flabellate"
"1064",52.1749991151683,1,4,60,944,1009,65,0.0991080277502478,0.396432111000991,5.94648166501487,93.5579781962339,"ssp5","flabellate"
"1065",52.2249991143204,2,1,58,941,1002,61,0.199600798403194,0.0998003992015968,5.78842315369261,93.9121756487026,"ssp5","flabellate"
"1066",52.2749991134724,3,5,55,953,1016,63,0.295275590551181,0.492125984251969,5.41338582677165,93.7992125984252,"ssp5","flabellate"
"1067",52.3249991126245,1,4,63,953,1021,68,0.0979431929480901,0.39177277179236,6.17042115572968,93.3398628795299,"ssp5","flabellate"
"1068",52.3749991117765,1,5,74,938,1018,80,0.0982318271119843,0.491159135559921,7.26915520628684,92.1414538310412,"ssp5","flabellate"
"1069",52.4249991109286,3,8,66,938,1015,77,0.295566502463054,0.788177339901478,6.50246305418719,92.4137931034483,"ssp5","flabellate"
"1070",52.4749991100806,0,3,74,945,1022,77,0,0.293542074363992,7.24070450097847,92.4657534246575,"ssp5","flabellate"
"1071",52.5249991092327,2,7,68,950,1027,77,0.194741966893866,0.68159688412853,6.62122687439143,92.5024342745862,"ssp5","flabellate"
"1072",52.5749991083847,2,9,72,938,1021,83,0.19588638589618,0.881488736532811,7.05190989226249,91.8707149853085,"ssp5","flabellate"
"1073",52.6249991075368,1,8,78,933,1020,87,0.0980392156862745,0.784313725490196,7.64705882352941,91.4705882352941,"ssp5","flabellate"
"1074",52.6749991066888,1,6,74,941,1022,81,0.0978473581213307,0.587084148727984,7.24070450097847,92.0743639921722,"ssp5","flabellate"
"1075",52.7249991058409,2,12,83,930,1027,97,0.194741966893866,1.16845180136319,8.08179162609542,90.5550146056475,"ssp5","flabellate"
"1076",52.774999104993,0,10,85,936,1031,95,0,0.969932104752667,8.24442289039767,90.7856450048497,"ssp5","flabellate"
"1077",52.824999104145,0,8,86,936,1030,94,0,0.776699029126214,8.3495145631068,90.873786407767,"ssp5","flabellate"
"1078",52.8749991032971,3,5,95,928,1031,103,0.2909796314258,0.484966052376334,9.21435499515034,90.0096993210475,"ssp5","flabellate"
"1079",52.9249991024491,1,4,108,924,1037,113,0.0964320154291225,0.38572806171649,10.4146576663452,89.1031822565092,"ssp5","flabellate"
"1080",52.9749991016012,1,10,117,929,1057,128,0.0946073793755913,0.946073793755913,11.0690633869442,87.8902554399243,"ssp5","flabellate"
"1081",53.0249991007532,4,4,125,930,1063,133,0.376293508936971,0.376293508936971,11.7591721542803,87.4882408278457,"ssp5","flabellate"
"1082",53.0749990999053,6,5,118,931,1060,129,0.566037735849057,0.471698113207547,11.1320754716981,87.8301886792453,"ssp5","flabellate"
"1083",53.1249990990573,5,2,136,919,1062,143,0.470809792843691,0.188323917137476,12.8060263653484,86.5348399246704,"ssp5","flabellate"
"1084",53.1749990982094,4,2,152,910,1068,158,0.374531835205993,0.187265917602996,14.2322097378277,85.2059925093633,"ssp5","flabellate"
"1085",53.2249990973614,5,5,151,903,1064,161,0.469924812030075,0.469924812030075,14.1917293233083,84.8684210526316,"ssp5","flabellate"
"1086",53.2749990965135,2,4,155,905,1066,161,0.187617260787992,0.375234521575985,14.5403377110694,84.8968105065666,"ssp5","flabellate"
"1087",53.3249990956655,0,2,168,917,1087,170,0,0.183992640294388,15.4553817847286,84.360625574977,"ssp5","flabellate"
"1088",53.3749990948176,1,2,166,915,1084,169,0.0922509225092251,0.18450184501845,15.3136531365314,84.409594095941,"ssp5","flabellate"
"1089",53.4249990939697,1,3,161,934,1099,165,0.0909918107370337,0.272975432211101,14.6496815286624,84.9863512283895,"ssp5","flabellate"
"1090",53.4749990931217,0,5,166,946,1117,171,0,0.44762757385855,14.8612354521038,84.6911369740376,"ssp5","flabellate"
"1091",53.5249990922738,0,1,175,946,1122,176,0,0.089126559714795,15.5971479500891,84.3137254901961,"ssp5","flabellate"
"1092",53.5749990914258,0,4,185,937,1126,189,0,0.355239786856128,16.4298401420959,83.214920071048,"ssp5","flabellate"
"1093",53.6249990905779,0,1,182,970,1153,183,0,0.0867302688638335,15.7849089332177,84.1283607979185,"ssp5","flabellate"
"1094",53.6749990897299,1,2,160,994,1157,163,0.0864304235090752,0.17286084701815,13.828867761452,85.9118409680207,"ssp5","flabellate"
"1095",53.724999088882,3,1,151,1015,1170,155,0.256410256410256,0.0854700854700855,12.9059829059829,86.7521367521367,"ssp5","flabellate"
"1096",53.774999088034,3,3,148,1020,1174,154,0.255536626916525,0.255536626916525,12.6064735945486,86.8824531516184,"ssp5","flabellate"
"1097",53.8249990871861,6,5,123,1051,1185,134,0.506329113924051,0.421940928270042,10.379746835443,88.6919831223629,"ssp5","flabellate"
"1098",53.8749990863381,2,6,105,1089,1202,113,0.166389351081531,0.499168053244592,8.73544093178037,90.5990016638935,"ssp5","flabellate"
"1099",53.9249990854902,7,6,111,1072,1196,124,0.585284280936455,0.501672240802676,9.2809364548495,89.6321070234114,"ssp5","flabellate"
"1100",53.9749990846422,1,7,103,1098,1209,111,0.0827129859387924,0.578990901571547,8.51943755169562,90.818858560794,"ssp5","flabellate"
"1101",54.0249990837943,3,9,69,1143,1224,81,0.245098039215686,0.735294117647059,5.63725490196078,93.3823529411765,"ssp5","flabellate"
"1102",54.0749990829464,2,12,62,1154,1230,76,0.16260162601626,0.975609756097561,5.04065040650407,93.8211382113821,"ssp5","flabellate"
"1103",54.1249990820984,2,7,69,1156,1234,78,0.162074554294976,0.567260940032415,5.59157212317666,93.6790923824959,"ssp5","flabellate"
"1104",54.1749990812505,2,11,83,1144,1240,96,0.161290322580645,0.887096774193548,6.69354838709677,92.258064516129,"ssp5","flabellate"
"1105",54.2249990804025,2,1,102,1161,1266,105,0.157977883096367,0.0789889415481833,8.05687203791469,91.7061611374408,"ssp5","flabellate"
"1106",54.2749990795546,2,7,88,1182,1279,97,0.156372165754496,0.547302580140735,6.88037529319781,92.415949960907,"ssp5","flabellate"
"1107",54.3249990787066,1,7,82,1211,1301,90,0.0768639508070715,0.5380476556495,6.30284396617986,93.0822444273636,"ssp5","flabellate"
"1108",54.3749990778587,10,6,87,1219,1322,103,0.75642965204236,0.453857791225416,6.58093797276853,92.2087745839637,"ssp5","flabellate"
"1109",54.4249990770107,5,5,92,1230,1332,102,0.375375375375375,0.375375375375375,6.90690690690691,92.3423423423423,"ssp5","flabellate"
"1110",54.4749990761628,2,9,65,1268,1344,76,0.148809523809524,0.669642857142857,4.83630952380952,94.3452380952381,"ssp5","flabellate"
"1111",54.5249990753148,4,7,64,1279,1354,75,0.295420974889217,0.51698670605613,4.72673559822747,94.4608567208272,"ssp5","flabellate"
"1112",54.5749990744669,6,8,72,1287,1373,86,0.436999271667881,0.582665695557174,5.24399126001457,93.7363437727604,"ssp5","flabellate"
"1113",54.624999073619,4,7,73,1299,1383,84,0.289226319595083,0.506146059291396,5.27838033261027,93.9262472885032,"ssp5","flabellate"
"1114",54.674999072771,4,9,67,1299,1379,80,0.290065264684554,0.652646845540247,4.85859318346628,94.1986947063089,"ssp5","flabellate"
"1115",54.7249990719231,7,4,51,1317,1379,62,0.50761421319797,0.290065264684554,3.69833212472806,95.5039883973894,"ssp5","flabellate"
"1116",54.7749990710751,5,6,66,1315,1392,77,0.359195402298851,0.431034482758621,4.74137931034483,94.4683908045977,"ssp5","flabellate"
"1117",54.8249990702272,7,6,57,1332,1402,70,0.499286733238231,0.427960057061341,4.06562054208274,95.0071326676177,"ssp5","flabellate"
"1118",54.8749990693792,7,7,56,1336,1406,70,0.497866287339972,0.497866287339972,3.98293029871977,95.0213371266003,"ssp5","flabellate"
"1119",54.9249990685313,4,4,60,1348,1416,68,0.282485875706215,0.282485875706215,4.23728813559322,95.1977401129944,"ssp5","flabellate"
"1120",54.9749990676833,6,3,45,1382,1436,54,0.417827298050139,0.20891364902507,3.13370473537604,96.2395543175488,"ssp5","flabellate"
"1121",55.0249990668354,2,5,57,1378,1442,64,0.13869625520111,0.346740638002774,3.95284327323162,95.5617198335645,"ssp5","flabellate"
"1122",55.0749990659874,3,10,56,1378,1447,69,0.207325501036628,0.691085003455425,3.87007601935038,95.2315134761576,"ssp5","flabellate"
"1123",55.1249990651395,5,11,53,1377,1446,69,0.345781466113416,0.760719225449516,3.66528354080221,95.2282157676349,"ssp5","flabellate"
"1124",55.1749990642915,5,17,55,1387,1464,77,0.341530054644809,1.16120218579235,3.7568306010929,94.7404371584699,"ssp5","flabellate"
"1125",55.2249990634436,9,15,67,1380,1471,91,0.611828687967369,1.01971447994562,4.55472467709041,93.8137321549966,"ssp5","flabellate"
"1126",55.2749990625957,12,21,79,1371,1483,112,0.809170600134862,1.41604855023601,5.32703978422117,92.447741065408,"ssp5","flabellate"
"1127",55.3249990617477,13,21,88,1364,1486,122,0.874831763122476,1.41318977119785,5.92193808882907,91.7900403768506,"ssp5","flabellate"
"1128",55.3749990608998,15,15,110,1342,1482,140,1.01214574898785,1.01214574898785,7.42240215924426,90.55330634278,"ssp5","flabellate"
"1129",55.4249990600518,13,18,110,1337,1478,141,0.87956698240866,1.21786197564276,7.4424898511502,90.4600811907984,"ssp5","flabellate"
"1130",55.4749990592039,5,20,98,1343,1466,123,0.34106412005457,1.36425648021828,6.68485675306958,91.6098226466576,"ssp5","flabellate"
"1131",55.5249990583559,4,26,93,1337,1460,123,0.273972602739726,1.78082191780822,6.36986301369863,91.5753424657534,"ssp5","flabellate"
"1132",55.574999057508,6,18,104,1333,1461,128,0.410677618069815,1.23203285420945,7.11841204654346,91.2388774811773,"ssp5","flabellate"
"1133",55.62499905666,8,25,90,1335,1458,123,0.548696844993141,1.71467764060357,6.17283950617284,91.5637860082305,"ssp5","flabellate"
"1134",55.6749990558121,5,22,97,1339,1463,124,0.341763499658236,1.50375939849624,6.63021189336979,91.5242652084757,"ssp5","flabellate"
"1135",55.7249990549641,6,14,77,1363,1460,97,0.410958904109589,0.958904109589041,5.27397260273973,93.3561643835616,"ssp5","flabellate"
"1136",55.7749990541162,12,16,90,1346,1464,118,0.819672131147541,1.09289617486339,6.14754098360656,91.9398907103825,"ssp5","flabellate"
"1137",55.8249990532682,7,27,95,1330,1459,129,0.47978067169294,1.85058259081563,6.51130911583276,91.1583276216587,"ssp5","flabellate"
"1138",55.8749990524203,3,26,114,1319,1462,143,0.205198358413133,1.77838577291382,7.79753761969904,90.218878248974,"ssp5","flabellate"
"1139",55.9249990515723,8,32,122,1303,1465,162,0.546075085324232,2.18430034129693,8.32764505119454,88.9419795221843,"ssp5","flabellate"
"1140",55.9749990507244,3,40,114,1318,1475,157,0.203389830508475,2.71186440677966,7.72881355932203,89.3559322033898,"ssp5","flabellate"
"1141",56.0249990498765,4,34,131,1309,1478,169,0.27063599458728,2.30040595399188,8.86332882273342,88.5656292286874,"ssp5","flabellate"
"1142",56.0749990490285,2,54,119,1305,1480,175,0.135135135135135,3.64864864864865,8.04054054054054,88.1756756756757,"ssp5","flabellate"
"1143",56.1249990481806,4,48,128,1302,1482,180,0.269905533063428,3.23886639676113,8.63697705802969,87.8542510121457,"ssp5","flabellate"
"1144",56.1749990473326,2,49,129,1278,1458,180,0.137174211248285,3.36076817558299,8.8477366255144,87.6543209876543,"ssp5","flabellate"
"1145",56.2249990464847,3,43,135,1265,1446,181,0.20746887966805,2.97372060857538,9.33609958506224,87.4827109266943,"ssp5","flabellate"
"1146",56.2749990456367,8,39,118,1274,1439,165,0.555941626129256,2.71021542738013,8.20013898540653,88.5337039610841,"ssp5","flabellate"
"1147",56.3249990447888,9,45,109,1266,1429,163,0.629811056682995,3.14905528341498,7.62771168649405,88.593421973408,"ssp5","flabellate"
"1148",56.3749990439408,9,40,135,1245,1429,184,0.629811056682995,2.79916025192442,9.44716585024493,87.1238628411477,"ssp5","flabellate"
"1149",56.4249990430929,6,34,144,1242,1426,184,0.420757363253857,2.38429172510519,10.0981767180926,87.0967741935484,"ssp5","flabellate"
"1150",56.4749990422449,6,49,136,1238,1429,191,0.419874037788663,3.42897130860742,9.51714485654304,86.6340097970609,"ssp5","flabellate"
"1151",56.524999041397,8,43,127,1258,1436,178,0.557103064066852,2.99442896935933,8.84401114206128,87.6044568245125,"ssp5","flabellate"
"1152",56.5749990405491,5,35,152,1249,1441,192,0.346981263011797,2.42886884108258,10.5482303955586,86.675919500347,"ssp5","flabellate"
"1153",56.6249990397011,7,54,158,1225,1444,219,0.484764542936288,3.73961218836565,10.9418282548476,84.8337950138504,"ssp5","flabellate"
"1154",56.6749990388532,15,41,167,1218,1441,223,1.04094378903539,2.84524635669674,11.589174184594,84.5246356696738,"ssp5","flabellate"
"1155",56.7249990380052,10,44,158,1215,1427,212,0.700770847932726,3.08339173090399,11.0721793973371,85.1436580238262,"ssp5","flabellate"
"1156",56.7749990371573,9,44,174,1207,1434,227,0.627615062761506,3.06834030683403,12.1338912133891,84.1701534170153,"ssp5","flabellate"
"1157",56.8249990363093,8,36,153,1236,1433,197,0.558269364968597,2.51221214235869,10.6769016050244,86.2526168876483,"ssp5","flabellate"
"1158",56.8749990354614,9,53,149,1224,1435,211,0.627177700348432,3.69337979094077,10.383275261324,85.2961672473868,"ssp5","flabellate"
"1159",56.9249990346134,8,59,142,1226,1435,209,0.557491289198606,4.11149825783972,9.89547038327526,85.4355400696864,"ssp5","flabellate"
"1160",56.9749990337655,9,68,159,1198,1434,236,0.627615062761506,4.74198047419805,11.0878661087866,83.5425383542538,"ssp5","flabellate"
"1161",57.0249990329175,10,72,159,1196,1437,241,0.69589422407794,5.01043841336117,11.0647181628392,83.2289491997216,"ssp5","flabellate"
"1162",57.0749990320696,9,78,158,1194,1439,245,0.625434329395414,5.42043085476025,10.9798471160528,82.9742876997915,"ssp5","flabellate"
"1163",57.1249990312216,10,66,176,1195,1447,252,0.691085003455425,4.5611610228058,12.1630960608155,82.5846579129233,"ssp5","flabellate"
"1164",57.1749990303737,10,47,212,1181,1450,269,0.689655172413793,3.24137931034483,14.6206896551724,81.448275862069,"ssp5","flabellate"
"1165",57.2249990295258,3,51,233,1151,1438,287,0.208623087621697,3.54659248956885,16.2030598052851,80.0417246175243,"ssp5","flabellate"
"1166",57.2749990286778,7,63,245,1129,1444,315,0.484764542936288,4.36288088642659,16.9667590027701,78.185595567867,"ssp5","flabellate"
"1167",57.3249990278299,7,62,248,1132,1449,317,0.483091787439614,4.27881297446515,17.1152518978606,78.1228433402347,"ssp5","flabellate"
"1168",57.3749990269819,8,55,231,1152,1446,294,0.553250345781466,3.80359612724758,15.9751037344398,79.6680497925311,"ssp5","flabellate"
"1169",57.424999026134,7,47,261,1123,1438,315,0.486787204450626,3.26842837273992,18.1502086230876,78.0945757997218,"ssp5","flabellate"
"1170",57.474999025286,5,46,262,1136,1449,313,0.345065562456867,3.17460317460317,18.0814354727398,78.3988957902001,"ssp5","flabellate"
"1171",57.5249990244381,8,31,255,1163,1457,294,0.549073438572409,2.12765957446809,17.5017158544955,79.821551132464,"ssp5","flabellate"
"1172",57.5749990235901,13,55,236,1156,1460,304,0.89041095890411,3.76712328767123,16.1643835616438,79.1780821917808,"ssp5","flabellate"
"1173",57.6249990227422,20,55,233,1178,1486,308,1.34589502018843,3.70121130551817,15.6796769851952,79.2732166890982,"ssp5","flabellate"
"1174",57.6749990218942,15,44,236,1211,1506,295,0.99601593625498,2.92164674634794,15.6706507304117,80.4116865869854,"ssp5","flabellate"
"1175",57.7249990210463,12,48,246,1234,1540,306,0.779220779220779,3.11688311688312,15.974025974026,80.1298701298701,"ssp5","flabellate"
"1176",57.7749990201984,10,42,248,1233,1533,300,0.652315720808871,2.73972602739726,16.17742987606,80.4305283757339,"ssp5","flabellate"
"1177",57.8249990193504,5,42,247,1242,1536,294,0.325520833333333,2.734375,16.0807291666667,80.859375,"ssp5","flabellate"
"1178",57.8749990185025,9,45,252,1239,1545,306,0.58252427184466,2.9126213592233,16.3106796116505,80.1941747572816,"ssp5","flabellate"
"1179",57.9249990176545,13,38,249,1251,1551,300,0.838168923275306,2.45003223726628,16.0541586073501,80.6576402321083,"ssp5","flabellate"
"1180",57.9749990168066,9,47,228,1253,1537,284,0.585556278464541,3.05790500975927,14.8340923877684,81.5224463240078,"ssp5","flabellate"
"1181",58.0249990159586,12,43,207,1269,1531,262,0.783801436969301,2.80862181580666,13.5205747877204,82.8870019595036,"ssp5","flabellate"
"1182",58.0749990151107,16,55,181,1261,1513,252,1.05750165234633,3.63516192994052,11.9629874421679,83.3443489755453,"ssp5","flabellate"
"1183",58.1249990142627,23,45,169,1271,1508,237,1.52519893899204,2.9840848806366,11.2068965517241,84.2838196286472,"ssp5","flabellate"
"1184",58.1749990134148,17,38,165,1278,1498,220,1.13484646194927,2.53671562082777,11.0146862483311,85.3137516688919,"ssp5","flabellate"
"1185",58.2249990125668,23,38,156,1265,1482,217,1.55195681511471,2.56410256410256,10.5263157894737,85.357624831309,"ssp5","flabellate"
"1186",58.2749990117189,22,39,156,1257,1474,217,1.49253731343284,2.64586160108548,10.5834464043419,85.2781546811398,"ssp5","flabellate"
"1187",58.3249990108709,12,48,155,1245,1460,215,0.821917808219178,3.28767123287671,10.6164383561644,85.2739726027397,"ssp5","flabellate"
"1188",58.374999010023,10,57,151,1226,1444,218,0.692520775623269,3.94736842105263,10.4570637119114,84.9030470914127,"ssp5","flabellate"
"1189",58.4249990091751,13,53,137,1235,1438,203,0.90403337969402,3.68567454798331,9.52712100139082,85.8831710709319,"ssp5","flabellate"
"1190",58.4749990083271,12,43,135,1239,1429,190,0.839748075577327,3.00909727081875,9.44716585024493,86.703988803359,"ssp5","flabellate"
"1191",58.5249990074792,21,49,125,1246,1441,195,1.45732130464955,3.40041637751561,8.67453157529494,86.4677307425399,"ssp5","flabellate"
"1192",58.5749990066312,14,57,132,1250,1453,203,0.963523743977977,3.92291810048176,9.08465244322092,86.0289057123193,"ssp5","flabellate"
"1193",58.6249990057833,16,52,157,1249,1474,225,1.08548168249661,3.52781546811398,10.651289009498,84.7354138398915,"ssp5","flabellate"
"1194",58.6749990049353,14,47,168,1249,1478,229,0.94722598105548,3.17997293640054,11.3667117726658,84.5060893098782,"ssp5","flabellate"
"1195",58.7249990040874,8,51,176,1236,1471,235,0.543847722637661,3.46702923181509,11.9646498980286,84.0244731475187,"ssp5","flabellate"
"1196",58.7749990032394,10,69,152,1233,1464,231,0.683060109289617,4.71311475409836,10.3825136612022,84.2213114754098,"ssp5","flabellate"
"1197",58.8249990023915,6,65,144,1232,1447,215,0.414651002073255,4.49205252246026,9.95162404975812,85.1416724257084,"ssp5","flabellate"
"1198",58.8749990015435,3,63,133,1239,1438,199,0.208623087621697,4.38108484005563,9.24895688456189,86.1613351877608,"ssp5","flabellate"
"1199",58.9249990006956,11,45,130,1244,1430,186,0.769230769230769,3.14685314685315,9.09090909090909,86.993006993007,"ssp5","flabellate"
"1200",58.9749989998476,9,51,121,1249,1430,181,0.629370629370629,3.56643356643357,8.46153846153846,87.3426573426573,"ssp5","flabellate"
"1201",59.0249989989997,10,63,124,1234,1431,197,0.698812019566737,4.40251572327044,8.66526904262753,86.2334032145353,"ssp5","flabellate"
"1202",59.0749989981517,11,67,115,1230,1423,193,0.773014757554462,4.70836261419536,8.08151791988756,86.4371047083626,"ssp5","flabellate"
"1203",59.1249989973038,10,69,109,1241,1429,188,0.699790062981106,4.82855143456963,7.62771168649405,86.8439468159552,"ssp5","flabellate"
"1204",59.1749989964559,7,60,117,1238,1422,184,0.492264416315049,4.21940928270042,8.22784810126582,87.0604781997187,"ssp5","flabellate"
"1205",59.2249989956079,10,65,117,1230,1422,192,0.70323488045007,4.57102672292546,8.22784810126582,86.4978902953586,"ssp5","flabellate"
"1206",59.27499899476,5,55,120,1239,1419,180,0.352360817477097,3.87596899224806,8.45665961945032,87.3150105708245,"ssp5","flabellate"
"1207",59.324998993912,4,62,122,1238,1426,188,0.280504908835905,4.34782608695652,8.55539971949509,86.8162692847125,"ssp5","flabellate"
"1208",59.3749989930641,6,64,118,1234,1422,188,0.421940928270042,4.50070323488045,8.29817158931083,86.7791842475387,"ssp5","flabellate"
"1209",59.4249989922161,6,65,125,1241,1437,196,0.417536534446764,4.52331245650661,8.69867780097425,86.3604732080724,"ssp5","flabellate"
"1210",59.4749989913682,2,66,136,1260,1464,204,0.136612021857924,4.50819672131148,9.2896174863388,86.0655737704918,"ssp5","flabellate"
"1211",59.5249989905202,2,56,151,1267,1476,209,0.13550135501355,3.7940379403794,10.230352303523,85.840108401084,"ssp5","flabellate"
"1212",59.5749989896723,2,53,177,1246,1478,232,0.13531799729364,3.58592692828146,11.9756427604871,84.3031123139378,"ssp5","flabellate"
"1213",59.6249989888243,4,63,191,1234,1492,258,0.268096514745308,4.22252010723861,12.8016085790885,82.7077747989276,"ssp5","flabellate"
"1214",59.6749989879764,9,61,192,1236,1498,262,0.600801068090788,4.07209612817089,12.8170894526035,82.5100133511348,"ssp5","flabellate"
"1215",59.7249989871285,8,66,179,1246,1499,253,0.533689126084056,4.40293529019346,11.9412941961308,83.1220813875917,"ssp5","flabellate"
"1216",59.7749989862805,9,77,161,1253,1500,247,0.6,5.13333333333333,10.7333333333333,83.5333333333333,"ssp5","flabellate"
"1217",59.8249989854326,10,57,173,1255,1495,240,0.668896321070234,3.81270903010033,11.5719063545151,83.9464882943144,"ssp5","flabellate"
"1218",59.8749989845846,6,59,150,1284,1499,215,0.400266844563042,3.93595730486991,10.0066711140761,85.657104736491,"ssp5","flabellate"
"1219",59.9249989837367,4,42,162,1274,1482,208,0.269905533063428,2.83400809716599,10.9311740890688,85.9649122807018,"ssp5","flabellate"
"1220",59.9749989828887,9,48,152,1275,1484,209,0.606469002695418,3.23450134770889,10.2425876010782,85.9164420485175,"ssp5","flabellate"
"1221",60.0249989820408,2,43,153,1262,1460,198,0.136986301369863,2.94520547945206,10.4794520547945,86.4383561643835,"ssp5","flabellate"
"1222",60.0749989811928,2,37,159,1252,1450,198,0.137931034482759,2.55172413793103,10.9655172413793,86.3448275862069,"ssp5","flabellate"
"1223",60.1249989803449,4,35,141,1258,1438,180,0.278164116828929,2.43393602225313,9.80528511821975,87.4826147426982,"ssp5","flabellate"
"1224",60.1749989794969,4,41,135,1228,1408,180,0.284090909090909,2.91193181818182,9.58806818181818,87.2159090909091,"ssp5","flabellate"
"1225",60.224998978649,7,42,129,1204,1382,178,0.506512301013025,3.03907380607815,9.3342981186686,87.1201157742402,"ssp5","flabellate"
"1226",60.274998977801,7,44,114,1197,1362,165,0.513950073421439,3.23054331864905,8.37004405286344,87.8854625550661,"ssp5","flabellate"
"1227",60.3249989769531,8,49,120,1188,1365,177,0.586080586080586,3.58974358974359,8.79120879120879,87.032967032967,"ssp5","flabellate"
"1228",60.3749989761052,8,30,142,1185,1365,180,0.586080586080586,2.1978021978022,10.4029304029304,86.8131868131868,"ssp5","flabellate"
"1229",60.4249989752572,4,47,147,1170,1368,198,0.292397660818713,3.43567251461988,10.7456140350877,85.5263157894737,"ssp5","flabellate"
"1230",60.4749989744093,10,48,177,1118,1353,235,0.73909830007391,3.54767184035477,13.0820399113082,82.6311899482631,"ssp5","flabellate"
"1231",60.5249989735613,6,46,196,1077,1325,248,0.452830188679245,3.47169811320755,14.7924528301887,81.2830188679245,"ssp5","flabellate"
"1232",60.5749989727134,7,41,180,1085,1313,228,0.533130236100533,3.12261995430312,13.7090632140137,82.6351865955826,"ssp5","flabellate"
"1233",60.6249989718654,4,32,173,1101,1310,209,0.305343511450382,2.44274809160305,13.206106870229,84.0458015267176,"ssp5","flabellate"
"1234",60.6749989710175,7,34,166,1108,1315,207,0.532319391634981,2.58555133079848,12.6235741444867,84.2585551330799,"ssp5","flabellate"
"1235",60.7249989701695,9,32,162,1097,1300,203,0.692307692307692,2.46153846153846,12.4615384615385,84.3846153846154,"ssp5","flabellate"
"1236",60.7749989693216,14,30,161,1091,1296,205,1.08024691358025,2.31481481481481,12.4228395061728,84.1820987654321,"ssp5","flabellate"
"1237",60.8249989684736,5,33,173,1081,1292,211,0.386996904024768,2.55417956656347,13.390092879257,83.6687306501548,"ssp5","flabellate"
"1238",60.8749989676257,8,16,188,1067,1279,212,0.625488663017983,1.25097732603597,14.6989835809226,83.4245504300235,"ssp5","flabellate"
"1239",60.9249989667777,4,16,183,1090,1293,203,0.309358081979892,1.23743232791957,14.15313225058,84.3000773395205,"ssp5","flabellate"
"1240",60.9749989659298,6,16,188,1073,1283,210,0.467653936087295,1.24707716289945,14.6531566640686,83.6321122369446,"ssp5","flabellate"
"1241",61.0249989650819,3,17,193,1072,1285,213,0.233463035019455,1.32295719844358,15.0194552529183,83.4241245136187,"ssp5","flabellate"
"1242",61.0749989642339,1,16,185,1087,1289,202,0.0775795190069822,1.24127230411171,14.3522110162917,84.3289371605896,"ssp5","flabellate"
"1243",61.124998963386,3,16,192,1064,1275,211,0.235294117647059,1.25490196078431,15.0588235294118,83.4509803921569,"ssp5","flabellate"
"1244",61.174998962538,6,17,188,1070,1281,211,0.468384074941452,1.32708821233411,14.6760343481655,83.5284933645589,"ssp5","flabellate"
"1245",61.2249989616901,4,12,189,1064,1269,205,0.315208825847124,0.945626477541371,14.8936170212766,83.8455476753349,"ssp5","flabellate"
"1246",61.2749989608421,4,18,182,1063,1267,204,0.315706393054459,1.42067876874507,14.3646408839779,83.8989739542226,"ssp5","flabellate"
"1247",61.3249989599942,11,20,175,1059,1265,206,0.869565217391304,1.58102766798419,13.8339920948617,83.7154150197628,"ssp5","flabellate"
"1248",61.3749989591462,8,27,165,1065,1265,200,0.632411067193676,2.13438735177866,13.0434782608696,84.1897233201581,"ssp5","flabellate"
"1249",61.4249989582983,22,29,158,1047,1256,209,1.7515923566879,2.30891719745223,12.5796178343949,83.359872611465,"ssp5","flabellate"
"1250",61.4749989574503,8,24,172,1065,1269,204,0.630417651694247,1.89125295508274,13.5539795114263,83.9243498817967,"ssp5","flabellate"
"1251",61.5249989566024,7,32,169,1060,1268,208,0.55205047318612,2.52365930599369,13.3280757097792,83.596214511041,"ssp5","flabellate"
"1252",61.5749989557545,5,36,162,1051,1254,203,0.398724082934609,2.87081339712919,12.9186602870813,83.8118022328549,"ssp5","flabellate"
"1253",61.6249989549065,3,29,169,1051,1252,201,0.23961661341853,2.31629392971246,13.4984025559105,83.9456869009585,"ssp5","flabellate"
"1254",61.6749989540586,5,25,177,1035,1242,207,0.402576489533011,2.01288244766506,14.2512077294686,83.3333333333333,"ssp5","flabellate"
"1255",61.7249989532106,6,22,192,1023,1243,220,0.482703137570394,1.76991150442478,15.4465004022526,82.3008849557522,"ssp5","flabellate"
"1256",61.7749989523627,4,17,187,1029,1237,208,0.323362974939369,1.37429264349232,15.1172190784155,83.1851253031528,"ssp5","flabellate"
"1257",61.8249989515147,4,11,190,1037,1242,205,0.322061191626409,0.885668276972625,15.2979066022544,83.4943639291465,"ssp5","flabellate"
"1258",61.8749989506668,1,20,186,1028,1235,207,0.0809716599190283,1.61943319838057,15.0607287449393,83.2388663967611,"ssp5","flabellate"
"1259",61.9249989498188,6,18,173,1041,1238,197,0.484652665589661,1.45395799676898,13.9741518578352,84.0872374798061,"ssp5","flabellate"
"1260",61.9749989489709,5,22,169,1044,1240,196,0.403225806451613,1.7741935483871,13.6290322580645,84.1935483870968,"ssp5","flabellate"
"1261",62.0249989481229,6,33,153,1047,1239,192,0.484261501210654,2.6634382566586,12.3486682808717,84.5036319612591,"ssp5","flabellate"
"1262",62.074998947275,4,21,151,1059,1235,176,0.323886639676113,1.7004048582996,12.2267206477733,85.748987854251,"ssp5","flabellate"
"1263",62.124998946427,4,38,137,1049,1228,179,0.325732899022801,3.09446254071661,11.1563517915309,85.4234527687296,"ssp5","flabellate"
"1264",62.1749989455791,1,25,149,1055,1230,175,0.0813008130081301,2.03252032520325,12.1138211382114,85.7723577235772,"ssp5","flabellate"
"1265",62.2249989447311,3,37,147,1043,1230,187,0.24390243902439,3.00813008130081,11.9512195121951,84.7967479674797,"ssp5","flabellate"
"1266",62.2749989438832,1,36,149,1041,1227,186,0.0814995925020375,2.93398533007335,12.1434392828036,84.841075794621,"ssp5","flabellate"
"1267",62.3249989430353,2,36,132,1069,1239,170,0.161420500403551,2.90556900726392,10.6537530266344,86.2792574656982,"ssp5","flabellate"
"1268",62.3749989421873,1,35,136,1069,1241,172,0.08058017727639,2.82030620467365,10.958904109589,86.1402095084609,"ssp5","flabellate"
"1269",62.4249989413394,3,20,131,1098,1252,154,0.23961661341853,1.59744408945687,10.4632587859425,87.6996805111821,"ssp5","flabellate"
"1270",62.4749989404914,0,17,121,1104,1242,138,0,1.36876006441224,9.74235104669887,88.8888888888889,"ssp5","flabellate"
"1271",62.5249989396435,2,30,114,1086,1232,146,0.162337662337662,2.43506493506494,9.25324675324675,88.1493506493506,"ssp5","flabellate"
"1272",62.5749989387955,2,41,94,1097,1234,137,0.162074554294976,3.322528363047,7.61750405186386,88.8978930307942,"ssp5","flabellate"
"1273",62.6249989379476,1,26,88,1134,1249,115,0.0800640512409928,2.08166533226581,7.04563650920737,90.7926341072858,"ssp5","flabellate"
"1274",62.6749989370996,7,8,75,1165,1255,90,0.557768924302789,0.637450199203187,5.97609561752988,92.8286852589641,"ssp5","flabellate"
"1275",62.7249989362517,1,7,58,1175,1241,66,0.08058017727639,0.56406124093473,4.67365028203062,94.6817082997583,"ssp5","flabellate"
"1276",62.7749989354037,4,6,47,1184,1241,57,0.32232070910556,0.48348106365834,3.78726833199033,95.4069298952458,"ssp5","flabellate"
"1277",62.8249989345558,5,3,38,1186,1232,46,0.405844155844156,0.243506493506494,3.08441558441558,96.2662337662338,"ssp5","flabellate"
"1278",62.8749989337079,3,7,36,1181,1227,46,0.244498777506112,0.570497147514263,2.93398533007335,96.2510187449063,"ssp5","flabellate"
"1279",62.9249989328599,2,13,38,1170,1223,53,0.163532297628782,1.06295993458708,3.10711365494685,95.6663941128373,"ssp5","flabellate"
"1280",62.974998932012,2,13,40,1167,1222,55,0.16366612111293,1.06382978723404,3.27332242225859,95.4991816693944,"ssp5","flabellate"
"1281",63.024998931164,9,8,37,1178,1232,54,0.73051948051948,0.649350649350649,3.00324675324675,95.6168831168831,"ssp5","flabellate"
"1282",63.0749989303161,6,7,49,1160,1222,62,0.490998363338789,0.572831423895254,4.00981996726678,94.9263502454992,"ssp5","flabellate"
"1283",63.1249989294681,11,8,70,1138,1227,89,0.896495517522412,0.6519967400163,5.70497147514262,92.7465362673187,"ssp5","flabellate"
"1284",63.1749989286202,8,8,93,1108,1217,109,0.657354149548069,0.657354149548069,7.6417419884963,91.0435497124076,"ssp5","flabellate"
"1285",63.2249989277722,5,13,130,1060,1208,148,0.413907284768212,1.07615894039735,10.7615894039735,87.7483443708609,"ssp5","flabellate"
"1286",63.2749989269243,12,8,157,1048,1225,177,0.979591836734694,0.653061224489796,12.8163265306122,85.5510204081633,"ssp5","flabellate"
"1287",63.3249989260763,6,14,192,1018,1230,212,0.48780487804878,1.13821138211382,15.609756097561,82.7642276422764,"ssp5","flabellate"
"1288",63.3749989252284,6,15,199,1006,1226,220,0.489396411092985,1.22349102773246,16.231647634584,82.0554649265905,"ssp5","flabellate"
"1289",63.4249989243804,9,20,201,990,1220,230,0.737704918032787,1.63934426229508,16.4754098360656,81.1475409836066,"ssp5","flabellate"
"1290",63.4749989235325,7,25,213,967,1212,245,0.577557755775578,2.06270627062706,17.5742574257426,79.7854785478548,"ssp5","flabellate"
"1291",63.5249989226846,12,23,207,951,1193,242,1.00586756077117,1.9279128248114,17.3512154233026,79.7150041911148,"ssp5","flabellate"
"1292",63.5749989218366,0,26,207,938,1171,233,0,2.2203245089667,17.6771989752348,80.1024765157985,"ssp5","flabellate"
"1293",63.6249989209887,5,27,198,943,1173,230,0.426257459505541,2.30179028132992,16.8797953964194,80.3921568627451,"ssp5","flabellate"
"1294",63.6749989201407,10,18,234,903,1165,262,0.858369098712446,1.5450643776824,20.0858369098712,77.5107296137339,"ssp5","flabellate"
"1295",63.7249989192928,10,24,234,895,1163,268,0.859845227858985,2.06362854686156,20.1203783319003,76.9561478933792,"ssp5","flabellate"
"1296",63.7749989184448,13,21,231,884,1149,265,1.13141862489121,1.82767624020888,20.1044386422977,76.9364664926023,"ssp5","flabellate"
"1297",63.8249989175969,10,30,205,892,1137,245,0.879507475813544,2.63852242744063,18.0299032541777,78.4520668425682,"ssp5","flabellate"
"1298",63.8749989167489,6,34,203,870,1113,243,0.539083557951483,3.05480682839173,18.2389937106918,78.167115902965,"ssp5","flabellate"
"1299",63.924998915901,3,32,209,896,1140,244,0.263157894736842,2.80701754385965,18.3333333333333,78.5964912280702,"ssp5","flabellate"
"1300",63.974998915053,2,29,215,898,1144,246,0.174825174825175,2.53496503496504,18.7937062937063,78.4965034965035,"ssp5","flabellate"
"1301",64.0249989142051,3,37,231,876,1147,271,0.2615518744551,3.2258064516129,20.1394943330427,76.3731473408893,"ssp5","flabellate"
"1302",64.0749989133571,10,40,241,869,1160,291,0.862068965517241,3.44827586206897,20.7758620689655,74.9137931034483,"ssp5","flabellate"
"1303",64.1249989125092,12,30,246,862,1150,288,1.04347826086957,2.60869565217391,21.3913043478261,74.9565217391304,"ssp5","flabellate"
"1304",64.1749989116612,12,27,234,890,1163,273,1.03181427343078,2.32158211521926,20.1203783319003,76.5262252794497,"ssp5","flabellate"
"1305",64.2249989108133,5,25,250,879,1159,280,0.431406384814495,2.15703192407248,21.5703192407248,75.8412424503883,"ssp5","flabellate"
"1306",64.2749989099654,2,26,247,880,1155,275,0.173160173160173,2.25108225108225,21.3852813852814,76.1904761904762,"ssp5","flabellate"
"1307",64.3249989091174,2,36,251,855,1144,289,0.174825174825175,3.14685314685315,21.9405594405594,74.7377622377622,"ssp5","flabellate"
"1308",64.3749989082695,4,34,266,838,1142,304,0.350262697022767,2.97723292469352,23.292469352014,73.3800350262697,"ssp5","flabellate"
"1309",64.4249989074215,0,39,263,835,1137,302,0,3.43007915567282,23.1310466138962,73.438874230431,"ssp5","flabellate"
"1310",64.4749989065736,1,59,269,797,1126,329,0.088809946714032,5.23978685612789,23.8898756660746,70.7815275310835,"ssp5","flabellate"
"1311",64.5249989057256,1,34,273,829,1137,308,0.0879507475813544,2.99032541776605,24.0105540897098,72.9111697449428,"ssp5","flabellate"
"1312",64.5749989048777,0,37,266,841,1144,303,0,3.23426573426573,23.2517482517483,73.513986013986,"ssp5","flabellate"
"1313",64.6249989040297,0,48,255,844,1147,303,0,4.1848299912816,22.2319093286835,73.5832606800349,"ssp5","flabellate"
"1314",64.6749989031818,6,46,270,838,1160,322,0.517241379310345,3.96551724137931,23.2758620689655,72.2413793103448,"ssp5","flabellate"
"1315",64.7249989023339,3,52,250,859,1164,305,0.257731958762887,4.46735395189003,21.4776632302405,73.7972508591065,"ssp5","flabellate"
"1316",64.7749989014859,2,55,233,877,1167,290,0.171379605826907,4.71293916023993,19.9657240788346,75.1499571550985,"ssp5","flabellate"
"1317",64.824998900638,1,59,212,854,1126,272,0.088809946714032,5.23978685612789,18.8277087033748,75.8436944937833,"ssp5","flabellate"
"1318",64.87499889979,1,63,214,853,1131,278,0.0884173297966401,5.57029177718833,18.921308576481,75.419982316534,"ssp5","flabellate"
"1319",64.9249988989421,1,71,215,869,1156,287,0.0865051903114187,6.14186851211073,18.598615916955,75.1730103806228,"ssp5","flabellate"
"1320",64.9749988980941,1,68,237,878,1184,306,0.0844594594594595,5.74324324324324,20.0168918918919,74.1554054054054,"ssp5","flabellate"
"1321",65.0249988972462,1,70,242,874,1187,313,0.08424599831508,5.8972198820556,20.3875315922494,73.6310025273799,"ssp5","flabellate"
"1322",65.0749988963982,9,59,272,846,1186,340,0.75885328836425,4.97470489038786,22.9342327150084,71.3322091062395,"ssp5","flabellate"
"1323",65.1249988955503,9,34,306,845,1194,349,0.753768844221105,2.84757118927973,25.6281407035176,70.7705192629816,"ssp5","flabellate"
"1324",65.1749988947023,6,44,293,856,1199,343,0.500417014178482,3.6697247706422,24.4370308590492,71.3928273561301,"ssp5","flabellate"
"1325",65.2249988938544,3,80,260,849,1192,343,0.251677852348993,6.71140939597315,21.8120805369128,71.2248322147651,"ssp5","flabellate"
"1326",65.2749988930064,3,76,262,850,1191,341,0.251889168765743,6.38119227539882,21.9983207388749,71.3685978169605,"ssp5","flabellate"
"1327",65.3249988921585,3,89,246,854,1192,338,0.251677852348993,7.46644295302013,20.6375838926174,71.6442953020134,"ssp5","flabellate"
"1328",65.3749988913106,5,85,219,893,1202,309,0.415973377703827,7.07154742096506,18.2196339434276,74.2928452579035,"ssp5","flabellate"
"1329",65.4249988904626,8,60,202,923,1193,270,0.670578373847443,5.02933780385583,16.9321039396479,77.3679798826488,"ssp5","flabellate"
"1330",65.4749988896147,5,89,181,906,1181,275,0.423370025402202,7.53598645215919,15.3259949195597,76.7146486028789,"ssp5","flabellate"
"1331",65.5249988887667,4,75,177,893,1149,256,0.348128807658834,6.52741514360313,15.4046997389034,77.7197563098346,"ssp5","flabellate"
"1332",65.5749988879188,4,75,201,843,1123,280,0.356188780053428,6.67853962600178,17.8984861976848,75.06678539626,"ssp5","flabellate"
"1333",65.6249988870708,1,84,244,787,1116,329,0.0896057347670251,7.52688172043011,21.8637992831541,70.5197132616487,"ssp5","flabellate"
"1334",65.6749988862229,2,91,257,764,1114,350,0.179533213644524,8.16876122082585,23.0700179533214,68.5816876122083,"ssp5","flabellate"
"1335",65.7249988853749,3,101,243,771,1118,347,0.268336314847943,9.03398926654741,21.7352415026834,68.9624329159213,"ssp5","flabellate"
"1336",65.774998884527,3,90,243,776,1112,336,0.26978417266187,8.09352517985612,21.8525179856115,69.7841726618705,"ssp5","flabellate"
"1337",65.824998883679,2,101,227,772,1102,330,0.181488203266788,9.16515426497278,20.5989110707804,70.05444646098,"ssp5","flabellate"
"1338",65.8749988828311,0,141,203,753,1097,344,0,12.8532360984503,18.5050136736554,68.6417502278943,"ssp5","flabellate"
"1339",65.9249988819831,3,135,202,749,1089,340,0.275482093663912,12.396694214876,18.5491276400367,68.7786960514233,"ssp5","flabellate"
"1340",65.9749988811352,1,124,200,761,1086,325,0.0920810313075506,11.4180478821363,18.4162062615101,70.0736648250461,"ssp5","flabellate"
"1341",66.0249988802873,3,119,200,783,1105,322,0.271493212669683,10.7692307692308,18.0995475113122,70.8597285067873,"ssp5","flabellate"
"1342",66.0749988794393,4,139,195,790,1128,338,0.354609929078014,12.322695035461,17.2872340425532,70.0354609929078,"ssp5","flabellate"
"1343",66.1249988785914,4,127,214,789,1134,345,0.352733686067019,11.1992945326279,18.8712522045855,69.5767195767196,"ssp5","flabellate"
"1344",66.1749988777434,0,131,214,808,1153,345,0,11.3616652211622,18.5602775368604,70.0780572419774,"ssp5","flabellate"
"1345",66.2249988768955,1,140,203,835,1179,344,0.0848176420695505,11.8744698897371,17.2179813401187,70.8227311280746,"ssp5","flabellate"
"1346",66.2749988760475,1,144,203,836,1184,348,0.0844594594594595,12.1621621621622,17.1452702702703,70.6081081081081,"ssp5","flabellate"
"1347",66.3249988751996,1,161,198,800,1160,360,0.0862068965517241,13.8793103448276,17.0689655172414,68.9655172413793,"ssp5","flabellate"
"1348",66.3749988743516,0,153,206,786,1145,359,0,13.3624454148472,17.9912663755459,68.646288209607,"ssp5","flabellate"
"1349",66.4249988735037,3,156,223,770,1152,382,0.260416666666667,13.5416666666667,19.3576388888889,66.8402777777778,"ssp5","flabellate"
"1350",66.4749988726557,2,183,211,778,1174,396,0.170357751277683,15.587734241908,17.9727427597956,66.2691652470187,"ssp5","flabellate"
"1351",66.5249988718078,3,196,201,791,1191,400,0.251889168765743,16.4567590260285,16.8765743073048,66.4147774979009,"ssp5","flabellate"
"1352",66.5749988709598,0,201,190,796,1187,391,0,16.9334456613311,16.0067396798652,67.0598146588037,"ssp5","flabellate"
"1353",66.6249988701119,0,187,200,793,1180,387,0,15.8474576271186,16.9491525423729,67.2033898305085,"ssp5","flabellate"
"1354",66.674998869264,0,158,209,811,1178,367,0,13.4125636672326,17.741935483871,68.8455008488964,"ssp5","flabellate"
"1355",66.724998868416,0,170,199,790,1159,369,0,14.6678170836928,17.1699741156169,68.1622088006903,"ssp5","flabellate"
"1356",66.7749988675681,1,174,201,785,1161,376,0.0861326442721792,14.9870801033592,17.312661498708,67.6141257536606,"ssp5","flabellate"
"1357",66.8249988667201,1,161,191,811,1164,353,0.0859106529209622,13.8316151202749,16.4089347079038,69.6735395189003,"ssp5","flabellate"
"1358",66.8749988658722,0,193,156,811,1160,349,0,16.6379310344828,13.448275862069,69.9137931034483,"ssp5","flabellate"
"1359",66.9249988650242,1,177,172,797,1147,350,0.0871839581517001,15.4315605928509,14.9956408020924,69.485614646905,"ssp5","flabellate"
"1360",66.9749988641763,1,181,164,799,1145,346,0.0873362445414847,15.8078602620087,14.3231441048035,69.7816593886463,"ssp5","flabellate"
"1361",67.0249988633283,0,159,169,820,1148,328,0,13.8501742160279,14.7212543554007,71.4285714285714,"ssp5","flabellate"
"1362",67.0749988624804,0,173,160,818,1151,333,0,15.0304083405734,13.9009556907037,71.0686359687228,"ssp5","flabellate"
"1363",67.1249988616324,0,174,144,819,1137,318,0,15.3034300791557,12.664907651715,72.0316622691293,"ssp5","flabellate"
"1364",67.1749988607845,0,163,136,833,1132,299,0,14.3992932862191,12.0141342756184,73.5865724381625,"ssp5","flabellate"
"1365",67.2249988599365,0,137,127,879,1143,264,0,11.9860017497813,11.1111111111111,76.9028871391076,"ssp5","flabellate"
"1366",67.2749988590886,0,121,121,894,1136,242,0,10.6514084507042,10.6514084507042,78.6971830985916,"ssp5","flabellate"
"1367",67.3249988582406,0,125,116,898,1139,241,0,10.9745390693591,10.1843722563652,78.8410886742757,"ssp5","flabellate"
"1368",67.3749988573927,1,89,128,923,1141,218,0.0876424189307625,7.80017528483786,11.2182296231376,80.8939526730938,"ssp5","flabellate"
"1369",67.4249988565448,1,94,135,910,1140,230,0.087719298245614,8.24561403508772,11.8421052631579,79.8245614035088,"ssp5","flabellate"
"1370",67.4749988556968,2,86,120,938,1146,208,0.174520069808028,7.5043630017452,10.4712041884817,81.8499127399651,"ssp5","flabellate"
"1371",67.5249988548489,1,108,107,936,1152,216,0.0868055555555556,9.375,9.28819444444444,81.25,"ssp5","flabellate"
"1372",67.5749988540009,1,123,96,930,1150,220,0.0869565217391304,10.695652173913,8.34782608695652,80.8695652173913,"ssp5","flabellate"
"1373",67.624998853153,0,105,90,961,1156,195,0,9.08304498269896,7.78546712802768,83.1314878892734,"ssp5","flabellate"
"1374",67.674998852305,0,93,90,970,1153,183,0,8.06591500433651,7.80572419774501,84.1283607979185,"ssp5","flabellate"
"1375",67.7249988514571,0,89,95,963,1147,184,0,7.75937227550131,8.28247602441151,83.9581517000872,"ssp5","flabellate"
"1376",67.7749988506091,0,77,98,981,1156,175,0,6.66089965397924,8.47750865051903,84.8615916955017,"ssp5","flabellate"
"1377",67.8249988497612,0,82,79,989,1150,161,0,7.1304347826087,6.8695652173913,86,"ssp5","flabellate"
"1378",67.8749988489133,1,92,74,980,1147,167,0.0871839581517001,8.02092414995641,6.45161290322581,85.4402789886661,"ssp5","flabellate"
"1379",67.9249988480653,1,76,88,990,1155,165,0.0865800865800866,6.58008658008658,7.61904761904762,85.7142857142857,"ssp5","flabellate"
"1380",67.9749988472173,1,79,93,996,1169,173,0.0855431993156544,6.7579127459367,7.95551753635586,85.2010265183918,"ssp5","flabellate"
"1381",68.0249988463694,2,78,82,1004,1166,162,0.171526586620926,6.68953687821612,7.03259005145798,86.106346483705,"ssp5","flabellate"
"1382",68.0749988455215,3,74,67,1026,1170,144,0.256410256410256,6.32478632478632,5.72649572649573,87.6923076923077,"ssp5","flabellate"
"1383",68.1249988446735,1,66,53,1036,1156,120,0.0865051903114187,5.70934256055363,4.58477508650519,89.6193771626298,"ssp5","flabellate"
"1384",68.1749988438256,0,47,55,1059,1161,102,0,4.04823428079242,4.73729543496985,91.2144702842377,"ssp5","flabellate"
"1385",68.2249988429776,0,45,48,1063,1156,93,0,3.89273356401384,4.1522491349481,91.9550173010381,"ssp5","flabellate"
"1386",68.2749988421297,2,30,47,1078,1157,79,0.17286084701815,2.59291270527226,4.06222990492653,93.1719965427831,"ssp5","flabellate"
"1387",68.3249988412817,1,50,49,1052,1152,100,0.0868055555555556,4.34027777777778,4.25347222222222,91.3194444444444,"ssp5","flabellate"
"1388",68.3749988404338,0,53,44,1047,1144,97,0,4.63286713286713,3.84615384615385,91.520979020979,"ssp5","flabellate"
"1389",68.4249988395858,0,55,42,1033,1130,97,0,4.86725663716814,3.71681415929204,91.4159292035398,"ssp5","flabellate"
"1390",68.4749988387379,3,54,52,1023,1132,109,0.265017667844523,4.77031802120141,4.59363957597173,90.3710247349823,"ssp5","flabellate"
"1391",68.52499883789,0,56,43,1027,1126,99,0,4.97335701598579,3.81882770870337,91.2078152753108,"ssp5","flabellate"
"1392",68.574998837042,1,70,37,1047,1155,108,0.0865800865800866,6.06060606060606,3.2034632034632,90.6493506493507,"ssp5","flabellate"
"1393",68.6249988361941,0,70,33,1043,1146,103,0,6.10820244328098,2.87958115183246,91.0122164048866,"ssp5","flabellate"
"1394",68.6749988353461,1,61,30,1055,1147,92,0.0871839581517001,5.31822144725371,2.615518744551,91.9790758500436,"ssp5","flabellate"
"1395",68.7249988344982,0,60,38,1062,1160,98,0,5.17241379310345,3.27586206896552,91.551724137931,"ssp5","flabellate"
"1396",68.7749988336502,2,61,32,1067,1162,95,0.172117039586919,5.24956970740103,2.75387263339071,91.8244406196213,"ssp5","flabellate"
"1397",68.8249988328023,3,62,33,1073,1171,98,0.256191289496157,5.29461998292058,2.81810418445773,91.6310845431255,"ssp5","flabellate"
"1398",68.8749988319543,2,75,30,1074,1181,107,0.169348010160881,6.35055038103302,2.54022015241321,90.9398814563929,"ssp5","flabellate"
"1399",68.9249988311064,7,77,27,1075,1186,111,0.590219224283305,6.49241146711636,2.27655986509275,90.6408094435076,"ssp5","flabellate"
"1400",68.9749988302584,11,85,27,1072,1195,123,0.920502092050209,7.11297071129707,2.25941422594142,89.7071129707113,"ssp5","flabellate"
"1401",69.0249988294105,9,92,24,1070,1195,125,0.753138075313807,7.69874476987448,2.00836820083682,89.5397489539749,"ssp5","flabellate"
"1402",69.0749988285625,7,87,33,1079,1206,127,0.580431177446103,7.21393034825871,2.7363184079602,89.469320066335,"ssp5","flabellate"
"1403",69.1249988277146,7,80,48,1078,1213,135,0.577081615828524,6.59521846661171,3.95713107996702,88.8705688375927,"ssp5","flabellate"
"1404",69.1749988268667,4,109,53,1069,1235,166,0.323886639676113,8.82591093117409,4.2914979757085,86.5587044534413,"ssp5","flabellate"
"1405",69.2249988260187,2,90,43,1096,1231,135,0.16246953696182,7.31112916328189,3.49309504467912,89.0333062550772,"ssp5","flabellate"
"1406",69.2749988251708,0,89,42,1094,1225,131,0,7.26530612244898,3.42857142857143,89.3061224489796,"ssp5","flabellate"
"1407",69.3249988243228,1,107,44,1079,1231,152,0.0812347684809098,8.69212022745735,3.57432981316003,87.6523151909017,"ssp5","flabellate"
"1408",69.3749988234749,1,105,42,1066,1214,148,0.0823723228995058,8.64909390444811,3.45963756177924,87.8088962108731,"ssp5","flabellate"
"1409",69.4249988226269,1,112,34,1077,1224,147,0.0816993464052288,9.15032679738562,2.77777777777778,87.9901960784314,"ssp5","flabellate"
"1410",69.474998821779,2,112,30,1098,1242,144,0.161030595813205,9.01771336553945,2.41545893719807,88.4057971014493,"ssp5","flabellate"
"1411",69.524998820931,1,85,47,1106,1239,133,0.0807102502017756,6.86037126715093,3.79338175948345,89.2655367231638,"ssp5","flabellate"
"1412",69.5749988200831,1,93,39,1081,1214,133,0.0823723228995058,7.66062602965404,3.21252059308072,89.0444810543657,"ssp5","flabellate"
"1413",69.6249988192351,0,103,49,1053,1205,152,0,8.54771784232365,4.06639004149378,87.3858921161826,"ssp5","flabellate"
"1414",69.6749988183872,0,95,41,1061,1197,136,0,7.93650793650794,3.42522974101921,88.6382623224729,"ssp5","flabellate"
"1415",69.7249988175392,3,105,46,1055,1209,154,0.248138957816377,8.6848635235732,3.80479735318445,87.262200165426,"ssp5","flabellate"
"1416",69.7749988166913,1,112,52,1070,1235,165,0.0809716599190283,9.06882591093117,4.21052631578947,86.6396761133603,"ssp5","flabellate"
"1417",69.8249988158433,0,104,52,1107,1263,156,0,8.23436262866192,4.11718131433096,87.6484560570071,"ssp5","flabellate"
"1418",69.8749988149954,4,101,46,1135,1286,151,0.31104199066874,7.85381026438569,3.57698289269051,88.258164852255,"ssp5","flabellate"
"1419",69.9249988141475,3,100,47,1154,1304,150,0.230061349693252,7.66871165644172,3.60429447852761,88.4969325153374,"ssp5","flabellate"
"1420",69.9749988132995,10,108,70,1133,1321,188,0.757002271006813,8.17562452687358,5.29901589704769,85.7683573050719,"ssp5","flabellate"
"1421",70.0249988124516,11,95,80,1144,1330,186,0.827067669172932,7.14285714285714,6.01503759398496,86.015037593985,"ssp5","flabellate"
"1422",70.0749988116036,8,62,104,1141,1315,174,0.608365019011407,4.7148288973384,7.90874524714829,86.7680608365019,"ssp5","flabellate"
"1423",70.1249988107557,3,72,81,1167,1323,156,0.226757369614512,5.4421768707483,6.12244897959184,88.2086167800454,"ssp5","flabellate"
"1424",70.1749988099077,5,78,80,1152,1315,163,0.380228136882129,5.93155893536122,6.08365019011407,87.6045627376426,"ssp5","flabellate"
"1425",70.2249988090598,2,88,88,1172,1350,178,0.148148148148148,6.51851851851852,6.51851851851852,86.8148148148148,"ssp5","flabellate"
"1426",70.2749988082118,3,77,111,1182,1373,191,0.21849963583394,5.6081573197378,8.08448652585579,86.0888565185725,"ssp5","flabellate"
"1427",70.3249988073639,4,69,140,1171,1384,213,0.289017341040462,4.98554913294798,10.1156069364162,84.6098265895954,"ssp5","flabellate"
"1428",70.3749988065159,9,86,138,1172,1405,233,0.640569395017794,6.12099644128114,9.8220640569395,83.4163701067616,"ssp5","flabellate"
"1429",70.424998805668,13,80,137,1178,1408,230,0.923295454545455,5.68181818181818,9.73011363636364,83.6647727272727,"ssp5","flabellate"
"1430",70.47499880482,16,68,128,1200,1412,212,1.13314447592068,4.81586402266289,9.06515580736544,84.985835694051,"ssp5","flabellate"
"1431",70.5249988039721,15,81,128,1179,1403,224,1.06913756236636,5.77334283677833,9.12330719885959,84.0342124019957,"ssp5","flabellate"
"1432",70.5749988031242,3,99,135,1156,1393,237,0.215362526920316,7.10696338837042,9.69131371141421,82.986360373295,"ssp5","flabellate"
"1433",70.6249988022762,0,87,170,1129,1386,257,0,6.27705627705628,12.2655122655123,81.4574314574315,"ssp5","flabellate"
"1434",70.6749988014283,0,83,187,1123,1393,270,0,5.95836324479541,13.424264178033,80.6173725771716,"ssp5","flabellate"
"1435",70.7249988005803,0,86,194,1135,1415,280,0,6.07773851590106,13.7102473498233,80.2120141342756,"ssp5","flabellate"
"1436",70.7749987997324,0,93,193,1181,1467,286,0,6.33946830265849,13.1561008861622,80.5044308111793,"ssp5","flabellate"
"1437",70.8249987988844,3,100,191,1183,1477,294,0.2031144211239,6.77048070412999,12.9316181448883,80.0947867298578,"ssp5","flabellate"
"1438",70.8749987980365,1,86,220,1182,1489,307,0.0671591672263264,5.77568838146407,14.7750167897918,79.3821356615178,"ssp5","flabellate"
"1439",70.9249987971885,0,61,232,1201,1494,293,0,4.08299866131191,15.528781793842,80.3882195448461,"ssp5","flabellate"
"1440",70.9749987963406,2,65,229,1202,1498,296,0.133511348464619,4.33911882510013,15.2870493991989,80.2403204272363,"ssp5","flabellate"
"1441",71.0249987954926,2,70,234,1187,1493,306,0.133958472873409,4.68854655056932,15.6731413261889,79.5043536503684,"ssp5","flabellate"
"1442",71.0749987946447,3,79,229,1188,1499,311,0.200133422281521,5.27018012008005,15.2768512341561,79.2528352234823,"ssp5","flabellate"
"1443",71.1249987937967,2,83,243,1171,1499,328,0.133422281521014,5.53702468312208,16.2108072048032,78.1187458305537,"ssp5","flabellate"
"1444",71.1749987929488,2,76,264,1150,1492,342,0.134048257372654,5.09383378016086,17.6943699731903,77.0777479892761,"ssp5","flabellate"
"1445",71.2249987921009,0,63,318,1114,1495,381,0,4.21404682274247,21.2709030100334,74.5150501672241,"ssp5","flabellate"
"1446",71.2749987912529,0,63,344,1090,1497,407,0,4.20841683366733,22.9792919171677,72.812291249165,"ssp5","flabellate"
"1447",71.324998790405,0,68,326,1092,1486,394,0,4.57604306864065,21.9380888290713,73.485868102288,"ssp5","flabellate"
"1448",71.374998789557,0,68,333,1089,1490,401,0,4.56375838926174,22.3489932885906,73.0872483221476,"ssp5","flabellate"
"1449",71.4249987887091,0,73,340,1053,1466,413,0,4.97953615279673,23.1923601637108,71.8281036834925,"ssp5","flabellate"
"1450",71.4749987878611,0,100,322,1046,1468,422,0,6.81198910081744,21.9346049046322,71.2534059945504,"ssp5","flabellate"
"1451",71.5249987870132,0,84,358,1038,1480,442,0,5.67567567567568,24.1891891891892,70.1351351351351,"ssp5","flabellate"
"1452",71.5749987861652,0,60,353,1053,1466,413,0,4.09276944065484,24.0791268758527,71.8281036834925,"ssp5","flabellate"
"1453",71.6249987853173,0,70,332,1061,1463,402,0,4.78468899521531,22.6930963773069,72.5222146274778,"ssp5","flabellate"
"1454",71.6749987844694,0,60,333,1064,1457,393,0,4.11805078929307,22.8551818805765,73.0267673301304,"ssp5","flabellate"
"1455",71.7249987836214,0,78,337,1030,1445,415,0,5.39792387543253,23.3217993079585,71.280276816609,"ssp5","flabellate"
"1456",71.7749987827735,0,93,330,1030,1453,423,0,6.40055058499656,22.7116311080523,70.8878183069511,"ssp5","flabellate"
"1457",71.8249987819255,0,86,341,1030,1457,427,0,5.9025394646534,23.4042553191489,70.6932052161977,"ssp5","flabellate"
"1458",71.8749987810776,0,99,341,1006,1446,440,0,6.84647302904564,23.582295988935,69.5712309820194,"ssp5","flabellate"
"1459",71.9249987802296,0,74,329,1054,1457,403,0,5.07892930679478,22.5806451612903,72.3404255319149,"ssp5","flabellate"
"1460",71.9749987793817,0,54,344,1057,1455,398,0,3.71134020618557,23.6426116838488,72.6460481099656,"ssp5","flabellate"
"1461",72.0249987785337,0,61,341,1055,1457,402,0,4.18668496911462,23.4042553191489,72.4090597117364,"ssp5","flabellate"
"1462",72.0749987776858,0,65,337,1056,1458,402,0,4.45816186556927,23.1138545953361,72.4279835390947,"ssp5","flabellate"
"1463",72.1249987768378,0,52,333,1076,1461,385,0,3.55920602327173,22.7926078028747,73.6481861738535,"ssp5","flabellate"
"1464",72.1749987759899,0,46,337,1073,1456,383,0,3.15934065934066,23.1456043956044,73.6950549450549,"ssp5","flabellate"
"1465",72.2249987751419,0,53,340,1064,1457,393,0,3.63761153054221,23.3356211393274,73.0267673301304,"ssp5","flabellate"
"1466",72.274998774294,0,58,333,1069,1460,391,0,3.97260273972603,22.8082191780822,73.2191780821918,"ssp5","flabellate"
"1467",72.3249987734461,0,64,308,1098,1470,372,0,4.35374149659864,20.952380952381,74.6938775510204,"ssp5","flabellate"
"1468",72.3749987725981,0,50,311,1118,1479,361,0,3.38066260987153,21.0277214334009,75.5916159567275,"ssp5","flabellate"
"1469",72.4249987717502,0,63,323,1098,1484,386,0,4.24528301886792,21.7654986522911,73.989218328841,"ssp5","flabellate"
"1470",72.4749987709022,0,66,335,1042,1443,401,0,4.57380457380457,23.2155232155232,72.2106722106722,"ssp5","flabellate"
"1471",72.5249987700543,0,91,331,1026,1448,422,0,6.28453038674033,22.8591160220994,70.8563535911602,"ssp5","flabellate"
"1472",72.5749987692063,0,92,330,1023,1445,422,0,6.36678200692042,22.8373702422145,70.7958477508651,"ssp5","flabellate"
"1473",72.6249987683584,0,102,319,1029,1450,421,0,7.03448275862069,22,70.9655172413793,"ssp5","flabellate"
"1474",72.6749987675104,0,142,307,996,1445,449,0,9.82698961937716,21.2456747404844,68.9273356401384,"ssp5","flabellate"
"1475",72.7249987666625,0,165,276,1003,1444,441,0,11.4265927977839,19.1135734072022,69.4598337950139,"ssp5","flabellate"
"1476",72.7749987658145,0,166,274,1020,1460,440,0,11.3698630136986,18.7671232876712,69.8630136986301,"ssp5","flabellate"
"1477",72.8249987649666,0,166,260,1045,1471,426,0,11.2848402447315,17.675050985724,71.0401087695445,"ssp5","flabellate"
"1478",72.8749987641186,0,180,246,1045,1471,426,0,12.2365737593474,16.7233174711081,71.0401087695445,"ssp5","flabellate"
"1479",72.9249987632707,0,153,276,1030,1459,429,0,10.4866346812886,18.9170664838931,70.5962988348184,"ssp5","flabellate"
"1480",72.9749987624228,0,178,262,1010,1450,440,0,12.2758620689655,18.0689655172414,69.6551724137931,"ssp5","flabellate"
"1481",73.0249987615748,0,184,257,1019,1460,441,0,12.6027397260274,17.6027397260274,69.7945205479452,"ssp5","flabellate"
"1482",73.0749987607269,0,191,282,990,1463,473,0,13.0553656869446,19.2754613807245,67.6691729323308,"ssp5","flabellate"
"1483",73.1249987598789,0,193,265,1009,1467,458,0,13.1561008861622,18.0640763462849,68.7798227675528,"ssp5","flabellate"
"1484",73.174998759031,0,170,246,1047,1463,416,0,11.61995898838,16.8147641831852,71.5652768284347,"ssp5","flabellate"
"1485",73.224998758183,0,173,245,1061,1479,418,0,11.6970926301555,16.5652467883705,71.737660581474,"ssp5","flabellate"
"1486",73.2749987573351,0,181,251,1027,1459,432,0,12.4057573680603,17.2035640849897,70.39067854695,"ssp5","flabellate"
"1487",73.3249987564871,0,149,251,1050,1450,400,0,10.2758620689655,17.3103448275862,72.4137931034483,"ssp5","flabellate"
"1488",73.3749987556392,0,145,222,1075,1442,367,0,10.0554785020804,15.3952843273232,74.5492371705964,"ssp5","flabellate"
"1489",73.4249987547912,0,153,260,1041,1454,413,0,10.5226960110041,17.8817056396149,71.595598349381,"ssp5","flabellate"
"1490",73.4749987539433,0,112,272,1042,1426,384,0,7.85413744740533,19.0743338008415,73.0715287517532,"ssp5","flabellate"
"1491",73.5249987530953,0,153,203,1056,1412,356,0,10.8356940509915,14.3767705382436,74.7875354107649,"ssp5","flabellate"
"1492",73.5749987522474,0,161,181,1060,1402,342,0,11.4835948644793,12.9101283880171,75.6062767475036,"ssp5","flabellate"
"1493",73.6249987513994,0,167,170,1055,1392,337,0,11.9971264367816,12.2126436781609,75.7902298850575,"ssp5","flabellate"
"1494",73.6749987505515,0,160,194,1037,1391,354,0,11.5025161754134,13.9468008626887,74.5506829618979,"ssp5","flabellate"
"1495",73.7249987497036,0,153,194,1063,1410,347,0,10.8510638297872,13.758865248227,75.3900709219858,"ssp5","flabellate"
"1496",73.7749987488556,0,159,183,1056,1398,342,0,11.3733905579399,13.0901287553648,75.5364806866953,"ssp5","flabellate"
"1497",73.8249987480077,0,194,174,1012,1380,368,0,14.0579710144928,12.6086956521739,73.3333333333333,"ssp5","flabellate"
"1498",73.8749987471597,0,180,175,1026,1381,355,0,13.0340333091962,12.6719768283852,74.2939898624185,"ssp5","flabellate"
"1499",73.9249987463118,0,186,156,1055,1397,342,0,13.3142448103078,11.1667859699356,75.5189692197566,"ssp5","flabellate"
"1500",73.9749987454638,0,199,139,1067,1405,338,0,14.1637010676157,9.8932384341637,75.9430604982206,"ssp5","flabellate"
"1501",74.0249987446159,0,226,133,1054,1413,359,0,15.9943382873319,9.41259731068648,74.5930644019816,"ssp5","flabellate"
"1502",74.0749987437679,0,245,103,1075,1423,348,0,17.2171468728039,7.23822909346451,75.5446240337316,"ssp5","flabellate"
"1503",74.12499874292,0,262,97,1040,1399,359,0,18.7276626161544,6.93352394567548,74.3388134381701,"ssp5","flabellate"
"1504",74.174998742072,0,252,95,1031,1378,347,0,18.2873730043541,6.89404934687954,74.8185776487663,"ssp5","flabellate"
"1505",74.2249987412241,0,272,89,1016,1377,361,0,19.7530864197531,6.46332607116921,73.7835875090777,"ssp5","flabellate"
"1506",74.2749987403761,0,271,65,1036,1372,336,0,19.7521865889213,4.73760932944606,75.5102040816327,"ssp5","flabellate"
"1507",74.3249987395282,0,254,67,1040,1361,321,0,18.6627479794269,4.92285084496694,76.4144011756062,"ssp5","flabellate"
"1508",74.3749987386803,0,253,64,1044,1361,317,0,18.5892725936811,4.70242468772961,76.7083027185893,"ssp5","flabellate"
"1509",74.4249987378323,0,229,79,1037,1345,308,0,17.0260223048327,5.87360594795539,77.1003717472119,"ssp5","flabellate"
"1510",74.4749987369844,0,233,67,1039,1339,300,0,17.4010455563854,5.00373412994772,77.5952203136669,"ssp5","flabellate"
"1511",74.5249987361364,0,230,77,1046,1353,307,0,16.9992609016999,5.69105691056911,77.309682187731,"ssp5","flabellate"
"1512",74.5749987352885,0,224,76,1043,1343,300,0,16.6790766939687,5.65897244973939,77.6619508562919,"ssp5","flabellate"
"1513",74.6249987344405,0,220,90,1043,1353,310,0,16.260162601626,6.65188470066519,77.0879526977088,"ssp5","flabellate"
"1514",74.6749987335926,0,211,75,1091,1377,286,0,15.3231663035585,5.44662309368192,79.2302106027596,"ssp5","flabellate"
"1515",74.7249987327446,0,215,56,1097,1368,271,0,15.7163742690058,4.09356725146199,80.1900584795322,"ssp5","flabellate"
"1516",74.7749987318967,0,209,67,1092,1368,276,0,15.2777777777778,4.89766081871345,79.8245614035088,"ssp5","flabellate"
"1517",74.8249987310488,0,217,65,1081,1363,282,0,15.9207630227439,4.76889214966985,79.3103448275862,"ssp5","flabellate"
"1518",74.8749987302008,0,209,50,1099,1358,259,0,15.3902798232695,3.68188512518409,80.9278350515464,"ssp5","flabellate"
"1519",74.9249987293529,0,192,39,1126,1357,231,0,14.1488577745026,2.87398673544584,82.9771554900516,"ssp5","flabellate"
"1520",74.9749987285049,0,190,51,1107,1348,241,0,14.0949554896142,3.78338278931751,82.1216617210683,"ssp5","flabellate"
"1521",75.024998727657,0,169,58,1096,1323,227,0,12.7739984882842,4.38397581254724,82.8420256991686,"ssp5","flabellate"
"1522",75.074998726809,0,164,61,1106,1331,225,0,12.3215627347859,4.58302028549962,83.0954169797145,"ssp5","flabellate"
"1523",75.1249987259611,0,178,44,1113,1335,222,0,13.3333333333333,3.29588014981273,83.3707865168539,"ssp5","flabellate"
"1524",75.1749987251131,0,185,45,1098,1328,230,0,13.9307228915663,3.38855421686747,82.6807228915663,"ssp5","flabellate"
"1525",75.2249987242652,0,175,55,1105,1335,230,0,13.1086142322097,4.11985018726592,82.7715355805243,"ssp5","flabellate"
"1526",75.2749987234172,0,172,61,1094,1327,233,0,12.9615674453655,4.59683496608892,82.4415975885456,"ssp5","flabellate"
"1527",75.3249987225693,0,174,64,1076,1314,238,0,13.2420091324201,4.87062404870624,81.8873668188737,"ssp5","flabellate"
"1528",75.3749987217213,0,174,66,1078,1318,240,0,13.2018209408194,5.00758725341426,81.7905918057663,"ssp5","flabellate"
"1529",75.4249987208734,0,173,72,1079,1324,245,0,13.0664652567976,5.4380664652568,81.4954682779456,"ssp5","flabellate"
"1530",75.4749987200255,0,165,67,1095,1327,232,0,12.4340617935192,5.04898266767144,82.5169555388093,"ssp5","flabellate"
"1531",75.5249987191775,0,162,86,1079,1327,248,0,12.207987942728,6.48078372268274,81.3112283345893,"ssp5","flabellate"
"1532",75.5749987183296,0,161,94,1070,1325,255,0,12.1509433962264,7.09433962264151,80.7547169811321,"ssp5","flabellate"
"1533",75.6249987174816,0,191,90,1046,1327,281,0,14.3933685003768,6.78221552373775,78.8244159758855,"ssp5","flabellate"
"1534",75.6749987166337,0,194,88,1039,1321,282,0,14.6858440575322,6.66161998485996,78.6525359576079,"ssp5","flabellate"
"1535",75.7249987157857,0,194,78,1044,1316,272,0,14.741641337386,5.92705167173252,79.3313069908815,"ssp5","flabellate"
"1536",75.7749987149378,0,191,79,1039,1309,270,0,14.5912910618793,6.03514132925898,79.3735676088617,"ssp5","flabellate"
"1537",75.8249987140898,0,198,94,1013,1305,292,0,15.1724137931034,7.20306513409962,77.6245210727969,"ssp5","flabellate"
"1538",75.8749987132419,0,225,101,978,1304,326,0,17.2546012269939,7.74539877300613,75,"ssp5","flabellate"
"1539",75.9249987123939,0,241,103,961,1305,344,0,18.4674329501916,7.89272030651341,73.639846743295,"ssp5","flabellate"
"1540",75.974998711546,0,226,108,968,1302,334,0,17.357910906298,8.29493087557604,74.347158218126,"ssp5","flabellate"
"1541",76.024998710698,0,204,105,991,1300,309,0,15.6923076923077,8.07692307692308,76.2307692307692,"ssp5","flabellate"
"1542",76.0749987098501,0,194,103,994,1291,297,0,15.0271107668474,7.97831138652208,76.9945778466305,"ssp5","flabellate"
"1543",76.1249987090021,0,211,112,968,1291,323,0,16.3439194422928,8.67544539116964,74.9806351665376,"ssp5","flabellate"
"1544",76.1749987081542,0,187,122,983,1292,309,0,14.4736842105263,9.44272445820433,76.0835913312693,"ssp5","flabellate"
"1545",76.2249987073063,0,176,106,1023,1305,282,0,13.4865900383142,8.12260536398467,78.3908045977011,"ssp5","flabellate"
"1546",76.2749987064583,0,179,84,1054,1317,263,0,13.5914958238421,6.37813211845103,80.0303720577069,"ssp5","flabellate"
"1547",76.3249987056104,0,208,77,1030,1315,285,0,15.8174904942966,5.85551330798479,78.3269961977186,"ssp5","flabellate"
"1548",76.3749987047624,0,205,64,1055,1324,269,0,15.4833836858006,4.83383685800604,79.6827794561934,"ssp5","flabellate"
"1549",76.4249987039145,0,190,68,1069,1327,258,0,14.318010550113,5.12434061793519,80.5576488319518,"ssp5","flabellate"
"1550",76.4749987030665,0,240,55,1023,1318,295,0,18.2094081942337,4.17298937784522,77.6176024279211,"ssp5","flabellate"
"1551",76.5249987022186,0,215,55,1053,1323,270,0,16.2509448223734,4.15721844293273,79.5918367346939,"ssp5","flabellate"
"1552",76.5749987013706,0,182,50,1084,1316,232,0,13.8297872340426,3.79939209726444,82.370820668693,"ssp5","flabellate"
"1553",76.6249987005227,0,187,49,1079,1315,236,0,14.2205323193916,3.72623574144487,82.0532319391635,"ssp5","flabellate"
"1554",76.6749986996747,0,189,43,1084,1316,232,0,14.3617021276596,3.26747720364742,82.370820668693,"ssp5","flabellate"
"1555",76.7249986988268,0,176,29,1102,1307,205,0,13.4659525631217,2.21882172915073,84.3152257077276,"ssp5","flabellate"
"1556",76.7749986979788,0,176,21,1105,1302,197,0,13.5176651305684,1.61290322580645,84.8694316436252,"ssp5","flabellate"
"1557",76.8249986971309,0,122,19,1137,1278,141,0,9.54616588419405,1.4866979655712,88.9671361502347,"ssp5","flabellate"
"1558",76.874998696283,0,106,20,1128,1254,126,0,8.45295055821372,1.59489633173844,89.9521531100478,"ssp5","flabellate"
"1559",76.924998695435,0,129,23,1090,1242,152,0,10.3864734299517,1.85185185185185,87.7616747181965,"ssp5","flabellate"
"1560",76.9749986945871,0,111,14,1114,1239,125,0,8.95883777239709,1.12994350282486,89.911218724778,"ssp5","flabellate"
"1561",77.0249986937391,0,111,10,1107,1228,121,0,9.03908794788274,0.814332247557003,90.1465798045603,"ssp5","flabellate"
"1562",77.0749986928912,0,94,14,1114,1222,108,0,7.69230769230769,1.14566284779051,91.1620294599018,"ssp5","flabellate"
"1563",77.1249986920432,0,114,18,1086,1218,132,0,9.35960591133005,1.47783251231527,89.1625615763547,"ssp5","flabellate"
"1564",77.1749986911953,0,110,24,1077,1211,134,0,9.08340214698596,1.98183319570603,88.934764657308,"ssp5","flabellate"
"1565",77.2249986903473,0,109,20,1080,1209,129,0,9.01571546732837,1.65425971877585,89.3300248138958,"ssp5","flabellate"
"1566",77.2749986894994,0,85,29,1093,1207,114,0,7.04225352112676,2.4026512013256,90.5550952775476,"ssp5","flabellate"
"1567",77.3249986886514,0,60,24,1134,1218,84,0,4.92610837438424,1.97044334975369,93.1034482758621,"ssp5","flabellate"
"1568",77.3749986878035,0,58,27,1146,1231,85,0,4.71161657189277,2.19333874898457,93.0950446791227,"ssp5","flabellate"
"1569",77.4249986869555,0,79,25,1114,1218,104,0,6.48604269293924,2.05254515599343,91.4614121510673,"ssp5","flabellate"
"1570",77.4749986861076,0,80,17,1109,1206,97,0,6.6334991708126,1.40961857379768,91.9568822553897,"ssp5","flabellate"
"1571",77.5249986852597,0,89,22,1076,1187,111,0,7.49789385004212,1.85341196293176,90.6486941870261,"ssp5","flabellate"
"1572",77.5749986844117,0,91,26,1088,1205,117,0,7.55186721991701,2.15767634854772,90.2904564315353,"ssp5","flabellate"
"1573",77.6249986835638,0,106,15,1051,1172,121,0,9.04436860068259,1.27986348122867,89.6757679180887,"ssp5","flabellate"
"1574",77.6749986827158,0,99,20,1039,1158,119,0,8.54922279792746,1.72711571675302,89.7236614853195,"ssp5","flabellate"
"1575",77.7249986818679,0,100,6,1065,1171,106,0,8.5397096498719,0.512382578992314,90.9479077711358,"ssp5","flabellate"
"1576",77.7749986810199,0,72,0,1097,1169,72,0,6.15911035072712,0,93.8408896492729,"ssp5","flabellate"
"1577",77.824998680172,0,87,0,1083,1170,87,0,7.43589743589744,0,92.5641025641026,"ssp5","flabellate"
"1578",77.874998679324,0,83,21,1054,1158,104,0,7.16753022452504,1.81347150259067,91.0189982728843,"ssp5","flabellate"
"1579",77.9249986784761,0,100,17,1052,1169,117,0,8.55431993156544,1.45423438836612,89.9914456800684,"ssp5","flabellate"
"1580",77.9749986776282,0,98,22,1064,1184,120,0,8.27702702702703,1.85810810810811,89.8648648648649,"ssp5","flabellate"
"1581",78.0249986767802,0,98,54,1034,1186,152,0,8.26306913996627,4.5531197301855,87.1838111298482,"ssp5","flabellate"
"1582",78.0749986759322,0,111,63,996,1170,174,0,9.48717948717949,5.38461538461539,85.1282051282051,"ssp5","flabellate"
"1583",78.1249986750843,0,157,34,996,1187,191,0,13.2266217354676,2.86436394271272,83.9090143218197,"ssp5","flabellate"
"1584",78.1749986742364,0,150,41,1020,1211,191,0,12.3864574731627,3.38563170933113,84.2279108175062,"ssp5","flabellate"
"1585",78.2249986733884,0,124,59,1017,1200,183,0,10.3333333333333,4.91666666666667,84.75,"ssp5","flabellate"
"1586",78.2749986725405,0,139,23,1030,1192,162,0,11.6610738255034,1.92953020134228,86.4093959731544,"ssp5","flabellate"
"1587",78.3249986716925,0,149,4,1036,1189,153,0,12.5315391084945,0.336417157275021,87.1320437342305,"ssp5","flabellate"
"1588",78.3749986708446,0,130,0,1078,1208,130,0,10.7615894039735,0,89.2384105960265,"ssp5","flabellate"
"1589",78.4249986699966,0,117,15,1055,1187,132,0,9.85678180286437,1.2636899747262,88.8795282224094,"ssp5","flabellate"
"1590",78.4749986691487,0,122,11,1043,1176,133,0,10.3741496598639,0.935374149659864,88.6904761904762,"ssp5","flabellate"
"1591",78.5249986683007,0,140,0,1048,1188,140,0,11.7845117845118,0,88.2154882154882,"ssp5","flabellate"
"1592",78.5749986674528,0,140,9,1023,1172,149,0,11.9453924914676,0.767918088737201,87.2866894197952,"ssp5","flabellate"
"1593",78.6249986666049,0,121,20,1021,1162,141,0,10.4130808950086,1.72117039586919,87.8657487091222,"ssp5","flabellate"
"1594",78.6749986657569,0,108,7,1029,1144,115,0,9.44055944055944,0.611888111888112,89.9475524475525,"ssp5","flabellate"
"1595",78.724998664909,0,88,6,1008,1102,94,0,7.98548094373866,0.544464609800363,91.470054446461,"ssp5","flabellate"
"1596",78.774998664061,0,95,11,994,1100,106,0,8.63636363636364,1,90.3636363636364,"ssp5","flabellate"
"1597",78.8249986632131,0,116,12,973,1101,128,0,10.535876475931,1.08991825613079,88.3742052679382,"ssp5","flabellate"
"1598",78.8749986623651,0,134,29,937,1100,163,0,12.1818181818182,2.63636363636364,85.1818181818182,"ssp5","flabellate"
"1599",78.9249986615172,0,139,41,956,1136,180,0,12.2359154929577,3.60915492957746,84.1549295774648,"ssp5","flabellate"
"1600",78.9749986606692,0,148,30,973,1151,178,0,12.858384013901,2.60642919200695,84.5351867940921,"ssp5","flabellate"
"1601",79.0249986598213,0,133,25,977,1135,158,0,11.7180616740088,2.20264317180617,86.079295154185,"ssp5","flabellate"
"1602",79.0749986589733,0,123,20,975,1118,143,0,11.0017889087657,1.78890876565295,87.2093023255814,"ssp5","flabellate"
"1603",79.1249986581254,0,120,34,973,1127,154,0,10.6477373558119,3.01685891748004,86.3354037267081,"ssp5","flabellate"
"1604",79.1749986572774,0,141,47,951,1139,188,0,12.379280070237,4.12642669007902,83.4942932396839,"ssp5","flabellate"
"1605",79.2249986564295,0,211,17,895,1123,228,0,18.7889581478183,1.51380231522707,79.6972395369546,"ssp5","flabellate"
"1606",79.2749986555816,0,153,29,934,1116,182,0,13.7096774193548,2.59856630824373,83.6917562724014,"ssp5","flabellate"
"1607",79.3249986547336,0,235,30,849,1114,265,0,21.0951526032316,2.69299820466786,76.2118491921005,"ssp5","flabellate"
"1608",79.3749986538857,0,247,58,758,1063,305,0,23.2361241768579,5.45625587958608,71.307619943556,"ssp5","flabellate"
"1609",79.4249986530377,0,200,68,776,1044,268,0,19.1570881226054,6.51340996168582,74.3295019157088,"ssp5","flabellate"
"1610",79.4749986521898,0,169,76,798,1043,245,0,16.2032598274209,7.28667305848514,76.510067114094,"ssp5","flabellate"
"1611",79.5249986513418,0,181,69,787,1037,250,0,17.4541947926712,6.65380906460945,75.8919961427194,"ssp5","flabellate"
"1612",79.5749986504939,0,146,104,800,1050,250,0,13.9047619047619,9.90476190476191,76.1904761904762,"ssp5","flabellate"
"1613",79.6249986496459,0,95,134,843,1072,229,0,8.86194029850746,12.5,78.6380597014925,"ssp5","flabellate"
"1614",79.674998648798,0,132,101,833,1066,233,0,12.3827392120075,9.47467166979362,78.1425891181989,"ssp5","flabellate"
"1615",79.72499864795,0,129,92,853,1074,221,0,12.0111731843575,8.56610800744879,79.4227188081937,"ssp5","flabellate"
"1616",79.7749986471021,0,132,94,810,1036,226,0,12.7413127413127,9.07335907335907,78.1853281853282,"ssp5","flabellate"
"1617",79.8249986462541,0,160,91,770,1021,251,0,15.6709108716944,8.9128305582762,75.4162585700294,"ssp5","flabellate"
"1618",79.8749986454062,0,128,94,829,1051,222,0,12.1788772597526,8.94386298763083,78.8772597526166,"ssp5","flabellate"
"1619",79.9249986445582,0,128,100,826,1054,228,0,12.1442125237192,9.4876660341556,78.3681214421252,"ssp5","flabellate"
"1620",79.9749986437103,0,135,116,823,1074,251,0,12.5698324022346,10.8007448789572,76.6294227188082,"ssp5","flabellate"
"1621",80.0249986428624,0,108,146,835,1089,254,0,9.91735537190083,13.406795224977,76.6758494031221,"ssp5","flabellate"
"1622",80.0749986420144,0,107,144,839,1090,251,0,9.81651376146789,13.2110091743119,76.9724770642202,"ssp5","flabellate"
"1623",80.1249986411665,0,114,114,863,1091,228,0,10.4491292392301,10.4491292392301,79.1017415215399,"ssp5","flabellate"
"1624",80.1749986403185,0,120,116,864,1100,236,0,10.9090909090909,10.5454545454545,78.5454545454545,"ssp5","flabellate"
"1625",80.2249986394706,0,134,139,854,1127,273,0,11.8899733806566,12.3336291038154,75.7763975155279,"ssp5","flabellate"
"1626",80.2749986386226,0,150,139,850,1139,289,0,13.1694468832309,12.2036874451273,74.6268656716418,"ssp5","flabellate"
"1627",80.3249986377747,3,149,99,911,1162,251,0.258175559380379,12.8227194492255,8.5197934595525,78.3993115318416,"ssp5","flabellate"
"1628",80.3749986369267,0,116,96,977,1189,212,0,9.75609756097561,8.07401177460051,82.1698906644239,"ssp5","flabellate"
"1629",80.4249986360788,1,117,117,956,1191,235,0.0839630562552477,9.82367758186398,9.82367758186398,80.2686817800168,"ssp5","flabellate"
"1630",80.4749986352308,0,142,139,935,1216,281,0,11.6776315789474,11.4309210526316,76.8914473684211,"ssp5","flabellate"
"1631",80.5249986343829,0,120,163,972,1255,283,0,9.56175298804781,12.9880478087649,77.4501992031873,"ssp5","flabellate"
"1632",80.5749986335349,0,143,172,941,1256,315,0,11.3853503184713,13.6942675159236,74.9203821656051,"ssp5","flabellate"
"1633",80.624998632687,0,154,142,938,1234,296,0,12.4797406807131,11.5072933549433,76.0129659643436,"ssp5","flabellate"
"1634",80.6749986318391,0,159,128,925,1212,287,0,13.1188118811881,10.5610561056106,76.3201320132013,"ssp5","flabellate"
"1635",80.7249986309911,11,142,155,902,1210,308,0.909090909090909,11.7355371900826,12.8099173553719,74.5454545454545,"ssp5","flabellate"
"1636",80.7749986301432,4,144,153,884,1185,301,0.337552742616034,12.1518987341772,12.9113924050633,74.5991561181435,"ssp5","flabellate"
"1637",80.8249986292952,10,140,134,906,1190,284,0.840336134453782,11.7647058823529,11.2605042016807,76.1344537815126,"ssp5","flabellate"
"1638",80.8749986284473,13,117,165,899,1194,295,1.08877721943049,9.79899497487437,13.8190954773869,75.2931323283082,"ssp5","flabellate"
"1639",80.9249986275993,25,120,171,886,1202,316,2.07986688851913,9.98336106489185,14.2262895174709,73.7104825291181,"ssp5","flabellate"
"1640",80.9749986267514,12,135,220,822,1189,367,1.00925147182506,11.354079058032,18.5029436501262,69.1337258200168,"ssp5","flabellate"
"1641",81.0249986259034,15,141,224,796,1176,380,1.27551020408163,11.9897959183673,19.047619047619,67.687074829932,"ssp5","flabellate"
"1642",81.0749986250555,19,132,231,794,1176,382,1.6156462585034,11.2244897959184,19.6428571428571,67.5170068027211,"ssp5","flabellate"
"1643",81.1249986242075,17,146,205,799,1167,368,1.45672664952871,12.5107112253642,17.5664095972579,68.4661525278492,"ssp5","flabellate"
"1644",81.1749986233596,10,146,224,786,1166,380,0.857632933104631,12.5214408233276,19.2109777015437,67.409948542024,"ssp5","flabellate"
"1645",81.2249986225116,3,215,194,752,1164,412,0.257731958762887,18.4707903780069,16.6666666666667,64.6048109965636,"ssp5","flabellate"
"1646",81.2749986216637,2,183,186,790,1161,371,0.172265288544358,15.7622739018088,16.0206718346253,68.0447889750215,"ssp5","flabellate"
"1647",81.3249986208158,4,129,175,843,1151,308,0.347523892267593,11.2076455256299,15.2041702867072,73.2406602953953,"ssp5","flabellate"
"1648",81.3749986199678,0,113,152,891,1156,265,0,9.77508650519031,13.1487889273356,77.0761245674741,"ssp5","flabellate"
"1649",81.4249986191199,0,97,134,964,1195,231,0,8.11715481171548,11.2133891213389,80.6694560669456,"ssp5","flabellate"
"1650",81.4749986182719,0,85,134,1012,1231,219,0,6.90495532087734,10.8854589764419,82.2095857026807,"ssp5","flabellate"
"1651",81.524998617424,0,87,112,1042,1241,199,0,7.01047542304593,9.02497985495568,83.9645447219984,"ssp5","flabellate"
"1652",81.574998616576,0,79,85,1075,1239,164,0,6.37610976594027,6.86037126715093,86.7635189669088,"ssp5","flabellate"
"1653",81.6249986157281,0,62,64,1162,1288,126,0,4.81366459627329,4.96894409937888,90.2173913043478,"ssp5","flabellate"
"1654",81.6749986148801,0,63,42,1205,1310,105,0,4.80916030534351,3.20610687022901,91.9847328244275,"ssp5","flabellate"
"1655",81.7249986140322,0,112,30,1205,1347,142,0,8.31477357089829,2.2271714922049,89.4580549368968,"ssp5","flabellate"
"1656",81.7749986131843,0,128,31,1228,1387,159,0,9.22855082912761,2.23503965392934,88.536409516943,"ssp5","flabellate"
"1657",81.8249986123363,0,97,42,1283,1422,139,0,6.82137834036568,2.9535864978903,90.225035161744,"ssp5","flabellate"
"1658",81.8749986114884,0,93,35,1331,1459,128,0,6.37422892392049,2.3989033584647,91.2268677176148,"ssp5","flabellate"
"1659",81.9249986106404,0,119,0,1337,1456,119,0,8.17307692307692,0,91.8269230769231,"ssp5","flabellate"
"1660",81.9749986097925,0,66,0,1383,1449,66,0,4.55486542443064,0,95.4451345755694,"ssp5","flabellate"
"1661",82.0249986089445,0,42,0,1475,1517,42,0,2.7686222808174,0,97.2313777191826,"ssp5","flabellate"
"1662",82.0749986080966,0,25,0,1540,1565,25,0,1.59744408945687,0,98.4025559105431,"ssp5","flabellate"
"1663",82.1249986072486,0,21,0,1573,1594,21,0,1.31744040150565,0,98.6825595984944,"ssp5","flabellate"
"1664",82.1749986064007,0,13,0,1543,1556,13,0,0.83547557840617,0,99.1645244215938,"ssp5","flabellate"
"1665",82.2249986055527,0,21,0,1513,1534,21,0,1.36897001303781,0,98.6310299869622,"ssp5","flabellate"
"1666",82.2749986047048,0,24,0,1522,1546,24,0,1.55239327296248,0,98.4476067270375,"ssp5","flabellate"
"1667",82.3249986038568,0,21,0,1520,1541,21,0,1.36275146009085,0,98.6372485399092,"ssp5","flabellate"
"1668",82.3749986030089,0,0,0,1534,1534,0,0,0,0,100,"ssp5","flabellate"
"1669",82.424998602161,0,0,0,1538,1538,0,0,0,0,100,"ssp5","flabellate"
"1670",82.474998601313,0,0,0,1568,1568,0,0,0,0,100,"ssp5","flabellate"
"1671",82.5249986004651,0,0,0,1569,1569,0,0,0,0,100,"ssp5","flabellate"
"1672",82.5749985996171,0,0,0,1568,1568,0,0,0,0,100,"ssp5","flabellate"
"1673",82.6249985987692,0,0,0,1601,1601,0,0,0,0,100,"ssp5","flabellate"
"1674",82.6749985979212,0,0,0,1598,1598,0,0,0,0,100,"ssp5","flabellate"
"1675",82.7249985970733,0,0,0,1652,1652,0,0,0,0,100,"ssp5","flabellate"
"1676",82.7749985962253,0,0,0,1648,1648,0,0,0,0,100,"ssp5","flabellate"
"1677",82.8249985953774,0,0,0,1581,1581,0,0,0,0,100,"ssp5","flabellate"
"1678",82.8749985945294,0,0,0,1608,1608,0,0,0,0,100,"ssp5","flabellate"
"1679",82.9249985936815,0,0,0,1652,1652,0,0,0,0,100,"ssp5","flabellate"
"1680",82.9749985928335,0,0,0,1660,1660,0,0,0,0,100,"ssp5","flabellate"
