"","y","loss","gain","stable","absent","total_cells","total_present","percent_loss","percent_gain","percent_stable","percent_absent","ssp","morphotype"
"1",41.0249993042603,3,0,4,1351,1358,7,0.220913107511046,0,0.294550810014728,99.4845360824742,"ssp2","massive"
"2",41.0749993034123,4,0,3,1368,1375,7,0.290909090909091,0,0.218181818181818,99.4909090909091,"ssp2","massive"
"3",41.1249993025644,4,0,3,1393,1400,7,0.285714285714286,0,0.214285714285714,99.5,"ssp2","massive"
"4",41.1749993017164,3,0,2,1426,1431,5,0.209643605870021,0,0.139762403913347,99.6505939902166,"ssp2","massive"
"5",41.2249993008685,5,0,1,1435,1441,6,0.346981263011797,0,0.0693962526023595,99.5836224843858,"ssp2","massive"
"6",41.2749993000205,3,0,2,1442,1447,5,0.207325501036628,0,0.138217000691085,99.6544574982723,"ssp2","massive"
"7",41.3249992991726,3,0,0,1448,1451,3,0.206753962784287,0,0,99.7932460372157,"ssp2","massive"
"8",41.3749992983247,4,0,0,1463,1467,4,0.27266530334015,0,0,99.7273346966599,"ssp2","massive"
"9",41.4249992974767,4,0,0,1466,1470,4,0.272108843537415,0,0,99.7278911564626,"ssp2","massive"
"10",41.4749992966288,3,0,0,1469,1472,3,0.203804347826087,0,0,99.7961956521739,"ssp2","massive"
"11",41.5249992957808,3,0,0,1469,1472,3,0.203804347826087,0,0,99.7961956521739,"ssp2","massive"
"12",41.5749992949329,3,0,0,1467,1470,3,0.204081632653061,0,0,99.7959183673469,"ssp2","massive"
"13",41.6249992940849,2,0,0,1470,1472,2,0.135869565217391,0,0,99.8641304347826,"ssp2","massive"
"14",41.674999293237,4,0,0,1476,1480,4,0.27027027027027,0,0,99.7297297297297,"ssp2","massive"
"15",41.724999292389,5,0,0,1478,1483,5,0.337154416722859,0,0,99.6628455832771,"ssp2","massive"
"16",41.7749992915411,2,0,2,1477,1481,4,0.135043889264011,0,0.135043889264011,99.729912221472,"ssp2","massive"
"17",41.8249992906931,2,0,3,1478,1483,5,0.134861766689144,0,0.202292650033715,99.6628455832771,"ssp2","massive"
"18",41.8749992898452,2,0,3,1479,1484,5,0.134770889487871,0,0.202156334231806,99.6630727762803,"ssp2","massive"
"19",41.9249992889972,4,0,1,1489,1494,5,0.267737617135207,0,0.0669344042838019,99.665327978581,"ssp2","massive"
"20",41.9749992881493,2,0,3,1514,1519,5,0.131665569453588,0,0.197498354180382,99.670836076366,"ssp2","massive"
"21",42.0249992873013,1,0,4,1531,1536,5,0.0651041666666667,0,0.260416666666667,99.6744791666667,"ssp2","massive"
"22",42.0749992864534,1,0,3,1534,1538,4,0.0650195058517555,0,0.195058517555267,99.739921976593,"ssp2","massive"
"23",42.1249992856055,2,0,2,1534,1538,4,0.130039011703511,0,0.130039011703511,99.739921976593,"ssp2","massive"
"24",42.1749992847575,2,0,2,1534,1538,4,0.130039011703511,0,0.130039011703511,99.739921976593,"ssp2","massive"
"25",42.2249992839096,3,0,1,1537,1541,4,0.194678780012979,0,0.0648929266709929,99.740428293316,"ssp2","massive"
"26",42.2749992830616,4,0,1,1535,1540,5,0.25974025974026,0,0.0649350649350649,99.6753246753247,"ssp2","massive"
"27",42.3249992822137,7,0,0,1523,1530,7,0.457516339869281,0,0,99.5424836601307,"ssp2","massive"
"28",42.3749992813657,8,0,0,1526,1534,8,0.521512385919166,0,0,99.4784876140808,"ssp2","massive"
"29",42.4249992805178,3,0,0,1525,1528,3,0.196335078534031,0,0,99.803664921466,"ssp2","massive"
"30",42.4749992796698,2,0,0,1530,1532,2,0.130548302872063,0,0,99.8694516971279,"ssp2","massive"
"31",42.5249992788219,2,0,0,1529,1531,2,0.130633572828217,0,0,99.8693664271718,"ssp2","massive"
"32",42.5749992779739,7,0,0,1518,1525,7,0.459016393442623,0,0,99.5409836065574,"ssp2","massive"
"33",42.624999277126,9,0,0,1519,1528,9,0.589005235602094,0,0,99.4109947643979,"ssp2","massive"
"34",42.6749992762781,6,0,0,1521,1527,6,0.392927308447937,0,0,99.6070726915521,"ssp2","massive"
"35",42.7249992754301,6,0,0,1512,1518,6,0.395256916996047,0,0,99.604743083004,"ssp2","massive"
"36",42.7749992745822,4,0,1,1503,1508,5,0.26525198938992,0,0.0663129973474801,99.6684350132626,"ssp2","massive"
"37",42.8249992737342,0,0,0,1503,1503,0,0,0,0,100,"ssp2","massive"
"38",42.8749992728863,0,0,0,1504,1504,0,0,0,0,100,"ssp2","massive"
"39",42.9249992720383,0,1,0,1492,1493,1,0,0.0669792364367046,0,99.9330207635633,"ssp2","massive"
"40",42.9749992711904,0,2,0,1488,1490,2,0,0.134228187919463,0,99.8657718120805,"ssp2","massive"
"41",43.0249992703424,1,1,0,1490,1492,2,0.0670241286863271,0.0670241286863271,0,99.8659517426273,"ssp2","massive"
"42",43.0749992694945,2,2,1,1483,1488,5,0.134408602150538,0.134408602150538,0.0672043010752688,99.6639784946236,"ssp2","massive"
"43",43.1249992686465,4,7,5,1449,1465,16,0.273037542662116,0.477815699658703,0.341296928327645,98.9078498293515,"ssp2","massive"
"44",43.1749992677986,7,5,1,1440,1453,13,0.481761871988988,0.344115622849277,0.0688231245698555,99.1052993805919,"ssp2","massive"
"45",43.2249992669506,14,3,2,1431,1450,19,0.96551724137931,0.206896551724138,0.137931034482759,98.6896551724138,"ssp2","massive"
"46",43.2749992661027,10,3,6,1420,1439,19,0.694927032661571,0.208478109798471,0.416956219596942,98.679638637943,"ssp2","massive"
"47",43.3249992652548,16,3,4,1427,1450,23,1.10344827586207,0.206896551724138,0.275862068965517,98.4137931034483,"ssp2","massive"
"48",43.3749992644068,15,2,1,1426,1444,18,1.0387811634349,0.138504155124654,0.0692520775623269,98.7534626038781,"ssp2","massive"
"49",43.4249992635589,14,2,3,1441,1460,19,0.958904109589041,0.136986301369863,0.205479452054795,98.6986301369863,"ssp2","massive"
"50",43.4749992627109,16,1,3,1436,1456,20,1.0989010989011,0.0686813186813187,0.206043956043956,98.6263736263736,"ssp2","massive"
"51",43.524999261863,14,2,5,1436,1457,21,0.960878517501716,0.137268359643102,0.343170899107756,98.5586822237474,"ssp2","massive"
"52",43.574999261015,13,3,6,1454,1476,22,0.880758807588076,0.203252032520325,0.40650406504065,98.5094850948509,"ssp2","massive"
"53",43.6249992601671,13,2,6,1467,1488,21,0.873655913978495,0.134408602150538,0.403225806451613,98.5887096774193,"ssp2","massive"
"54",43.6749992593191,7,4,14,1466,1491,25,0.469483568075117,0.268276324614353,0.938967136150235,98.3232729711603,"ssp2","massive"
"55",43.7249992584712,3,8,19,1465,1495,30,0.20066889632107,0.535117056856187,1.27090301003344,97.9933110367893,"ssp2","massive"
"56",43.7749992576232,8,8,25,1451,1492,41,0.536193029490617,0.536193029490617,1.67560321715818,97.2520107238606,"ssp2","massive"
"57",43.8249992567753,7,7,15,1459,1488,29,0.470430107526882,0.470430107526882,1.00806451612903,98.0510752688172,"ssp2","massive"
"58",43.8749992559273,9,8,16,1449,1482,33,0.607287449392713,0.539811066126856,1.07962213225371,97.7732793522267,"ssp2","massive"
"59",43.9249992550794,14,3,8,1451,1476,25,0.948509485094851,0.203252032520325,0.5420054200542,98.3062330623306,"ssp2","massive"
"60",43.9749992542315,7,4,6,1460,1477,17,0.4739336492891,0.2708192281652,0.4062288422478,98.8490182802979,"ssp2","massive"
"61",44.0249992533835,4,2,10,1456,1472,16,0.271739130434783,0.135869565217391,0.679347826086957,98.9130434782609,"ssp2","massive"
"62",44.0749992525356,4,2,4,1455,1465,10,0.273037542662116,0.136518771331058,0.273037542662116,99.3174061433447,"ssp2","massive"
"63",44.1249992516876,1,3,3,1458,1465,7,0.068259385665529,0.204778156996587,0.204778156996587,99.5221843003413,"ssp2","massive"
"64",44.1749992508397,1,4,3,1450,1458,8,0.0685871056241426,0.274348422496571,0.205761316872428,99.4513031550069,"ssp2","massive"
"65",44.2249992499917,1,3,5,1445,1454,9,0.0687757909215956,0.206327372764787,0.343878954607978,99.3810178817056,"ssp2","massive"
"66",44.2749992491438,1,2,1,1449,1453,4,0.0688231245698555,0.137646249139711,0.0688231245698555,99.7247075017206,"ssp2","massive"
"67",44.3249992482958,0,6,2,1434,1442,8,0,0.416088765603329,0.13869625520111,99.4452149791956,"ssp2","massive"
"68",44.3749992474479,0,6,6,1421,1433,12,0,0.418702023726448,0.418702023726448,99.1625959525471,"ssp2","massive"
"69",44.4249992465999,0,4,7,1398,1409,11,0,0.28388928317956,0.49680624556423,99.2193044712562,"ssp2","massive"
"70",44.474999245752,1,0,7,1399,1407,8,0.0710732054015636,0,0.497512437810945,99.4314143567875,"ssp2","massive"
"71",44.5249992449041,2,1,13,1380,1396,16,0.143266475644699,0.0716332378223496,0.931232091690544,98.8538681948424,"ssp2","massive"
"72",44.5749992440561,0,0,8,1381,1389,8,0,0,0.575953923686105,99.4240460763139,"ssp2","massive"
"73",44.6249992432082,0,1,8,1381,1390,9,0,0.0719424460431655,0.575539568345324,99.3525179856115,"ssp2","massive"
"74",44.6749992423602,0,3,4,1377,1384,7,0,0.216763005780347,0.289017341040462,99.4942196531792,"ssp2","massive"
"75",44.7249992415123,0,1,5,1371,1377,6,0,0.0726216412490922,0.363108206245461,99.5642701525055,"ssp2","massive"
"76",44.7749992406643,0,1,2,1364,1367,3,0,0.0731528895391368,0.146305779078274,99.7805413313826,"ssp2","massive"
"77",44.8249992398164,0,0,2,1345,1347,2,0,0,0.148478099480327,99.8515219005197,"ssp2","massive"
"78",44.8749992389684,0,5,0,1336,1341,5,0,0.372856077554064,0,99.6271439224459,"ssp2","massive"
"79",44.9249992381205,0,1,0,1335,1336,1,0,0.0748502994011976,0,99.9251497005988,"ssp2","massive"
"80",44.9749992372725,0,5,0,1323,1328,5,0,0.376506024096386,0,99.6234939759036,"ssp2","massive"
"81",45.0249992364246,0,0,0,1322,1322,0,0,0,0,100,"ssp2","massive"
"82",45.0749992355766,0,1,0,1306,1307,1,0,0.0765110941086457,0,99.9234889058914,"ssp2","massive"
"83",45.1249992347287,0,0,0,1292,1292,0,0,0,0,100,"ssp2","massive"
"84",45.1749992338807,0,0,0,1287,1287,0,0,0,0,100,"ssp2","massive"
"85",45.2249992330328,1,0,0,1283,1284,1,0.0778816199376947,0,0,99.9221183800623,"ssp2","massive"
"86",45.2749992321849,0,0,0,1288,1288,0,0,0,0,100,"ssp2","massive"
"87",45.3249992313369,0,0,0,1285,1285,0,0,0,0,100,"ssp2","massive"
"88",45.374999230489,0,0,0,1284,1284,0,0,0,0,100,"ssp2","massive"
"89",45.424999229641,0,0,0,1289,1289,0,0,0,0,100,"ssp2","massive"
"90",45.4749992287931,0,0,0,1303,1303,0,0,0,0,100,"ssp2","massive"
"91",45.5249992279451,0,0,0,1306,1306,0,0,0,0,100,"ssp2","massive"
"92",45.5749992270972,0,1,0,1309,1310,1,0,0.0763358778625954,0,99.9236641221374,"ssp2","massive"
"93",45.6249992262492,0,0,0,1307,1307,0,0,0,0,100,"ssp2","massive"
"94",45.6749992254013,1,0,0,1302,1303,1,0.0767459708365311,0,0,99.9232540291635,"ssp2","massive"
"95",45.7249992245533,3,0,0,1296,1299,3,0.23094688221709,0,0,99.7690531177829,"ssp2","massive"
"96",45.7749992237054,0,1,1,1301,1303,2,0,0.0767459708365311,0.0767459708365311,99.8465080583269,"ssp2","massive"
"97",45.8249992228574,1,0,0,1302,1303,1,0.0767459708365311,0,0,99.9232540291635,"ssp2","massive"
"98",45.8749992220095,1,0,0,1309,1310,1,0.0763358778625954,0,0,99.9236641221374,"ssp2","massive"
"99",45.9249992211616,0,0,0,1309,1309,0,0,0,0,100,"ssp2","massive"
"100",45.9749992203136,1,0,0,1305,1306,1,0.0765696784073507,0,0,99.9234303215927,"ssp2","massive"
"101",46.0249992194657,0,0,0,1303,1303,0,0,0,0,100,"ssp2","massive"
"102",46.0749992186177,0,0,0,1307,1307,0,0,0,0,100,"ssp2","massive"
"103",46.1249992177698,2,0,0,1288,1290,2,0.155038759689922,0,0,99.8449612403101,"ssp2","massive"
"104",46.1749992169218,0,0,0,1278,1278,0,0,0,0,100,"ssp2","massive"
"105",46.2249992160739,0,1,0,1273,1274,1,0,0.0784929356357928,0,99.9215070643642,"ssp2","massive"
"106",46.2749992152259,4,0,0,1261,1265,4,0.316205533596838,0,0,99.6837944664032,"ssp2","massive"
"107",46.324999214378,2,0,0,1254,1256,2,0.159235668789809,0,0,99.8407643312102,"ssp2","massive"
"108",46.37499921353,1,0,0,1249,1250,1,0.08,0,0,99.92,"ssp2","massive"
"109",46.4249992126821,6,0,1,1235,1242,7,0.483091787439614,0,0.0805152979066023,99.4363929146538,"ssp2","massive"
"110",46.4749992118342,3,0,0,1229,1232,3,0.243506493506494,0,0,99.7564935064935,"ssp2","massive"
"111",46.5249992109862,3,0,0,1230,1233,3,0.24330900243309,0,0,99.7566909975669,"ssp2","massive"
"112",46.5749992101383,3,0,0,1229,1232,3,0.243506493506494,0,0,99.7564935064935,"ssp2","massive"
"113",46.6249992092903,6,0,0,1205,1211,6,0.495458298926507,0,0,99.5045417010735,"ssp2","massive"
"114",46.6749992084424,4,0,0,1192,1196,4,0.334448160535117,0,0,99.6655518394649,"ssp2","massive"
"115",46.7249992075944,4,0,0,1187,1191,4,0.335852225020991,0,0,99.664147774979,"ssp2","massive"
"116",46.7749992067465,5,0,1,1176,1182,6,0.423011844331641,0,0.0846023688663283,99.492385786802,"ssp2","massive"
"117",46.8249992058985,10,1,2,1155,1168,13,0.856164383561644,0.0856164383561644,0.171232876712329,98.8869863013699,"ssp2","massive"
"118",46.8749992050506,12,1,2,1153,1168,15,1.02739726027397,0.0856164383561644,0.171232876712329,98.7157534246575,"ssp2","massive"
"119",46.9249992042026,12,0,4,1140,1156,16,1.03806228373702,0,0.346020761245675,98.6159169550173,"ssp2","massive"
"120",46.9749992033547,11,0,6,1136,1153,17,0.954032957502168,0,0.520381613183001,98.5255854293148,"ssp2","massive"
"121",47.0249992025067,4,1,7,1142,1154,12,0.346620450606586,0.0866551126516464,0.606585788561525,98.9601386481802,"ssp2","massive"
"122",47.0749992016588,9,0,9,1137,1155,18,0.779220779220779,0,0.779220779220779,98.4415584415584,"ssp2","massive"
"123",47.1249992008109,3,3,12,1127,1145,18,0.262008733624454,0.262008733624454,1.04803493449782,98.4279475982533,"ssp2","massive"
"124",47.1749991999629,8,2,6,1119,1135,16,0.704845814977974,0.176211453744493,0.52863436123348,98.5903083700441,"ssp2","massive"
"125",47.224999199115,3,3,3,1122,1131,9,0.26525198938992,0.26525198938992,0.26525198938992,99.2042440318302,"ssp2","massive"
"126",47.274999198267,0,4,2,1117,1123,6,0,0.356188780053428,0.178094390026714,99.4657168299199,"ssp2","massive"
"127",47.3249991974191,7,3,0,1106,1116,10,0.627240143369176,0.268817204301075,0,99.1039426523297,"ssp2","massive"
"128",47.3749991965711,7,1,1,1101,1110,9,0.630630630630631,0.0900900900900901,0.0900900900900901,99.1891891891892,"ssp2","massive"
"129",47.4249991957232,8,0,0,1105,1113,8,0.718778077268643,0,0,99.2812219227314,"ssp2","massive"
"130",47.4749991948752,5,0,0,1102,1107,5,0.4516711833785,0,0,99.5483288166215,"ssp2","massive"
"131",47.5249991940273,1,1,0,1103,1105,2,0.0904977375565611,0.0904977375565611,0,99.8190045248869,"ssp2","massive"
"132",47.5749991931793,5,0,1,1094,1100,6,0.454545454545455,0,0.0909090909090909,99.4545454545455,"ssp2","massive"
"133",47.6249991923314,14,1,2,1038,1055,17,1.32701421800948,0.0947867298578199,0.18957345971564,98.3886255924171,"ssp2","massive"
"134",47.6749991914835,7,0,0,1026,1033,7,0.677637947725073,0,0,99.3223620522749,"ssp2","massive"
"135",47.7249991906355,7,0,0,1018,1025,7,0.682926829268293,0,0,99.3170731707317,"ssp2","massive"
"136",47.7749991897876,8,1,2,1003,1014,11,0.788954635108481,0.0986193293885602,0.19723865877712,98.9151873767258,"ssp2","massive"
"137",47.8249991889396,12,1,1,988,1002,14,1.19760479041916,0.0998003992015968,0.0998003992015968,98.6027944111776,"ssp2","massive"
"138",47.8749991880917,10,2,1,985,998,13,1.00200400801603,0.200400801603206,0.100200400801603,98.6973947895792,"ssp2","massive"
"139",47.9249991872437,5,0,1,986,992,6,0.504032258064516,0,0.100806451612903,99.3951612903226,"ssp2","massive"
"140",47.9749991863958,9,2,0,980,991,11,0.908173562058527,0.201816347124117,0,98.8900100908174,"ssp2","massive"
"141",48.0249991855478,5,1,8,977,991,14,0.504540867810293,0.100908173562059,0.807265388496468,98.5872855701312,"ssp2","massive"
"142",48.0749991846999,6,3,9,979,997,18,0.601805416248746,0.300902708124373,0.902708124373119,98.1945837512538,"ssp2","massive"
"143",48.1249991838519,3,1,11,988,1003,15,0.299102691924227,0.0997008973080758,1.09670987038883,98.5044865403789,"ssp2","massive"
"144",48.174999183004,8,1,6,991,1006,15,0.795228628230616,0.099403578528827,0.596421471172962,98.5089463220676,"ssp2","massive"
"145",48.224999182156,14,2,6,983,1005,22,1.39303482587065,0.199004975124378,0.597014925373134,97.8109452736318,"ssp2","massive"
"146",48.2749991813081,11,0,13,977,1001,24,1.0989010989011,0,1.2987012987013,97.6023976023976,"ssp2","massive"
"147",48.3249991804601,10,1,15,976,1002,26,0.998003992015968,0.0998003992015968,1.49700598802395,97.4051896207585,"ssp2","massive"
"148",48.3749991796122,23,1,13,961,998,37,2.30460921843687,0.100200400801603,1.30260521042084,96.2925851703407,"ssp2","massive"
"149",48.4249991787643,25,1,4,966,996,30,2.51004016064257,0.100401606425703,0.401606425702811,96.9879518072289,"ssp2","massive"
"150",48.4749991779163,13,0,1,982,996,14,1.30522088353414,0,0.100401606425703,98.5943775100402,"ssp2","massive"
"151",48.5249991770684,10,0,1,982,993,11,1.00704934541793,0,0.100704934541793,98.8922457200403,"ssp2","massive"
"152",48.5749991762204,11,0,5,986,1002,16,1.09780439121757,0,0.499001996007984,98.4031936127745,"ssp2","massive"
"153",48.6249991753725,10,1,10,1002,1023,21,0.977517106549365,0.0977517106549365,0.977517106549365,97.9472140762463,"ssp2","massive"
"154",48.6749991745245,6,3,6,1027,1042,15,0.575815738963532,0.287907869481766,0.575815738963532,98.5604606525912,"ssp2","massive"
"155",48.7249991736766,11,1,9,1041,1062,21,1.03578154425612,0.0941619585687382,0.847457627118644,98.0225988700565,"ssp2","massive"
"156",48.7749991728286,7,0,21,1035,1063,28,0.658513640639699,0,1.9755409219191,97.3659454374412,"ssp2","massive"
"157",48.8249991719807,6,1,22,1039,1068,29,0.561797752808989,0.0936329588014981,2.05992509363296,97.2846441947566,"ssp2","massive"
"158",48.8749991711327,5,3,18,1050,1076,26,0.464684014869888,0.278810408921933,1.6728624535316,97.5836431226766,"ssp2","massive"
"159",48.9249991702848,10,4,12,1050,1076,26,0.929368029739777,0.371747211895911,1.11524163568773,97.5836431226766,"ssp2","massive"
"160",48.9749991694368,15,5,21,1036,1077,41,1.39275766016713,0.464252553389044,1.94986072423398,96.1931290622098,"ssp2","massive"
"161",49.0249991685889,8,3,25,1040,1076,36,0.743494423791822,0.278810408921933,2.32342007434944,96.6542750929368,"ssp2","massive"
"162",49.074999167741,4,1,24,1044,1073,29,0.372786579683131,0.0931966449207828,2.23671947809879,97.2972972972973,"ssp2","massive"
"163",49.124999166893,6,2,32,1039,1079,40,0.556070435588508,0.185356811862836,2.96570898980538,96.2928637627433,"ssp2","massive"
"164",49.1749991660451,6,1,31,1038,1076,38,0.557620817843866,0.0929368029739777,2.88104089219331,96.4684014869889,"ssp2","massive"
"165",49.2249991651971,6,1,32,1031,1070,39,0.560747663551402,0.0934579439252337,2.99065420560748,96.3551401869159,"ssp2","massive"
"166",49.2749991643492,10,0,29,1035,1074,39,0.931098696461825,0,2.70018621973929,96.3687150837989,"ssp2","massive"
"167",49.3249991635012,7,2,17,1065,1091,26,0.641613198900092,0.183318056828598,1.55820348304308,97.6168652612282,"ssp2","massive"
"168",49.3749991626533,4,3,11,1093,1111,18,0.36003600360036,0.27002700270027,0.99009900990099,98.3798379837984,"ssp2","massive"
"169",49.4249991618053,5,19,16,1079,1119,40,0.446827524575514,1.69794459338695,1.42984807864164,96.4253798033959,"ssp2","massive"
"170",49.4749991609574,5,14,18,1098,1135,37,0.440528634361234,1.23348017621145,1.58590308370044,96.7400881057269,"ssp2","massive"
"171",49.5249991601094,6,15,11,1107,1139,32,0.526777875329236,1.31694468832309,0.9657594381036,97.1905179982441,"ssp2","massive"
"172",49.5749991592615,11,18,14,1097,1140,43,0.964912280701754,1.57894736842105,1.2280701754386,96.2280701754386,"ssp2","massive"
"173",49.6249991584136,14,9,19,1100,1142,42,1.22591943957968,0.788091068301226,1.66374781085814,96.3222416812609,"ssp2","massive"
"174",49.6749991575656,18,2,16,1113,1149,36,1.56657963446475,0.174064403829417,1.39251523063533,96.8668407310705,"ssp2","massive"
"175",49.7249991567177,11,0,1,1152,1164,12,0.945017182130584,0,0.0859106529209622,98.9690721649485,"ssp2","massive"
"176",49.7749991558697,8,1,6,1156,1171,15,0.683176771989752,0.085397096498719,0.512382578992314,98.7190435525192,"ssp2","massive"
"177",49.8249991550218,4,0,3,1165,1172,7,0.341296928327645,0,0.255972696245734,99.4027303754266,"ssp2","massive"
"178",49.8749991541738,6,1,4,1167,1178,11,0.509337860780985,0.0848896434634974,0.33955857385399,99.0662139219015,"ssp2","massive"
"179",49.9249991533259,5,1,4,1173,1183,10,0.422654268808115,0.084530853761623,0.338123415046492,99.1546914623838,"ssp2","massive"
"180",49.9749991524779,3,0,5,1183,1191,8,0.251889168765743,0,0.419815281276238,99.328295549958,"ssp2","massive"
"181",50.02499915163,5,2,4,1186,1197,11,0.417710944026733,0.167084377610693,0.334168755221387,99.0810359231412,"ssp2","massive"
"182",50.074999150782,5,0,3,1189,1197,8,0.417710944026733,0,0.25062656641604,99.3316624895572,"ssp2","massive"
"183",50.1249991499341,7,1,4,1183,1195,12,0.585774058577406,0.0836820083682008,0.334728033472803,98.9958158995816,"ssp2","massive"
"184",50.1749991490861,7,2,1,1187,1197,10,0.584795321637427,0.167084377610693,0.0835421888053467,99.1645781119465,"ssp2","massive"
"185",50.2249991482382,5,1,4,1186,1196,10,0.418060200668896,0.0836120401337793,0.334448160535117,99.1638795986622,"ssp2","massive"
"186",50.2749991473903,6,1,7,1179,1193,14,0.502933780385583,0.0838222967309304,0.586756077116513,98.826487845767,"ssp2","massive"
"187",50.3249991465423,7,0,6,1171,1184,13,0.591216216216216,0,0.506756756756757,98.902027027027,"ssp2","massive"
"188",50.3749991456944,17,0,6,1150,1173,23,1.44927536231884,0,0.51150895140665,98.0392156862745,"ssp2","massive"
"189",50.4249991448464,15,2,20,1138,1175,37,1.27659574468085,0.170212765957447,1.70212765957447,96.8510638297872,"ssp2","massive"
"190",50.4749991439985,23,1,10,1135,1169,34,1.96749358426005,0.0855431993156544,0.855431993156544,97.0915312232678,"ssp2","massive"
"191",50.5249991431505,28,2,2,1137,1169,32,2.39520958083832,0.171086398631309,0.171086398631309,97.2626176218991,"ssp2","massive"
"192",50.5749991423026,24,2,1,1142,1169,27,2.05303678357571,0.171086398631309,0.0855431993156544,97.6903336184773,"ssp2","massive"
"193",50.6249991414546,31,2,2,1119,1154,35,2.68630849220104,0.173310225303293,0.173310225303293,96.9670710571924,"ssp2","massive"
"194",50.6749991406067,26,7,2,1106,1141,35,2.27870289219982,0.613496932515337,0.175284837861525,96.9325153374233,"ssp2","massive"
"195",50.7249991397587,12,6,9,1102,1129,27,1.06288751107174,0.531443755535872,0.797165633303809,97.6085031000886,"ssp2","massive"
"196",50.7749991389108,6,1,2,1109,1118,9,0.536672629695885,0.0894454382826476,0.178890876565295,99.1949910554562,"ssp2","massive"
"197",50.8249991380629,3,0,5,1088,1096,8,0.273722627737226,0,0.456204379562044,99.2700729927007,"ssp2","massive"
"198",50.8749991372149,4,0,3,1081,1088,7,0.367647058823529,0,0.275735294117647,99.3566176470588,"ssp2","massive"
"199",50.924999136367,2,0,5,1075,1082,7,0.184842883548983,0,0.462107208872458,99.3530499075786,"ssp2","massive"
"200",50.974999135519,1,0,8,1073,1082,9,0.0924214417744917,0,0.739371534195933,99.1682070240296,"ssp2","massive"
"201",51.0249991346711,3,0,11,1078,1092,14,0.274725274725275,0,1.00732600732601,98.7179487179487,"ssp2","massive"
"202",51.0749991338231,8,0,13,1073,1094,21,0.731261425959781,0,1.18829981718464,98.0804387568556,"ssp2","massive"
"203",51.1249991329752,6,0,15,1071,1092,21,0.549450549450549,0,1.37362637362637,98.0769230769231,"ssp2","massive"
"204",51.1749991321272,12,0,14,1067,1093,26,1.09789569990851,0,1.28087831655993,97.6212259835316,"ssp2","massive"
"205",51.2249991312793,5,0,11,1101,1117,16,0.44762757385855,0,0.984780662488809,98.5675917636526,"ssp2","massive"
"206",51.2749991304313,3,0,12,1111,1126,15,0.266429840142096,0,1.06571936056838,98.6678507992895,"ssp2","massive"
"207",51.3249991295834,6,0,13,1103,1122,19,0.53475935828877,0,1.15864527629234,98.3065953654189,"ssp2","massive"
"208",51.3749991287354,9,1,15,1104,1129,25,0.797165633303809,0.0885739592559787,1.32860938883968,97.7856510186005,"ssp2","massive"
"209",51.4249991278875,16,0,19,1092,1127,35,1.41969831410825,0,1.68589174800355,96.8944099378882,"ssp2","massive"
"210",51.4749991270396,12,0,12,1093,1117,24,1.07430617726052,0,1.07430617726052,97.851387645479,"ssp2","massive"
"211",51.5249991261916,11,0,10,1084,1105,21,0.995475113122172,0,0.904977375565611,98.0995475113122,"ssp2","massive"
"212",51.5749991253437,16,1,16,1053,1086,33,1.47329650092081,0.0920810313075506,1.47329650092081,96.9613259668508,"ssp2","massive"
"213",51.6249991244957,20,1,16,1048,1085,37,1.84331797235023,0.0921658986175115,1.47465437788018,96.5898617511521,"ssp2","massive"
"214",51.6749991236478,22,2,13,1032,1069,37,2.05799812909261,0.187090739008419,1.21608980355472,96.5388213283443,"ssp2","massive"
"215",51.7249991227998,18,1,10,1025,1054,29,1.70777988614801,0.094876660341556,0.94876660341556,97.2485768500949,"ssp2","massive"
"216",51.7749991219519,17,0,4,1027,1048,21,1.62213740458015,0,0.381679389312977,97.9961832061069,"ssp2","massive"
"217",51.8249991211039,18,1,3,1010,1032,22,1.74418604651163,0.0968992248062016,0.290697674418605,97.8682170542636,"ssp2","massive"
"218",51.874999120256,16,0,5,1000,1021,21,1.56709108716944,0,0.489715964740451,97.9431929480901,"ssp2","massive"
"219",51.924999119408,9,0,6,1004,1019,15,0.883218842001963,0,0.588812561334642,98.5279685966634,"ssp2","massive"
"220",51.9749991185601,8,0,6,1003,1017,14,0.786627335299902,0,0.589970501474926,98.6234021632252,"ssp2","massive"
"221",52.0249991177121,10,2,5,1004,1021,17,0.979431929480901,0.19588638589618,0.489715964740451,98.3349657198825,"ssp2","massive"
"222",52.0749991168642,11,1,3,1013,1028,15,1.07003891050584,0.0972762645914397,0.291828793774319,98.5408560311284,"ssp2","massive"
"223",52.1249991160163,9,5,6,999,1019,20,0.883218842001963,0.490677134445535,0.588812561334642,98.0372914622179,"ssp2","massive"
"224",52.1749991151683,9,6,8,986,1009,23,0.89197224975223,0.594648166501487,0.792864222001982,97.7205153617443,"ssp2","massive"
"225",52.2249991143204,9,7,9,977,1002,25,0.898203592814371,0.698602794411178,0.898203592814371,97.5049900199601,"ssp2","massive"
"226",52.2749991134724,13,3,15,985,1016,31,1.27952755905512,0.295275590551181,1.47637795275591,96.9488188976378,"ssp2","massive"
"227",52.3249991126245,10,4,21,986,1021,35,0.979431929480901,0.39177277179236,2.05680705190989,96.5719882468168,"ssp2","massive"
"228",52.3749991117765,17,4,16,981,1018,37,1.66994106090373,0.392927308447937,1.57170923379175,96.3654223968566,"ssp2","massive"
"229",52.4249991109286,15,3,15,982,1015,33,1.47783251231527,0.295566502463054,1.47783251231527,96.7487684729064,"ssp2","massive"
"230",52.4749991100806,18,3,14,987,1022,35,1.76125244618395,0.293542074363992,1.36986301369863,96.5753424657534,"ssp2","massive"
"231",52.5249991092327,10,3,20,994,1027,33,0.973709834469328,0.292112950340798,1.94741966893866,96.7867575462512,"ssp2","massive"
"232",52.5749991083847,20,3,22,976,1021,45,1.9588638589618,0.29382957884427,2.15475024485798,95.5925563173359,"ssp2","massive"
"233",52.6249991075368,29,3,17,971,1020,49,2.84313725490196,0.294117647058824,1.66666666666667,95.1960784313725,"ssp2","massive"
"234",52.6749991066888,27,4,20,971,1022,51,2.64187866927593,0.391389432485323,1.95694716242661,95.0097847358121,"ssp2","massive"
"235",52.7249991058409,24,2,23,978,1027,49,2.33690360272639,0.194741966893866,2.23953261927945,95.2288218111003,"ssp2","massive"
"236",52.774999104993,19,4,20,988,1031,43,1.84287099903007,0.387972841901067,1.93986420950533,95.8292919495635,"ssp2","massive"
"237",52.824999104145,24,5,29,972,1030,58,2.33009708737864,0.485436893203883,2.81553398058252,94.368932038835,"ssp2","massive"
"238",52.8749991032971,27,4,43,957,1031,74,2.6188166828322,0.387972841901067,4.17070805043647,92.8225024248303,"ssp2","massive"
"239",52.9249991024491,22,6,53,956,1037,81,2.12150433944069,0.578592092574735,5.11089681774349,92.1890067502411,"ssp2","massive"
"240",52.9749991016012,29,3,68,957,1057,100,2.74361400189215,0.283822138126774,6.43330179754021,90.5392620624409,"ssp2","massive"
"241",53.0249991007532,26,3,75,959,1063,104,2.44590780809031,0.282220131702728,7.0555032925682,90.2163687676388,"ssp2","massive"
"242",53.0749990999053,23,4,72,961,1060,99,2.16981132075472,0.377358490566038,6.79245283018868,90.6603773584906,"ssp2","massive"
"243",53.1249990990573,46,4,74,938,1062,124,4.33145009416196,0.376647834274953,6.96798493408663,88.3239171374765,"ssp2","massive"
"244",53.1749990982094,36,6,88,938,1068,130,3.37078651685393,0.561797752808989,8.23970037453183,87.8277153558053,"ssp2","massive"
"245",53.2249990973614,33,9,92,930,1064,134,3.1015037593985,0.845864661654135,8.64661654135338,87.406015037594,"ssp2","massive"
"246",53.2749990965135,28,9,84,945,1066,121,2.6266416510319,0.844277673545966,7.87992495309568,88.6491557223265,"ssp2","massive"
"247",53.3249990956655,47,18,71,951,1087,136,4.32382704691812,1.65593376264949,6.53173873045078,87.4885004599816,"ssp2","massive"
"248",53.3749990948176,47,30,73,934,1084,150,4.33579335793358,2.76752767527675,6.73431734317343,86.1623616236162,"ssp2","massive"
"249",53.4249990939697,42,43,59,955,1099,144,3.82165605095541,3.91264786169245,5.36851683348499,86.8971792538672,"ssp2","massive"
"250",53.4749990931217,41,29,63,984,1117,133,3.67054610564011,2.59623992837959,5.64010743061773,88.0931065353626,"ssp2","massive"
"251",53.5249990922738,43,29,64,986,1122,136,3.83244206773619,2.58467023172906,5.70409982174688,87.8787878787879,"ssp2","massive"
"252",53.5749990914258,62,21,61,982,1126,144,5.50621669626998,1.86500888099467,5.41740674955595,87.2113676731794,"ssp2","massive"
"253",53.6249990905779,52,21,62,1018,1153,135,4.50997398091934,1.8213356461405,5.37727666955768,88.2914137033825,"ssp2","massive"
"254",53.6749990897299,37,31,56,1033,1157,124,3.19792566983578,2.67934312878133,4.84010371650821,89.2826274848747,"ssp2","massive"
"255",53.724999088882,39,27,64,1040,1170,130,3.33333333333333,2.30769230769231,5.47008547008547,88.8888888888889,"ssp2","massive"
"256",53.774999088034,45,16,59,1054,1174,120,3.83304940374787,1.36286201022147,5.02555366269165,89.778534923339,"ssp2","massive"
"257",53.8249990871861,50,13,63,1059,1185,126,4.21940928270042,1.09704641350211,5.31645569620253,89.3670886075949,"ssp2","massive"
"258",53.8749990863381,38,8,73,1083,1202,119,3.16139767054908,0.665557404326123,6.07321131447587,90.0998336106489,"ssp2","massive"
"259",53.9249990854902,28,7,66,1095,1196,101,2.34113712374582,0.585284280936455,5.51839464882943,91.5551839464883,"ssp2","massive"
"260",53.9749990846422,29,2,52,1126,1209,83,2.39867659222498,0.165425971877585,4.3010752688172,93.1348221670802,"ssp2","massive"
"261",54.0249990837943,31,3,33,1157,1224,67,2.53267973856209,0.245098039215686,2.69607843137255,94.5261437908497,"ssp2","massive"
"262",54.0749990829464,29,4,25,1172,1230,58,2.35772357723577,0.32520325203252,2.03252032520325,95.2845528455285,"ssp2","massive"
"263",54.1249990820984,37,1,29,1167,1234,67,2.99837925445705,0.0810372771474878,2.35008103727715,94.5705024311183,"ssp2","massive"
"264",54.1749990812505,35,2,54,1149,1240,91,2.82258064516129,0.161290322580645,4.35483870967742,92.6612903225806,"ssp2","massive"
"265",54.2249990804025,37,6,61,1162,1266,104,2.92259083728278,0.4739336492891,4.81832543443918,91.7851500789889,"ssp2","massive"
"266",54.2749990795546,39,10,53,1177,1279,102,3.04925723221267,0.781860828772478,4.14386239249414,92.0250195465207,"ssp2","massive"
"267",54.3249990787066,44,12,45,1200,1301,101,3.38201383551115,0.922367409684858,3.45887778631822,92.2367409684858,"ssp2","massive"
"268",54.3749990778587,48,8,50,1216,1322,106,3.63086232980333,0.605143721633888,3.7821482602118,91.981845688351,"ssp2","massive"
"269",54.4249990770107,33,11,65,1223,1332,109,2.47747747747748,0.825825825825826,4.87987987987988,91.8168168168168,"ssp2","massive"
"270",54.4749990761628,23,7,68,1246,1344,98,1.71130952380952,0.520833333333333,5.05952380952381,92.7083333333333,"ssp2","massive"
"271",54.5249990753148,25,7,68,1254,1354,100,1.84638109305761,0.51698670605613,5.02215657311669,92.6144756277696,"ssp2","massive"
"272",54.5749990744669,19,8,76,1270,1373,103,1.38383102694829,0.582665695557174,5.53532410779315,92.4981791697014,"ssp2","massive"
"273",54.624999073619,15,10,79,1279,1383,104,1.08459869848156,0.723065798987708,5.71221981200289,92.4801156905278,"ssp2","massive"
"274",54.674999072771,27,17,62,1273,1379,106,1.95794053662074,1.23277737490935,4.49601160261059,92.3132704858593,"ssp2","massive"
"275",54.7249990719231,29,5,60,1285,1379,94,2.10297316896302,0.362581580855693,4.35097897026831,93.183466279913,"ssp2","massive"
"276",54.7749990710751,24,13,74,1281,1392,111,1.72413793103448,0.933908045977012,5.31609195402299,92.0258620689655,"ssp2","massive"
"277",54.8249990702272,25,7,69,1301,1402,101,1.78316690442225,0.499286733238231,4.92154065620542,92.7960057061341,"ssp2","massive"
"278",54.8749990693792,13,6,79,1308,1406,98,0.924608819345662,0.42674253200569,5.61877667140825,93.0298719772404,"ssp2","massive"
"279",54.9249990685313,18,6,72,1320,1416,96,1.27118644067797,0.423728813559322,5.08474576271187,93.2203389830508,"ssp2","massive"
"280",54.9749990676833,18,2,62,1354,1436,82,1.25348189415042,0.139275766016713,4.31754874651811,94.2896935933148,"ssp2","massive"
"281",55.0249990668354,8,3,68,1363,1442,79,0.554785020804438,0.208044382801664,4.71567267683773,94.5214979195562,"ssp2","massive"
"282",55.0749990659874,11,4,61,1371,1447,76,0.760193503800968,0.27643400138217,4.21561852107809,94.7477539737388,"ssp2","massive"
"283",55.1249990651395,15,10,56,1365,1446,81,1.03734439834025,0.691562932226833,3.87275242047026,94.3983402489627,"ssp2","massive"
"284",55.1749990642915,19,11,52,1382,1464,82,1.29781420765027,0.751366120218579,3.55191256830601,94.3989071038251,"ssp2","massive"
"285",55.2249990634436,20,13,55,1383,1471,88,1.35961930659415,0.8837525492862,3.73895309313392,94.0176750509857,"ssp2","massive"
"286",55.2749990625957,15,14,59,1395,1483,88,1.01146325016858,0.944032366824005,3.97842211732974,94.0660822656777,"ssp2","massive"
"287",55.3249990617477,18,14,64,1390,1486,96,1.21130551816958,0.942126514131898,4.30686406460296,93.5397039030956,"ssp2","massive"
"288",55.3749990608998,9,18,67,1388,1482,94,0.607287449392713,1.21457489878543,4.52091767881242,93.6572199730094,"ssp2","massive"
"289",55.4249990600518,13,15,68,1382,1478,96,0.87956698240866,1.0148849797023,4.60081190798376,93.5047361299053,"ssp2","massive"
"290",55.4749990592039,10,9,73,1374,1466,92,0.682128240109141,0.613915416098227,4.97953615279673,93.7244201909959,"ssp2","massive"
"291",55.5249990583559,13,8,75,1364,1460,96,0.89041095890411,0.547945205479452,5.13698630136986,93.4246575342466,"ssp2","massive"
"292",55.574999057508,12,28,65,1356,1461,105,0.82135523613963,1.91649555099247,4.44900752908966,92.8131416837782,"ssp2","massive"
"293",55.62499905666,12,17,69,1360,1458,98,0.823045267489712,1.16598079561043,4.73251028806584,93.278463648834,"ssp2","massive"
"294",55.6749990558121,18,21,69,1355,1463,108,1.23034859876965,1.43540669856459,4.71633629528366,92.6179084073821,"ssp2","massive"
"295",55.7249990549641,27,10,53,1370,1460,90,1.84931506849315,0.684931506849315,3.63013698630137,93.8356164383562,"ssp2","massive"
"296",55.7749990541162,23,20,60,1361,1464,103,1.57103825136612,1.36612021857923,4.0983606557377,92.9644808743169,"ssp2","massive"
"297",55.8249990532682,13,23,61,1362,1459,97,0.891021247429747,1.57642220699109,4.18094585332419,93.351610692255,"ssp2","massive"
"298",55.8749990524203,21,9,69,1363,1462,99,1.43638850889193,0.615595075239398,4.71956224350205,93.2284541723666,"ssp2","massive"
"299",55.9249990515723,29,18,73,1345,1465,120,1.97952218430034,1.22866894197952,4.98293515358362,91.8088737201365,"ssp2","massive"
"300",55.9749990507244,24,10,81,1360,1475,115,1.6271186440678,0.677966101694915,5.49152542372881,92.2033898305085,"ssp2","massive"
"301",56.0249990498765,24,18,98,1338,1478,140,1.62381596752368,1.21786197564276,6.63058186738836,90.5277401894452,"ssp2","massive"
"302",56.0749990490285,35,35,78,1332,1480,148,2.36486486486486,2.36486486486486,5.27027027027027,90,"ssp2","massive"
"303",56.1249990481806,43,31,91,1317,1482,165,2.90148448043185,2.09176788124157,6.14035087719298,88.8663967611336,"ssp2","massive"
"304",56.1749990473326,36,33,92,1297,1458,161,2.46913580246914,2.26337448559671,6.31001371742112,88.957475994513,"ssp2","massive"
"305",56.2249990464847,38,29,95,1284,1446,162,2.62793914246196,2.00553250345781,6.56984785615491,88.7966804979253,"ssp2","massive"
"306",56.2749990456367,42,38,82,1277,1439,162,2.9186935371786,2.64072272411397,5.69840166782488,88.7421820708826,"ssp2","massive"
"307",56.3249990447888,40,39,76,1274,1429,155,2.79916025192442,2.72918124562631,5.3184044786564,89.1532540237929,"ssp2","massive"
"308",56.3749990439408,45,36,78,1270,1429,159,3.14905528341498,2.51924422673198,5.45836249125262,88.8733379986004,"ssp2","massive"
"309",56.4249990430929,38,21,97,1270,1426,156,2.66479663394109,1.4726507713885,6.80224403927069,89.0603085553997,"ssp2","massive"
"310",56.4749990422449,30,20,81,1298,1429,131,2.09937018894332,1.39958012596221,5.66829951014696,90.8327501749475,"ssp2","massive"
"311",56.524999041397,21,11,69,1335,1436,101,1.46239554317549,0.766016713091922,4.8050139275766,92.966573816156,"ssp2","massive"
"312",56.5749990405491,28,17,80,1316,1441,125,1.94309507286607,1.17973629424011,5.55170020818876,91.3254684247051,"ssp2","massive"
"313",56.6249990397011,38,29,100,1277,1444,167,2.63157894736842,2.00831024930748,6.92520775623269,88.4349030470914,"ssp2","massive"
"314",56.6749990388532,30,22,124,1265,1441,176,2.08188757807078,1.52671755725191,8.60513532269257,87.7862595419847,"ssp2","massive"
"315",56.7249990380052,19,29,126,1253,1427,174,1.33146461107218,2.03223545900491,8.82971268395235,87.8065872459706,"ssp2","massive"
"316",56.7749990371573,25,25,126,1258,1434,176,1.74337517433752,1.74337517433752,8.78661087866109,87.7266387726639,"ssp2","massive"
"317",56.8249990363093,20,36,111,1266,1433,167,1.39567341242149,2.51221214235869,7.74598743893929,88.3461270062805,"ssp2","massive"
"318",56.8749990354614,18,38,110,1269,1435,166,1.25435540069686,2.64808362369338,7.66550522648084,88.4320557491289,"ssp2","massive"
"319",56.9249990346134,16,44,97,1278,1435,157,1.11498257839721,3.06620209059233,6.7595818815331,89.0592334494773,"ssp2","massive"
"320",56.9749990337655,21,43,101,1269,1434,165,1.46443514644351,2.99860529986053,7.04323570432357,88.4937238493724,"ssp2","massive"
"321",57.0249990329175,14,37,111,1275,1437,162,0.974251913709116,2.57480862908838,7.72442588726514,88.7265135699374,"ssp2","massive"
"322",57.0749990320696,13,31,109,1286,1439,153,0.903405142460042,2.15427380125087,7.57470465601112,89.367616400278,"ssp2","massive"
"323",57.1249990312216,25,42,124,1256,1447,191,1.72771250863856,2.90255701451279,8.56945404284727,86.8002764340014,"ssp2","massive"
"324",57.1749990303737,36,34,146,1234,1450,216,2.48275862068966,2.3448275862069,10.0689655172414,85.1034482758621,"ssp2","massive"
"325",57.2249990295258,31,37,156,1214,1438,224,2.1557719054242,2.57301808066759,10.8484005563282,84.42280945758,"ssp2","massive"
"326",57.2749990286778,24,40,170,1210,1444,234,1.66204986149584,2.77008310249307,11.7728531855956,83.7950138504155,"ssp2","massive"
"327",57.3249990278299,28,35,185,1201,1449,248,1.93236714975845,2.41545893719807,12.7674258109041,82.8847481021394,"ssp2","massive"
"328",57.3749990269819,39,32,170,1205,1446,241,2.69709543568465,2.21300138312586,11.7565698478562,83.3333333333333,"ssp2","massive"
"329",57.424999026134,45,41,167,1185,1438,253,3.12934631432545,2.85118219749652,11.6133518776078,82.4061196105702,"ssp2","massive"
"330",57.474999025286,37,22,167,1223,1449,226,2.55348516218081,1.51828847481021,11.5251897860594,84.4030365769496,"ssp2","massive"
"331",57.5249990244381,43,20,143,1251,1457,206,2.9512697323267,1.37268359643102,9.81468771448181,85.8613589567605,"ssp2","massive"
"332",57.5749990235901,32,24,135,1269,1460,191,2.19178082191781,1.64383561643836,9.24657534246575,86.9178082191781,"ssp2","massive"
"333",57.6249990227422,49,27,150,1260,1486,226,3.29744279946164,1.81695827725437,10.0942126514132,84.7913862718708,"ssp2","massive"
"334",57.6749990218942,42,43,138,1283,1506,223,2.78884462151394,2.85524568393094,9.16334661354582,85.1925630810093,"ssp2","massive"
"335",57.7249990210463,23,42,161,1314,1540,226,1.49350649350649,2.72727272727273,10.4545454545455,85.3246753246753,"ssp2","massive"
"336",57.7749990201984,17,39,166,1311,1533,222,1.10893672537508,2.5440313111546,10.8284409654273,85.5185909980431,"ssp2","massive"
"337",57.8249990193504,21,48,178,1289,1536,247,1.3671875,3.125,11.5885416666667,83.9192708333333,"ssp2","massive"
"338",57.8749990185025,27,35,197,1286,1545,259,1.74757281553398,2.26537216828479,12.7508090614887,83.2362459546925,"ssp2","massive"
"339",57.9249990176545,27,33,184,1307,1551,244,1.74081237911025,2.12765957446809,11.8633139909736,84.2682140554481,"ssp2","massive"
"340",57.9749990168066,24,24,165,1324,1537,213,1.56148340923878,1.56148340923878,10.7351984385166,86.1418347430059,"ssp2","massive"
"341",58.0249990159586,18,22,173,1318,1531,213,1.17570215545395,1.43696930111039,11.2998040496408,86.0875244937949,"ssp2","massive"
"342",58.0749990151107,8,37,158,1310,1513,203,0.528750826173166,2.44547257105089,10.44282881692,86.5829477858559,"ssp2","massive"
"343",58.1249990142627,11,39,136,1322,1508,186,0.729442970822281,2.58620689655172,9.01856763925729,87.6657824933687,"ssp2","massive"
"344",58.1749990134148,13,42,113,1330,1498,168,0.867823765020027,2.80373831775701,7.543391188251,88.785046728972,"ssp2","massive"
"345",58.2249990125668,15,44,105,1318,1482,164,1.01214574898785,2.96896086369771,7.08502024291498,88.9338731443995,"ssp2","massive"
"346",58.2749990117189,12,42,106,1314,1474,160,0.814111261872456,2.8493894165536,7.19131614654003,89.1451831750339,"ssp2","massive"
"347",58.3249990108709,16,54,87,1303,1460,157,1.0958904109589,3.6986301369863,5.95890410958904,89.2465753424657,"ssp2","massive"
"348",58.374999010023,10,51,84,1299,1444,145,0.692520775623269,3.53185595567867,5.81717451523546,89.9584487534626,"ssp2","massive"
"349",58.4249990091751,9,61,89,1279,1438,159,0.62586926286509,4.24200278164117,6.18915159944367,88.9429763560501,"ssp2","massive"
"350",58.4749990083271,19,56,79,1275,1429,154,1.3296011196641,3.91882435269419,5.52834149755073,89.223233030091,"ssp2","massive"
"351",58.5249990074792,22,57,70,1292,1441,149,1.52671755725191,3.95558639833449,4.85773768216516,89.6599583622484,"ssp2","massive"
"352",58.5749990066312,26,53,82,1292,1453,161,1.78940123881624,3.64762560220234,5.64349621472815,88.9194769442533,"ssp2","massive"
"353",58.6249990057833,33,56,88,1297,1474,177,2.23880597014925,3.79918588873813,5.97014925373134,87.9918588873813,"ssp2","massive"
"354",58.6749990049353,26,51,105,1296,1478,182,1.75913396481732,3.45060893098782,7.1041948579161,87.6860622462788,"ssp2","massive"
"355",58.7249990040874,28,50,106,1287,1471,184,1.90346702923182,3.39904826648538,7.20598232494901,87.4915023793338,"ssp2","massive"
"356",58.7749990032394,22,41,109,1292,1464,172,1.50273224043716,2.80054644808743,7.44535519125683,88.2513661202186,"ssp2","massive"
"357",58.8249990023915,27,38,100,1282,1447,165,1.86592950932965,2.62612301313062,6.91085003455425,88.5970974429855,"ssp2","massive"
"358",58.8749990015435,19,34,108,1277,1438,161,1.32127955493741,2.3643949930459,7.51043115438109,88.8038942976356,"ssp2","massive"
"359",58.9249990006956,4,35,101,1290,1430,140,0.27972027972028,2.44755244755245,7.06293706293706,90.2097902097902,"ssp2","massive"
"360",58.9749989998476,6,38,100,1286,1430,144,0.41958041958042,2.65734265734266,6.99300699300699,89.9300699300699,"ssp2","massive"
"361",59.0249989989997,7,40,104,1280,1431,151,0.489168413696716,2.79524807826695,7.26764500349406,89.4479385045423,"ssp2","massive"
"362",59.0749989981517,4,30,98,1291,1423,132,0.28109627547435,2.10822206605762,6.88685874912157,90.7238229093465,"ssp2","massive"
"363",59.1249989973038,8,31,92,1298,1429,131,0.559832050384884,2.16934919524143,6.43806857942617,90.8327501749475,"ssp2","massive"
"364",59.1749989964559,9,34,88,1291,1422,131,0.632911392405063,2.39099859353024,6.18846694796062,90.7876230661041,"ssp2","massive"
"365",59.2249989956079,9,34,81,1298,1422,124,0.632911392405063,2.39099859353024,5.69620253164557,91.2798874824191,"ssp2","massive"
"366",59.27499899476,3,29,100,1287,1419,132,0.211416490486258,2.04369274136716,7.04721634954193,90.6976744186046,"ssp2","massive"
"367",59.324998993912,8,21,97,1300,1426,126,0.561009817671809,1.4726507713885,6.80224403927069,91.164095371669,"ssp2","massive"
"368",59.3749989930641,4,24,108,1286,1422,136,0.281293952180028,1.68776371308017,7.59493670886076,90.436005625879,"ssp2","massive"
"369",59.4249989922161,8,29,107,1293,1437,144,0.556715379262352,2.01809324982603,7.44606819763396,89.9791231732777,"ssp2","massive"
"370",59.4749989913682,3,31,120,1310,1464,154,0.204918032786885,2.11748633879781,8.19672131147541,89.4808743169399,"ssp2","massive"
"371",59.5249989905202,1,30,145,1300,1476,176,0.0677506775067751,2.03252032520325,9.82384823848238,88.0758807588076,"ssp2","massive"
"372",59.5749989896723,5,19,168,1286,1478,192,0.3382949932341,1.28552097428958,11.3667117726658,87.0094722598106,"ssp2","massive"
"373",59.6249989888243,2,28,174,1288,1492,204,0.134048257372654,1.87667560321716,11.6621983914209,86.3270777479893,"ssp2","massive"
"374",59.6749989879764,5,31,175,1287,1498,211,0.333778371161549,2.0694259012016,11.6822429906542,85.9145527369826,"ssp2","massive"
"375",59.7249989871285,1,19,169,1310,1499,189,0.066711140760507,1.26751167444963,11.2741827885257,87.3915943962642,"ssp2","massive"
"376",59.7749989862805,3,18,175,1304,1500,196,0.2,1.2,11.6666666666667,86.9333333333333,"ssp2","massive"
"377",59.8249989854326,3,7,184,1301,1495,194,0.20066889632107,0.468227424749164,12.3076923076923,87.0234113712375,"ssp2","massive"
"378",59.8749989845846,7,8,157,1327,1499,172,0.466977985323549,0.533689126084056,10.4736490993996,88.5256837891928,"ssp2","massive"
"379",59.9249989837367,6,4,156,1316,1482,166,0.404858299595142,0.269905533063428,10.5263157894737,88.7989203778677,"ssp2","massive"
"380",59.9749989828887,10,3,144,1327,1484,157,0.673854447439353,0.202156334231806,9.70350404312669,89.4204851752022,"ssp2","massive"
"381",60.0249989820408,6,3,143,1308,1460,152,0.410958904109589,0.205479452054795,9.79452054794521,89.5890410958904,"ssp2","massive"
"382",60.0749989811928,10,4,141,1295,1450,155,0.689655172413793,0.275862068965517,9.72413793103448,89.3103448275862,"ssp2","massive"
"383",60.1249989803449,10,9,135,1284,1438,154,0.695410292072323,0.62586926286509,9.38803894297636,89.2906815020862,"ssp2","massive"
"384",60.1749989794969,6,12,134,1256,1408,152,0.426136363636364,0.852272727272727,9.51704545454546,89.2045454545455,"ssp2","massive"
"385",60.224998978649,7,12,128,1235,1382,147,0.506512301013025,0.868306801736614,9.26193921852388,89.3632416787265,"ssp2","massive"
"386",60.274998977801,10,13,110,1229,1362,133,0.734214390602056,0.954478707782673,8.07635829662261,90.2349486049927,"ssp2","massive"
"387",60.3249989769531,5,17,114,1229,1365,136,0.366300366300366,1.24542124542125,8.35164835164835,90.03663003663,"ssp2","massive"
"388",60.3749989761052,9,16,133,1207,1365,158,0.659340659340659,1.17216117216117,9.74358974358974,88.4249084249084,"ssp2","massive"
"389",60.4249989752572,14,11,132,1211,1368,157,1.0233918128655,0.804093567251462,9.64912280701754,88.5233918128655,"ssp2","massive"
"390",60.4749989744093,21,17,139,1176,1353,177,1.55210643015521,1.25646711012565,10.2734663710273,86.9179600886918,"ssp2","massive"
"391",60.5249989735613,16,11,169,1129,1325,196,1.20754716981132,0.830188679245283,12.7547169811321,85.2075471698113,"ssp2","massive"
"392",60.5749989727134,17,8,174,1114,1313,199,1.29474485910129,0.609291698400609,13.2520944402133,84.8438690022848,"ssp2","massive"
"393",60.6249989718654,14,11,171,1114,1310,196,1.06870229007634,0.83969465648855,13.0534351145038,85.0381679389313,"ssp2","massive"
"394",60.6749989710175,8,12,166,1129,1315,186,0.608365019011407,0.91254752851711,12.6235741444867,85.8555133079848,"ssp2","massive"
"395",60.7249989701695,15,8,150,1127,1300,173,1.15384615384615,0.615384615384615,11.5384615384615,86.6923076923077,"ssp2","massive"
"396",60.7749989693216,22,9,140,1125,1296,171,1.69753086419753,0.694444444444444,10.8024691358025,86.8055555555556,"ssp2","massive"
"397",60.8249989684736,5,6,153,1128,1292,164,0.386996904024768,0.464396284829721,11.8421052631579,87.3065015479876,"ssp2","massive"
"398",60.8749989676257,5,6,170,1098,1279,181,0.390930414386239,0.469116497263487,13.2916340891321,85.8483189992181,"ssp2","massive"
"399",60.9249989667777,7,2,173,1111,1293,182,0.541376643464811,0.154679040989946,13.3797370456303,85.9242072699149,"ssp2","massive"
"400",60.9749989659298,5,1,168,1109,1283,174,0.38971161340608,0.0779423226812159,13.0943102104443,86.4380358534684,"ssp2","massive"
"401",61.0249989650819,6,2,170,1107,1285,178,0.466926070038911,0.155642023346304,13.2295719844358,86.147859922179,"ssp2","massive"
"402",61.0749989642339,12,3,166,1108,1289,181,0.930954228083786,0.232738557020946,12.878200155159,85.9581070597362,"ssp2","massive"
"403",61.124998963386,12,1,163,1099,1275,176,0.941176470588235,0.0784313725490196,12.7843137254902,86.1960784313725,"ssp2","massive"
"404",61.174998962538,17,1,145,1118,1281,163,1.32708821233411,0.078064012490242,11.3192818110851,87.2755659640905,"ssp2","massive"
"405",61.2249989616901,18,4,145,1102,1269,167,1.41843971631206,0.315208825847124,11.4263199369582,86.8400315208826,"ssp2","massive"
"406",61.2749989608421,17,7,150,1093,1267,174,1.34175217048145,0.552486187845304,11.8389897395422,86.266771902131,"ssp2","massive"
"407",61.3249989599942,23,9,139,1094,1265,171,1.81818181818182,0.711462450592885,10.9881422924901,86.4822134387352,"ssp2","massive"
"408",61.3749989591462,18,12,130,1105,1265,160,1.42292490118577,0.948616600790514,10.2766798418972,87.3517786561265,"ssp2","massive"
"409",61.4249989582983,8,17,132,1099,1256,157,0.636942675159236,1.35350318471338,10.5095541401274,87.5,"ssp2","massive"
"410",61.4749989574503,15,12,134,1108,1269,161,1.18203309692671,0.945626477541371,10.5594956658786,87.3128447596533,"ssp2","massive"
"411",61.5249989566024,24,3,128,1113,1268,155,1.89274447949527,0.236593059936909,10.0946372239748,87.7760252365931,"ssp2","massive"
"412",61.5749989557545,14,4,133,1103,1254,151,1.11642743221691,0.318979266347687,10.6060606060606,87.9585326953748,"ssp2","massive"
"413",61.6249989549065,12,8,128,1104,1252,148,0.958466453674121,0.638977635782748,10.223642172524,88.1789137380192,"ssp2","massive"
"414",61.6749989540586,12,5,133,1092,1242,150,0.966183574879227,0.402576489533011,10.7085346215781,87.9227053140097,"ssp2","massive"
"415",61.7249989532106,12,5,164,1062,1243,181,0.965406275140788,0.402252614641995,13.1938857602574,85.4384553499598,"ssp2","massive"
"416",61.7749989523627,8,1,167,1061,1237,176,0.646725949878739,0.0808407437348424,13.5004042037187,85.7720291026677,"ssp2","massive"
"417",61.8249989515147,11,3,164,1064,1242,178,0.885668276972625,0.241545893719807,13.2045088566828,85.6682769726248,"ssp2","massive"
"418",61.8749989506668,13,2,156,1064,1235,171,1.05263157894737,0.161943319838057,12.6315789473684,86.1538461538462,"ssp2","massive"
"419",61.9249989498188,13,6,153,1066,1238,172,1.05008077544426,0.484652665589661,12.3586429725363,86.1066235864297,"ssp2","massive"
"420",61.9749989489709,7,1,152,1080,1240,160,0.564516129032258,0.0806451612903226,12.258064516129,87.0967741935484,"ssp2","massive"
"421",62.0249989481229,6,1,148,1084,1239,155,0.484261501210654,0.0807102502017756,11.9451170298628,87.4899112187248,"ssp2","massive"
"422",62.074998947275,10,0,141,1084,1235,151,0.809716599190283,0,11.417004048583,87.7732793522267,"ssp2","massive"
"423",62.124998946427,11,3,124,1090,1228,138,0.895765472312704,0.244299674267101,10.0977198697068,88.7622149837133,"ssp2","massive"
"424",62.1749989455791,29,0,119,1082,1230,148,2.35772357723577,0,9.67479674796748,87.9674796747967,"ssp2","massive"
"425",62.2249989447311,28,0,118,1084,1230,146,2.27642276422764,0,9.59349593495935,88.130081300813,"ssp2","massive"
"426",62.2749989438832,26,0,117,1084,1227,143,2.11898940505297,0,9.53545232273839,88.3455582722086,"ssp2","massive"
"427",62.3249989430353,17,1,119,1102,1239,137,1.37207425343019,0.0807102502017756,9.6045197740113,88.9426957223567,"ssp2","massive"
"428",62.3749989421873,23,5,119,1094,1241,147,1.85334407735697,0.40290088638195,9.58904109589041,88.1547139403707,"ssp2","massive"
"429",62.4249989413394,31,2,117,1102,1252,150,2.47603833865815,0.159744408945687,9.34504792332269,88.0191693290735,"ssp2","massive"
"430",62.4749989404914,24,0,94,1124,1242,118,1.93236714975845,0,7.56843800322061,90.4991948470209,"ssp2","massive"
"431",62.5249989396435,27,3,80,1122,1232,110,2.19155844155844,0.243506493506494,6.49350649350649,91.0714285714286,"ssp2","massive"
"432",62.5749989387955,15,3,80,1136,1234,98,1.21555915721232,0.243111831442464,6.48298217179903,92.0583468395462,"ssp2","massive"
"433",62.6249989379476,22,10,61,1156,1249,93,1.76140912730184,0.800640512409928,4.88390712570056,92.5540432345877,"ssp2","massive"
"434",62.6749989370996,14,9,58,1174,1255,81,1.11553784860558,0.717131474103586,4.62151394422311,93.5458167330677,"ssp2","massive"
"435",62.7249989362517,5,3,63,1170,1241,71,0.40290088638195,0.24174053182917,5.07655116841257,94.2788074133763,"ssp2","massive"
"436",62.7749989354037,4,5,62,1170,1241,71,0.32232070910556,0.40290088638195,4.99597099113618,94.2788074133763,"ssp2","massive"
"437",62.8249989345558,5,1,57,1169,1232,63,0.405844155844156,0.0811688311688312,4.62662337662338,94.8863636363636,"ssp2","massive"
"438",62.8749989337079,12,0,42,1173,1227,54,0.97799511002445,0,3.42298288508557,95.59902200489,"ssp2","massive"
"439",62.9249989328599,4,1,43,1175,1223,48,0.327064595257563,0.0817661488143908,3.51594439901881,96.0752248569092,"ssp2","massive"
"440",62.974998932012,1,2,44,1175,1222,47,0.0818330605564648,0.16366612111293,3.60065466448445,96.1538461538462,"ssp2","massive"
"441",63.024998931164,7,2,48,1175,1232,57,0.568181818181818,0.162337662337662,3.8961038961039,95.3733766233766,"ssp2","massive"
"442",63.0749989303161,4,3,57,1158,1222,64,0.327332242225859,0.245499181669394,4.66448445171849,94.7626841243863,"ssp2","massive"
"443",63.1249989294681,6,5,69,1147,1227,80,0.488997555012225,0.407497962510187,5.62347188264059,93.480032599837,"ssp2","massive"
"444",63.1749989286202,13,4,79,1121,1217,96,1.06820049301561,0.328677074774035,6.49137222678718,92.1117502054232,"ssp2","massive"
"445",63.2249989277722,11,4,115,1078,1208,130,0.910596026490066,0.33112582781457,9.51986754966887,89.2384105960265,"ssp2","massive"
"446",63.2749989269243,7,4,136,1078,1225,147,0.571428571428571,0.326530612244898,11.1020408163265,88,"ssp2","massive"
"447",63.3249989260763,2,0,175,1053,1230,177,0.16260162601626,0,14.2276422764228,85.609756097561,"ssp2","massive"
"448",63.3749989252284,17,3,179,1027,1226,199,1.38662316476346,0.244698205546493,14.6003262642741,83.768352365416,"ssp2","massive"
"449",63.4249989243804,16,3,185,1016,1220,204,1.31147540983607,0.245901639344262,15.1639344262295,83.2786885245902,"ssp2","massive"
"450",63.4749989235325,7,12,198,995,1212,217,0.577557755775578,0.99009900990099,16.3366336633663,82.0957095709571,"ssp2","massive"
"451",63.5249989226846,18,3,186,986,1193,207,1.50880134115675,0.251466890192791,15.5909471919531,82.6487845766974,"ssp2","massive"
"452",63.5749989218366,24,4,179,964,1171,207,2.04953031596926,0.341588385994876,15.2860802732707,82.3228010247652,"ssp2","massive"
"453",63.6249989209887,10,4,190,969,1173,204,0.852514919011083,0.341005967604433,16.1977834612106,82.6086956521739,"ssp2","massive"
"454",63.6749989201407,12,4,204,945,1165,220,1.03004291845494,0.343347639484979,17.5107296137339,81.1158798283262,"ssp2","massive"
"455",63.7249989192928,13,2,212,936,1163,227,1.11779879621668,0.171969045571797,18.2287188306105,80.481513327601,"ssp2","massive"
"456",63.7749989184448,19,9,208,913,1149,236,1.65361183637946,0.783289817232376,18.1026979982594,79.4604003481288,"ssp2","massive"
"457",63.8249989175969,19,3,181,934,1137,203,1.67106420404573,0.263852242744063,15.9190853122252,82.1459982409851,"ssp2","massive"
"458",63.8749989167489,6,4,184,919,1113,194,0.539083557951483,0.359389038634322,16.5318957771788,82.5696316262354,"ssp2","massive"
"459",63.924998915901,12,7,167,954,1140,186,1.05263157894737,0.614035087719298,14.6491228070175,83.6842105263158,"ssp2","massive"
"460",63.974998915053,5,8,192,939,1144,205,0.437062937062937,0.699300699300699,16.7832167832168,82.0804195804196,"ssp2","massive"
"461",64.0249989142051,11,15,225,896,1147,251,0.959023539668701,1.3077593722755,19.6163905841325,78.1168265039233,"ssp2","massive"
"462",64.0749989133571,28,12,245,875,1160,285,2.41379310344828,1.03448275862069,21.1206896551724,75.4310344827586,"ssp2","massive"
"463",64.1249989125092,20,9,250,871,1150,279,1.73913043478261,0.782608695652174,21.7391304347826,75.7391304347826,"ssp2","massive"
"464",64.1749989116612,29,14,257,863,1163,300,2.49355116079106,1.20378331900258,22.0980223559759,74.2046431642304,"ssp2","massive"
"465",64.2249989108133,12,13,272,862,1159,297,1.03537532355479,1.12165660051769,23.4685073339085,74.374460742019,"ssp2","massive"
"466",64.2749989099654,13,13,263,866,1155,289,1.12554112554113,1.12554112554113,22.7705627705628,74.978354978355,"ssp2","massive"
"467",64.3249989091174,20,7,276,841,1144,303,1.74825174825175,0.611888111888112,24.1258741258741,73.513986013986,"ssp2","massive"
"468",64.3749989082695,30,1,291,820,1142,322,2.62697022767075,0.0875656742556918,25.4816112084063,71.8038528896673,"ssp2","massive"
"469",64.4249989074215,37,4,291,805,1137,332,3.25417766051011,0.351802990325418,25.5936675461741,70.8003518029903,"ssp2","massive"
"470",64.4749989065736,19,4,318,785,1126,341,1.68738898756661,0.355239786856128,28.2415630550622,69.7158081705151,"ssp2","massive"
"471",64.5249989057256,30,1,297,809,1137,328,2.63852242744063,0.0879507475813544,26.1213720316623,71.1521547933157,"ssp2","massive"
"472",64.5749989048777,40,4,293,807,1144,337,3.4965034965035,0.34965034965035,25.6118881118881,70.541958041958,"ssp2","massive"
"473",64.6249989040297,30,4,319,794,1147,353,2.615518744551,0.3487358326068,27.8116826503923,69.2240627724499,"ssp2","massive"
"474",64.6749989031818,31,3,344,782,1160,378,2.67241379310345,0.258620689655172,29.6551724137931,67.4137931034483,"ssp2","massive"
"475",64.7249989023339,43,6,312,803,1164,361,3.69415807560137,0.515463917525773,26.8041237113402,68.9862542955326,"ssp2","massive"
"476",64.7749989014859,48,7,286,826,1167,341,4.11311053984576,0.599828620394173,24.5072836332476,70.7797772065124,"ssp2","massive"
"477",64.824998900638,59,5,266,796,1126,330,5.23978685612789,0.44404973357016,23.6234458259325,70.6927175843694,"ssp2","massive"
"478",64.87499889979,43,8,267,813,1131,318,3.80194518125553,0.707338638373121,23.6074270557029,71.8832891246684,"ssp2","massive"
"479",64.9249988989421,53,9,266,828,1156,328,4.58477508650519,0.778546712802768,23.0103806228374,71.6262975778547,"ssp2","massive"
"480",64.9749988980941,51,9,273,851,1184,333,4.30743243243243,0.760135135135135,23.0574324324324,71.875,"ssp2","massive"
"481",65.0249988972462,54,9,287,837,1187,350,4.54928390901432,0.75821398483572,24.178601516428,70.513900589722,"ssp2","massive"
"482",65.0749988963982,54,19,295,818,1186,368,4.5531197301855,1.60202360876897,24.8735244519393,68.9713322091062,"ssp2","massive"
"483",65.1249988955503,49,14,301,830,1194,364,4.10385259631491,1.17252931323283,25.2093802345059,69.5142378559464,"ssp2","massive"
"484",65.1749988947023,55,10,292,842,1199,357,4.58715596330275,0.834028356964137,24.3536280233528,70.2251876563803,"ssp2","massive"
"485",65.2249988938544,34,5,318,835,1192,357,2.85234899328859,0.419463087248322,26.6778523489933,70.0503355704698,"ssp2","massive"
"486",65.2749988930064,24,7,311,849,1191,342,2.01511335012594,0.587741393786734,26.112510495382,71.2846347607053,"ssp2","massive"
"487",65.3249988921585,22,8,306,856,1192,336,1.84563758389262,0.671140939597315,25.6711409395973,71.8120805369127,"ssp2","massive"
"488",65.3749988913106,20,12,280,890,1202,312,1.66389351081531,0.998336106489185,23.2945091514143,74.0432612312812,"ssp2","massive"
"489",65.4249988904626,38,11,267,877,1193,316,3.18524727577536,0.922045264040235,22.3805532271584,73.512154233026,"ssp2","massive"
"490",65.4749988896147,26,13,237,905,1181,276,2.20152413209145,1.10076206604572,20.0677392040644,76.6299745977985,"ssp2","massive"
"491",65.5249988887667,14,6,243,886,1149,263,1.21845082680592,0.522193211488251,21.1488250652742,77.1105308964317,"ssp2","massive"
"492",65.5749988879188,8,7,291,817,1123,306,0.712377560106857,0.6233303650935,25.9127337488869,72.7515583259127,"ssp2","massive"
"493",65.6249988870708,19,17,325,755,1116,361,1.70250896057348,1.52329749103943,29.1218637992832,67.6523297491039,"ssp2","massive"
"494",65.6749988862229,23,12,319,760,1114,354,2.06463195691203,1.07719928186715,28.6355475763016,68.2226211849192,"ssp2","massive"
"495",65.7249988853749,30,7,316,765,1118,353,2.68336314847943,0.626118067978533,28.2647584973166,68.4257602862254,"ssp2","massive"
"496",65.774998884527,22,6,333,751,1112,361,1.97841726618705,0.539568345323741,29.9460431654676,67.5359712230216,"ssp2","massive"
"497",65.824998883679,20,5,346,731,1102,371,1.81488203266788,0.453720508166969,31.3974591651543,66.3339382940109,"ssp2","massive"
"498",65.8749988828311,13,9,344,731,1097,366,1.18505013673655,0.820419325432999,31.3582497721057,66.6362807657247,"ssp2","massive"
"499",65.9249988819831,27,6,353,703,1089,386,2.47933884297521,0.550964187327824,32.415059687787,64.55463728191,"ssp2","massive"
"500",65.9749988811352,49,13,335,689,1086,397,4.51197053406998,1.19705340699816,30.8471454880295,63.4438305709024,"ssp2","massive"
"501",66.0249988802873,32,10,367,696,1105,409,2.89592760180995,0.904977375565611,33.2126696832579,62.9864253393665,"ssp2","massive"
"502",66.0749988794393,27,9,387,705,1128,423,2.3936170212766,0.797872340425532,34.3085106382979,62.5,"ssp2","massive"
"503",66.1249988785914,29,8,401,696,1134,438,2.55731922398589,0.705467372134039,35.3615520282187,61.3756613756614,"ssp2","massive"
"504",66.1749988777434,34,1,400,718,1153,435,2.94882914137034,0.0867302688638335,34.6921075455334,62.2723330442324,"ssp2","massive"
"505",66.2249988768955,41,5,414,719,1179,460,3.47752332485157,0.424088210347752,35.1145038167939,60.9838846480068,"ssp2","massive"
"506",66.2749988760475,25,7,432,720,1184,464,2.11148648648649,0.591216216216216,36.4864864864865,60.8108108108108,"ssp2","massive"
"507",66.3249988751996,34,4,414,708,1160,452,2.93103448275862,0.344827586206897,35.6896551724138,61.0344827586207,"ssp2","massive"
"508",66.3749988743516,20,2,431,692,1145,453,1.74672489082969,0.174672489082969,37.6419213973799,60.4366812227074,"ssp2","massive"
"509",66.4249988735037,35,4,437,676,1152,476,3.03819444444444,0.347222222222222,37.9340277777778,58.6805555555556,"ssp2","massive"
"510",66.4749988726557,47,8,437,682,1174,492,4.00340715502555,0.681431005110733,37.2231686541738,58.09199318569,"ssp2","massive"
"511",66.5249988718078,38,16,431,706,1191,485,3.19059613769941,1.34340890008396,36.1880772460118,59.2779177162049,"ssp2","massive"
"512",66.5749988709598,47,3,428,709,1187,478,3.95956192080876,0.25273799494524,36.0572872788543,59.7304128053917,"ssp2","massive"
"513",66.6249988701119,32,10,443,695,1180,485,2.71186440677966,0.847457627118644,37.5423728813559,58.8983050847458,"ssp2","massive"
"514",66.674998869264,24,5,444,705,1178,473,2.03735144312394,0.424448217317487,37.6910016977929,59.8471986417657,"ssp2","massive"
"515",66.724998868416,16,5,448,690,1159,469,1.38050043140638,0.431406384814495,38.6540120793788,59.5340811044004,"ssp2","massive"
"516",66.7749988675681,20,9,446,686,1161,475,1.72265288544358,0.775193798449612,38.4151593453919,59.0869939707149,"ssp2","massive"
"517",66.8249988667201,17,12,427,708,1164,456,1.46048109965636,1.03092783505155,36.6838487972509,60.8247422680412,"ssp2","massive"
"518",66.8749988658722,16,6,412,726,1160,434,1.37931034482759,0.517241379310345,35.5172413793103,62.5862068965517,"ssp2","massive"
"519",66.9249988650242,6,13,394,734,1147,413,0.523103748910201,1.1333914559721,34.3504795117698,63.9930252833479,"ssp2","massive"
"520",66.9749988641763,14,13,403,715,1145,430,1.22270742358079,1.1353711790393,35.1965065502183,62.4454148471616,"ssp2","massive"
"521",67.0249988633283,14,14,391,729,1148,419,1.21951219512195,1.21951219512195,34.0592334494773,63.5017421602787,"ssp2","massive"
"522",67.0749988624804,22,13,385,731,1151,420,1.91138140747176,1.12945264986968,33.4491746307559,63.5099913119027,"ssp2","massive"
"523",67.1249988616324,12,30,374,721,1137,416,1.05540897097625,2.63852242744063,32.8935795954266,63.4124890061565,"ssp2","massive"
"524",67.1749988607845,7,23,368,734,1132,398,0.618374558303887,2.03180212014134,32.5088339222615,64.8409893992933,"ssp2","massive"
"525",67.2249988599365,16,34,331,762,1143,381,1.39982502187227,2.97462817147857,28.9588801399825,66.6666666666667,"ssp2","massive"
"526",67.2749988590886,10,25,306,795,1136,341,0.880281690140845,2.20070422535211,26.9366197183099,69.9823943661972,"ssp2","massive"
"527",67.3249988582406,6,34,294,805,1139,334,0.526777875329236,2.98507462686567,25.8121158911326,70.6760316066725,"ssp2","massive"
"528",67.3749988573927,17,33,270,821,1141,320,1.48992112182296,2.89219982471516,23.6634531113059,71.954425942156,"ssp2","massive"
"529",67.4249988565448,15,19,285,821,1140,319,1.31578947368421,1.66666666666667,25,72.0175438596491,"ssp2","massive"
"530",67.4749988556968,10,23,289,824,1146,322,0.87260034904014,2.00698080279232,25.21815008726,71.9022687609075,"ssp2","massive"
"531",67.5249988548489,8,22,270,852,1152,300,0.694444444444444,1.90972222222222,23.4375,73.9583333333333,"ssp2","massive"
"532",67.5749988540009,11,22,261,856,1150,294,0.956521739130435,1.91304347826087,22.695652173913,74.4347826086957,"ssp2","massive"
"533",67.624998853153,6,16,250,884,1156,272,0.519031141868512,1.3840830449827,21.6262975778547,76.4705882352941,"ssp2","massive"
"534",67.674998852305,6,11,231,905,1153,248,0.520381613183001,0.954032957502168,20.0346921075455,78.4908933217693,"ssp2","massive"
"535",67.7249988514571,12,21,215,899,1147,248,1.0462074978204,1.8308631211857,18.7445510026155,78.3783783783784,"ssp2","massive"
"536",67.7749988506091,11,23,203,919,1156,237,0.951557093425606,1.98961937716263,17.560553633218,79.4982698961938,"ssp2","massive"
"537",67.8249988497612,11,31,183,925,1150,225,0.956521739130435,2.69565217391304,15.9130434782609,80.4347826086957,"ssp2","massive"
"538",67.8749988489133,10,18,184,935,1147,212,0.871839581517001,1.5693112467306,16.0418482999128,81.5170008718396,"ssp2","massive"
"539",67.9249988480653,7,17,188,943,1155,212,0.606060606060606,1.47186147186147,16.2770562770563,81.6450216450216,"ssp2","massive"
"540",67.9749988472173,5,14,193,957,1169,212,0.427715996578272,1.19760479041916,16.5098374679213,81.8648417450813,"ssp2","massive"
"541",68.0249988463694,8,25,184,949,1166,217,0.686106346483705,2.14408233276158,15.7804459691252,81.3893653516295,"ssp2","massive"
"542",68.0749988455215,13,33,166,958,1170,212,1.11111111111111,2.82051282051282,14.1880341880342,81.8803418803419,"ssp2","massive"
"543",68.1249988446735,9,22,147,978,1156,178,0.778546712802768,1.90311418685121,12.7162629757785,84.6020761245675,"ssp2","massive"
"544",68.1749988438256,7,27,134,993,1161,168,0.602928509905254,2.32558139534884,11.541774332472,85.5297157622739,"ssp2","massive"
"545",68.2249988429776,7,12,114,1023,1156,133,0.605536332179931,1.03806228373702,9.86159169550173,88.4948096885813,"ssp2","massive"
"546",68.2749988421297,4,28,122,1003,1157,154,0.345721694036301,2.42005185825411,10.5445116681072,86.6897147796024,"ssp2","massive"
"547",68.3249988412817,5,28,142,977,1152,175,0.434027777777778,2.43055555555556,12.3263888888889,84.8090277777778,"ssp2","massive"
"548",68.3749988404338,6,21,141,976,1144,168,0.524475524475524,1.83566433566434,12.3251748251748,85.3146853146853,"ssp2","massive"
"549",68.4249988395858,3,14,156,957,1130,173,0.265486725663717,1.23893805309735,13.8053097345133,84.6902654867257,"ssp2","massive"
"550",68.4749988387379,14,19,170,929,1132,203,1.23674911660777,1.67844522968198,15.017667844523,82.0671378091873,"ssp2","massive"
"551",68.52499883789,11,24,151,940,1126,186,0.976909413854352,2.13143872113677,13.4103019538188,83.4813499111901,"ssp2","massive"
"552",68.574998837042,6,28,145,976,1155,179,0.519480519480519,2.42424242424242,12.5541125541126,84.5021645021645,"ssp2","massive"
"553",68.6249988361941,6,20,147,973,1146,173,0.523560209424084,1.74520069808028,12.8272251308901,84.9040139616056,"ssp2","massive"
"554",68.6749988353461,6,21,145,975,1147,172,0.523103748910201,1.8308631211857,12.6416739319965,85.0043591979076,"ssp2","massive"
"555",68.7249988344982,2,30,169,959,1160,201,0.172413793103448,2.58620689655172,14.5689655172414,82.6724137931034,"ssp2","massive"
"556",68.7749988336502,2,37,169,954,1162,208,0.172117039586919,3.184165232358,14.5438898450947,82.0998278829604,"ssp2","massive"
"557",68.8249988328023,3,34,162,972,1171,199,0.256191289496157,2.90350128095645,13.8343296327925,83.0059777967549,"ssp2","massive"
"558",68.8749988319543,3,45,169,964,1181,217,0.254022015241321,3.81033022861981,14.3099068585944,81.6257408975444,"ssp2","massive"
"559",68.9249988311064,4,28,191,963,1186,223,0.337268128161889,2.36087689713322,16.1045531197302,81.1973018549747,"ssp2","massive"
"560",68.9749988302584,2,42,223,928,1195,267,0.167364016736402,3.51464435146444,18.6610878661088,77.6569037656904,"ssp2","massive"
"561",69.0249988294105,0,46,208,941,1195,254,0,3.84937238493724,17.4058577405858,78.744769874477,"ssp2","massive"
"562",69.0749988285625,0,36,186,984,1206,222,0,2.98507462686567,15.4228855721393,81.592039800995,"ssp2","massive"
"563",69.1249988277146,2,11,184,1016,1213,197,0.164880461665293,0.90684253915911,15.1690024732069,83.7592745259687,"ssp2","massive"
"564",69.1749988268667,4,14,213,1004,1235,231,0.323886639676113,1.1336032388664,17.246963562753,81.2955465587045,"ssp2","massive"
"565",69.2249988260187,5,22,219,985,1231,246,0.406173842404549,1.78716490658002,17.7904142973193,80.0162469536962,"ssp2","massive"
"566",69.2749988251708,5,17,225,978,1225,247,0.408163265306122,1.38775510204082,18.3673469387755,79.8367346938776,"ssp2","massive"
"567",69.3249988243228,0,18,227,986,1231,245,0,1.46222583265638,18.4402924451665,80.0974817221771,"ssp2","massive"
"568",69.3749988234749,4,16,244,950,1214,264,0.329489291598023,1.31795716639209,20.0988467874794,78.2537067545305,"ssp2","massive"
"569",69.4249988226269,4,24,263,933,1224,291,0.326797385620915,1.96078431372549,21.4869281045752,76.2254901960784,"ssp2","massive"
"570",69.474998821779,5,18,292,927,1242,315,0.402576489533011,1.44927536231884,23.5104669887279,74.6376811594203,"ssp2","massive"
"571",69.524998820931,11,19,296,913,1239,326,0.887812752219532,1.53349475383374,23.8902340597256,73.6884584342211,"ssp2","massive"
"572",69.5749988200831,6,23,298,887,1214,327,0.494233937397035,1.89456342668863,24.5469522240527,73.0642504118616,"ssp2","massive"
"573",69.6249988192351,5,26,281,893,1205,312,0.4149377593361,2.15767634854772,23.3195020746888,74.1078838174274,"ssp2","massive"
"574",69.6749988183872,2,16,293,886,1197,311,0.167084377610693,1.33667502088555,24.4778613199666,74.0183792815372,"ssp2","massive"
"575",69.7249988175392,5,14,294,896,1209,313,0.413564929693962,1.15798180314309,24.317617866005,74.110835401158,"ssp2","massive"
"576",69.7749988166913,6,29,299,901,1235,334,0.48582995951417,2.34817813765182,24.2105263157895,72.9554655870445,"ssp2","massive"
"577",69.8249988158433,9,24,299,931,1263,332,0.712589073634204,1.90023752969121,23.673792557403,73.7133808392716,"ssp2","massive"
"578",69.8749988149954,13,15,300,958,1286,328,1.01088646967341,1.16640746500778,23.3281493001555,74.4945567651633,"ssp2","massive"
"579",69.9249988141475,1,20,321,962,1304,342,0.0766871165644172,1.53374233128834,24.6165644171779,73.7730061349693,"ssp2","massive"
"580",69.9749988132995,4,28,334,955,1321,366,0.302800908402725,2.11960635881908,25.2838758516276,72.2937168811506,"ssp2","massive"
"581",70.0249988124516,10,31,328,961,1330,369,0.75187969924812,2.33082706766917,24.6616541353383,72.2556390977444,"ssp2","massive"
"582",70.0749988116036,5,42,315,953,1315,362,0.380228136882129,3.19391634980989,23.9543726235741,72.4714828897338,"ssp2","massive"
"583",70.1249988107557,0,49,311,963,1323,360,0,3.7037037037037,23.5071806500378,72.7891156462585,"ssp2","massive"
"584",70.1749988099077,8,46,306,955,1315,360,0.608365019011407,3.49809885931559,23.2699619771863,72.6235741444867,"ssp2","massive"
"585",70.2249988090598,7,40,328,975,1350,375,0.518518518518518,2.96296296296296,24.2962962962963,72.2222222222222,"ssp2","massive"
"586",70.2749988082118,3,48,314,1008,1373,365,0.21849963583394,3.49599417334304,22.8696285506191,73.4158776402039,"ssp2","massive"
"587",70.3249988073639,9,42,311,1022,1384,362,0.65028901734104,3.03468208092486,22.471098265896,73.8439306358381,"ssp2","massive"
"588",70.3749988065159,3,34,333,1035,1405,370,0.213523131672598,2.41992882562278,23.7010676156584,73.6654804270463,"ssp2","massive"
"589",70.424998805668,1,44,312,1051,1408,357,0.0710227272727273,3.125,22.1590909090909,74.6448863636364,"ssp2","massive"
"590",70.47499880482,8,39,276,1089,1412,323,0.56657223796034,2.76203966005666,19.5467422096317,77.1246458923513,"ssp2","massive"
"591",70.5249988039721,8,32,281,1082,1403,321,0.570206699928724,2.2808267997149,20.0285103349964,77.1204561653599,"ssp2","massive"
"592",70.5749988031242,6,28,292,1067,1393,326,0.430725053840632,2.01005025125628,20.9619526202441,76.597272074659,"ssp2","massive"
"593",70.6249988022762,8,25,319,1034,1386,352,0.577200577200577,1.8037518037518,23.015873015873,74.6031746031746,"ssp2","massive"
"594",70.6749988014283,4,31,313,1045,1393,348,0.287150035893754,2.2254127781766,22.4694903086863,75.0179468772434,"ssp2","massive"
"595",70.7249988005803,1,21,334,1059,1415,356,0.0706713780918728,1.48409893992933,23.6042402826855,74.8409893992933,"ssp2","massive"
"596",70.7749987997324,3,30,323,1111,1467,356,0.204498977505113,2.04498977505112,22.0177232447171,75.7327880027267,"ssp2","massive"
"597",70.8249987988844,6,13,342,1116,1477,361,0.4062288422478,0.880162491536899,23.1550440081246,75.5585646580907,"ssp2","massive"
"598",70.8749987980365,3,14,349,1123,1489,366,0.201477501678979,0.940228341168569,23.4385493619879,75.4197447951645,"ssp2","massive"
"599",70.9249987971885,2,28,345,1119,1494,375,0.133868808567604,1.87416331994645,23.0923694779116,74.8995983935743,"ssp2","massive"
"600",70.9749987963406,8,14,368,1108,1498,390,0.534045393858478,0.934579439252336,24.56608811749,73.9652870493992,"ssp2","massive"
"601",71.0249987954926,4,16,361,1112,1493,381,0.267916945746818,1.07166778298727,24.1795043536504,74.4809109176155,"ssp2","massive"
"602",71.0749987946447,4,33,371,1091,1499,408,0.266844563042028,2.20146764509673,24.7498332221481,72.7818545697131,"ssp2","massive"
"603",71.1249987937967,4,13,418,1064,1499,435,0.266844563042028,0.867244829886591,27.8852568378919,70.9806537691795,"ssp2","massive"
"604",71.1749987929488,13,18,438,1023,1492,469,0.871313672922252,1.20643431635389,29.3565683646113,68.5656836461126,"ssp2","massive"
"605",71.2249987921009,8,23,484,980,1495,515,0.535117056856187,1.53846153846154,32.3745819397993,65.5518394648829,"ssp2","massive"
"606",71.2749987912529,4,64,507,922,1497,575,0.267201068804275,4.2752171008684,33.8677354709419,61.5898463593854,"ssp2","massive"
"607",71.324998790405,7,60,499,920,1486,566,0.471063257065949,4.03768506056528,33.5800807537012,61.9111709286676,"ssp2","massive"
"608",71.374998789557,10,36,498,946,1490,544,0.671140939597315,2.41610738255034,33.4228187919463,63.489932885906,"ssp2","massive"
"609",71.4249987887091,16,36,494,920,1466,546,1.09140518417462,2.45566166439291,33.6971350613915,62.7557980900409,"ssp2","massive"
"610",71.4749987878611,9,31,506,922,1468,546,0.61307901907357,2.11171662125341,34.4686648501362,62.8065395095368,"ssp2","massive"
"611",71.5249987870132,4,28,504,944,1480,536,0.27027027027027,1.89189189189189,34.0540540540541,63.7837837837838,"ssp2","massive"
"612",71.5749987861652,2,30,505,929,1466,537,0.136425648021828,2.04638472032742,34.4474761255116,63.3697135061392,"ssp2","massive"
"613",71.6249987853173,2,38,494,929,1463,534,0.136705399863295,2.5974025974026,33.7662337662338,63.4996582365003,"ssp2","massive"
"614",71.6749987844694,2,36,494,925,1457,532,0.137268359643102,2.47083047357584,33.9052848318463,63.4866163349348,"ssp2","massive"
"615",71.7249987836214,1,34,497,913,1445,532,0.0692041522491349,2.35294117647059,34.3944636678201,63.1833910034602,"ssp2","massive"
"616",71.7749987827735,1,28,514,910,1453,543,0.0688231245698555,1.92704748795595,35.3750860289057,62.6290433585685,"ssp2","massive"
"617",71.8249987819255,7,27,548,875,1457,582,0.480439258750858,1.85312285518188,37.61153054221,60.0549073438572,"ssp2","massive"
"618",71.8749987810776,2,47,549,848,1446,598,0.138312586445367,3.25034578146611,37.9668049792531,58.6445366528354,"ssp2","massive"
"619",71.9249987802296,4,28,532,893,1457,564,0.274536719286205,1.92175703500343,36.5133836650652,61.2903225806452,"ssp2","massive"
"620",71.9749987793817,2,41,514,898,1455,557,0.13745704467354,2.81786941580756,35.3264604810997,61.7182130584192,"ssp2","massive"
"621",72.0249987785337,4,45,504,904,1457,553,0.274536719286205,3.0885380919698,34.5916266300618,62.0452985586822,"ssp2","massive"
"622",72.0749987776858,1,38,504,915,1458,543,0.0685871056241426,2.60631001371742,34.5679012345679,62.7572016460905,"ssp2","massive"
"623",72.1249987768378,2,36,497,926,1461,535,0.136892539356605,2.46406570841889,34.0177960301164,63.3812457221081,"ssp2","massive"
"624",72.1749987759899,4,42,506,904,1456,552,0.274725274725275,2.88461538461538,34.7527472527472,62.0879120879121,"ssp2","massive"
"625",72.2249987751419,2,20,517,918,1457,539,0.137268359643102,1.37268359643102,35.4838709677419,63.0061770761839,"ssp2","massive"
"626",72.274998774294,0,20,520,920,1460,540,0,1.36986301369863,35.6164383561644,63.013698630137,"ssp2","massive"
"627",72.3249987734461,2,26,519,923,1470,547,0.136054421768707,1.7687074829932,35.3061224489796,62.7891156462585,"ssp2","massive"
"628",72.3749987725981,4,14,520,941,1479,538,0.270453008789723,0.94658553076403,35.158891142664,63.6240703177823,"ssp2","massive"
"629",72.4249987717502,6,12,519,947,1484,537,0.404312668463612,0.808625336927224,34.9730458221024,63.8140161725067,"ssp2","massive"
"630",72.4749987709022,5,12,540,886,1443,557,0.346500346500347,0.831600831600832,37.4220374220374,61.3998613998614,"ssp2","massive"
"631",72.5249987700543,0,13,542,893,1448,555,0,0.897790055248619,37.4309392265193,61.671270718232,"ssp2","massive"
"632",72.5749987692063,3,16,538,888,1445,557,0.207612456747405,1.10726643598616,37.2318339100346,61.4532871972318,"ssp2","massive"
"633",72.6249987683584,3,12,533,902,1450,548,0.206896551724138,0.827586206896552,36.7586206896552,62.2068965517241,"ssp2","massive"
"634",72.6749987675104,16,9,512,908,1445,537,1.10726643598616,0.622837370242215,35.4325259515571,62.8373702422145,"ssp2","massive"
"635",72.7249987666625,6,12,518,908,1444,536,0.415512465373961,0.831024930747922,35.8725761772853,62.8808864265928,"ssp2","massive"
"636",72.7749987658145,18,15,504,923,1460,537,1.23287671232877,1.02739726027397,34.5205479452055,63.2191780821918,"ssp2","massive"
"637",72.8249987649666,4,14,500,953,1471,518,0.271923861318831,0.951733514615908,33.9904826648538,64.7858599592114,"ssp2","massive"
"638",72.8749987641186,0,14,505,952,1471,519,0,0.951733514615908,34.3303874915024,64.7178789938817,"ssp2","massive"
"639",72.9249987632707,2,8,501,948,1459,511,0.137080191912269,0.548320767649075,34.3385880740233,64.9760109664154,"ssp2","massive"
"640",72.9749987624228,1,6,513,930,1450,520,0.0689655172413793,0.413793103448276,35.3793103448276,64.1379310344827,"ssp2","massive"
"641",73.0249987615748,1,8,513,938,1460,522,0.0684931506849315,0.547945205479452,35.1369863013699,64.2465753424657,"ssp2","massive"
"642",73.0749987607269,0,10,522,931,1463,532,0,0.683526999316473,35.6801093643199,63.6363636363636,"ssp2","massive"
"643",73.1249987598789,2,13,513,939,1467,528,0.136332651670075,0.886162235855487,34.9693251533742,64.0081799591002,"ssp2","massive"
"644",73.174998759031,4,13,514,932,1463,531,0.273410799726589,0.888585099111415,35.1332877648667,63.7047163362953,"ssp2","massive"
"645",73.224998758183,7,14,502,956,1479,523,0.473292765382015,0.94658553076403,33.9418526031102,64.6382691007438,"ssp2","massive"
"646",73.2749987573351,3,22,494,940,1459,519,0.205620287868403,1.50788211103496,33.8588074023304,64.4276901987663,"ssp2","massive"
"647",73.3249987564871,6,27,468,949,1450,501,0.413793103448276,1.86206896551724,32.2758620689655,65.448275862069,"ssp2","massive"
"648",73.3749987556392,3,20,463,956,1442,486,0.208044382801664,1.3869625520111,32.1081830790569,66.2968099861304,"ssp2","massive"
"649",73.4249987547912,6,19,458,971,1454,483,0.412654745529574,1.30674002751032,31.4993122420908,66.7812929848693,"ssp2","massive"
"650",73.4749987539433,4,16,470,936,1426,490,0.280504908835905,1.12201963534362,32.9593267882188,65.6381486676017,"ssp2","massive"
"651",73.5249987530953,5,20,464,923,1412,489,0.354107648725212,1.41643059490085,32.8611898016997,65.3682719546742,"ssp2","massive"
"652",73.5749987522474,2,15,467,918,1402,484,0.14265335235378,1.06990014265335,33.3095577746077,65.4778887303852,"ssp2","massive"
"653",73.6249987513994,1,20,461,910,1392,482,0.0718390804597701,1.4367816091954,33.117816091954,65.3735632183908,"ssp2","massive"
"654",73.6749987505515,1,19,466,905,1391,486,0.0718907260963336,1.36592379583034,33.5010783608914,65.0611071171819,"ssp2","massive"
"655",73.7249987497036,2,17,465,926,1410,484,0.141843971631206,1.20567375886525,32.9787234042553,65.6737588652482,"ssp2","massive"
"656",73.7749987488556,3,11,460,924,1398,474,0.214592274678112,0.786838340486409,32.9041487839771,66.0944206008584,"ssp2","massive"
"657",73.8249987480077,1,8,465,906,1380,474,0.072463768115942,0.579710144927536,33.695652173913,65.6521739130435,"ssp2","massive"
"658",73.8749987471597,1,13,454,913,1381,468,0.0724112961622013,0.941346850108617,32.8747284576394,66.1115133960898,"ssp2","massive"
"659",73.9249987463118,5,13,431,948,1397,449,0.357909806728704,0.930565497494631,30.8518253400143,67.8596993557623,"ssp2","massive"
"660",73.9749987454638,4,9,430,962,1405,443,0.284697508896797,0.640569395017794,30.6049822064057,68.4697508896797,"ssp2","massive"
"661",74.0249987446159,2,11,432,968,1413,445,0.141542816702052,0.778485491861288,30.5732484076433,68.5067232837933,"ssp2","massive"
"662",74.0749987437679,2,20,429,972,1423,451,0.140548137737175,1.40548137737175,30.147575544624,68.306394940267,"ssp2","massive"
"663",74.12499874292,1,21,429,948,1399,451,0.0714796283059328,1.50107219442459,30.6647605432452,67.7626876340243,"ssp2","massive"
"664",74.174998742072,1,26,432,919,1378,459,0.0725689404934688,1.88679245283019,31.3497822931785,66.6908563134978,"ssp2","massive"
"665",74.2249987412241,0,20,435,922,1377,455,0,1.45243282498184,31.5904139433551,66.957153231663,"ssp2","massive"
"666",74.2749987403761,1,18,425,928,1372,444,0.0728862973760933,1.31195335276968,30.9766763848397,67.6384839650146,"ssp2","massive"
"667",74.3249987395282,0,16,429,916,1361,445,0,1.1756061719324,31.5209404849375,67.30345334313,"ssp2","massive"
"668",74.3749987386803,1,15,430,915,1361,446,0.0734753857457752,1.10213078618663,31.5944158706833,67.2299779573843,"ssp2","massive"
"669",74.4249987378323,1,11,430,903,1345,442,0.0743494423791822,0.817843866171004,31.9702602230483,67.1375464684015,"ssp2","massive"
"670",74.4749987369844,1,16,427,895,1339,444,0.0746825989544436,1.1949215832711,31.8894697535474,66.840926064227,"ssp2","massive"
"671",74.5249987361364,1,24,412,916,1353,437,0.073909830007391,1.77383592017738,30.4508499630451,67.7014042867701,"ssp2","massive"
"672",74.5749987352885,0,36,404,903,1343,440,0,2.68056589724497,30.0819061801936,67.2375279225614,"ssp2","massive"
"673",74.6249987344405,1,35,409,908,1353,445,0.073909830007391,2.58684405025868,30.2291204730229,67.110125646711,"ssp2","massive"
"674",74.6749987335926,1,39,402,935,1377,442,0.0726216412490922,2.8322440087146,29.1938997821351,67.9012345679012,"ssp2","massive"
"675",74.7249987327446,3,51,373,941,1368,427,0.219298245614035,3.7280701754386,27.266081871345,68.7865497076023,"ssp2","massive"
"676",74.7749987318967,5,55,371,937,1368,431,0.365497076023392,4.02046783625731,27.1198830409357,68.4941520467836,"ssp2","massive"
"677",74.8249987310488,3,59,370,931,1363,432,0.220102714600147,4.32868672046955,27.1460014673514,68.3052090975789,"ssp2","massive"
"678",74.8749987302008,1,72,345,940,1358,418,0.0736377025036819,5.3019145802651,25.4050073637702,69.219440353461,"ssp2","massive"
"679",74.9249987293529,4,47,332,974,1357,383,0.294767870302137,3.46352247605011,24.4657332350774,71.7759764185704,"ssp2","massive"
"680",74.9749987285049,8,63,292,985,1348,363,0.593471810089021,4.67359050445104,21.6617210682493,73.0712166172107,"ssp2","massive"
"681",75.024998727657,0,75,280,968,1323,355,0,5.66893424036281,21.1640211640212,73.167044595616,"ssp2","massive"
"682",75.074998726809,1,93,280,957,1331,374,0.0751314800901578,6.98722764838467,21.0368144252442,71.900826446281,"ssp2","massive"
"683",75.1249987259611,2,85,294,954,1335,381,0.149812734082397,6.36704119850187,22.0224719101124,71.4606741573034,"ssp2","massive"
"684",75.1749987251131,4,98,300,926,1328,402,0.301204819277108,7.37951807228916,22.5903614457831,69.7289156626506,"ssp2","massive"
"685",75.2249987242652,1,120,301,913,1335,422,0.0749063670411985,8.98876404494382,22.5468164794007,68.3895131086142,"ssp2","massive"
"686",75.2749987234172,1,117,313,896,1327,431,0.0753579502637528,8.81688018085908,23.5870384325546,67.5207234363225,"ssp2","massive"
"687",75.3249987225693,1,111,329,873,1314,441,0.076103500761035,8.44748858447489,25.0380517503805,66.4383561643836,"ssp2","massive"
"688",75.3749987217213,3,115,333,867,1318,451,0.227617602427921,8.72534142640364,25.2655538694992,65.7814871016692,"ssp2","massive"
"689",75.4249987208734,2,128,350,844,1324,480,0.151057401812689,9.66767371601208,26.4350453172205,63.7462235649547,"ssp2","massive"
"690",75.4749987200255,1,114,368,844,1327,483,0.0753579502637528,8.59080633006782,27.731725697061,63.6021100226074,"ssp2","massive"
"691",75.5249987191775,4,115,374,834,1327,493,0.301431801055011,8.66616428033158,28.1838733986436,62.8485305199699,"ssp2","massive"
"692",75.5749987183296,5,103,407,810,1325,515,0.377358490566038,7.77358490566038,30.7169811320755,61.1320754716981,"ssp2","massive"
"693",75.6249987174816,2,81,446,798,1327,529,0.150715900527506,6.10399397136398,33.6096458176338,60.1356443104748,"ssp2","massive"
"694",75.6749987166337,2,56,465,798,1321,523,0.151400454201363,4.23921271763815,35.2006056018168,60.4087812263437,"ssp2","massive"
"695",75.7249987157857,3,51,451,811,1316,505,0.227963525835866,3.87537993920973,34.2705167173252,61.6261398176292,"ssp2","massive"
"696",75.7749987149378,1,46,434,828,1309,481,0.0763941940412529,3.51413292589763,33.1550802139037,63.2543926661574,"ssp2","massive"
"697",75.8249987140898,5,35,454,811,1305,494,0.383141762452107,2.68199233716475,34.7892720306513,62.1455938697318,"ssp2","massive"
"698",75.8749987132419,3,45,478,778,1304,526,0.230061349693252,3.45092024539877,36.6564417177914,59.6625766871166,"ssp2","massive"
"699",75.9249987123939,3,27,509,766,1305,539,0.229885057471264,2.06896551724138,39.0038314176245,58.6973180076628,"ssp2","massive"
"700",75.974998711546,3,39,507,753,1302,549,0.230414746543779,2.99539170506912,38.9400921658986,57.8341013824885,"ssp2","massive"
"701",76.024998710698,3,46,479,772,1300,528,0.230769230769231,3.53846153846154,36.8461538461538,59.3846153846154,"ssp2","massive"
"702",76.0749987098501,2,26,499,764,1291,527,0.154918667699458,2.01394268009295,38.6522075910147,59.1789310611929,"ssp2","massive"
"703",76.1249987090021,1,20,502,768,1291,523,0.0774593338497289,1.54918667699458,38.8845855925639,59.4887683965918,"ssp2","massive"
"704",76.1749987081542,3,7,513,769,1292,523,0.232198142414861,0.541795665634675,39.7058823529412,59.5201238390093,"ssp2","massive"
"705",76.2249987073063,2,7,518,778,1305,527,0.153256704980843,0.53639846743295,39.6934865900383,59.6168582375479,"ssp2","massive"
"706",76.2749987064583,1,13,521,782,1317,535,0.0759301442672741,0.987091875474563,39.5596051632498,59.3773728170084,"ssp2","massive"
"707",76.3249987056104,1,16,537,761,1315,554,0.0760456273764259,1.21673003802281,40.8365019011407,57.8707224334601,"ssp2","massive"
"708",76.3749987047624,1,31,530,762,1324,562,0.0755287009063444,2.34138972809668,40.0302114803625,57.5528700906344,"ssp2","massive"
"709",76.4249987039145,0,85,514,728,1327,599,0,6.40542577241899,38.733986435569,54.8605877920121,"ssp2","massive"
"710",76.4749987030665,0,38,560,720,1318,598,0,2.88315629742033,42.4886191198786,54.6282245827011,"ssp2","massive"
"711",76.5249987022186,0,30,572,721,1323,602,0,2.26757369614512,43.2350718065004,54.4973544973545,"ssp2","massive"
"712",76.5749987013706,1,23,590,702,1316,614,0.0759878419452888,1.74772036474164,44.8328267477204,53.3434650455927,"ssp2","massive"
"713",76.6249987005227,0,35,587,693,1315,622,0,2.6615969581749,44.638783269962,52.6996197718631,"ssp2","massive"
"714",76.6749986996747,1,29,588,698,1316,618,0.0759878419452888,2.20364741641337,44.6808510638298,53.0395136778115,"ssp2","massive"
"715",76.7249986988268,3,20,591,693,1307,614,0.229533282325937,1.53022188217292,45.2180566182096,53.0221882172915,"ssp2","massive"
"716",76.7749986979788,1,31,575,695,1302,607,0.0768049155145929,2.38095238095238,44.1628264208909,53.3794162826421,"ssp2","massive"
"717",76.8249986971309,1,33,576,668,1278,610,0.0782472613458529,2.58215962441315,45.0704225352113,52.2691705790297,"ssp2","massive"
"718",76.874998696283,1,38,564,651,1254,603,0.0797448165869219,3.03030303030303,44.9760765550239,51.9138755980861,"ssp2","massive"
"719",76.924998695435,1,54,563,624,1242,618,0.0805152979066023,4.34782608695652,45.3301127214171,50.2415458937198,"ssp2","massive"
"720",76.9749986945871,0,50,564,625,1239,614,0,4.03551251008878,45.5205811138014,50.4439063761098,"ssp2","massive"
"721",77.0249986937391,2,64,549,613,1228,615,0.162866449511401,5.21172638436482,44.7068403908795,49.9185667752443,"ssp2","massive"
"722",77.0749986928912,6,65,540,611,1222,611,0.490998363338789,5.31914893617021,44.189852700491,50,"ssp2","massive"
"723",77.1249986920432,6,50,559,603,1218,615,0.492610837438424,4.10509031198686,45.8949096880131,49.5073891625616,"ssp2","massive"
"724",77.1749986911953,6,66,537,602,1211,609,0.495458298926507,5.45004128819158,44.3435177539224,49.7109826589595,"ssp2","massive"
"725",77.2249986903473,5,83,510,611,1209,598,0.413564929693962,6.86517783291977,42.1836228287841,50.5376344086022,"ssp2","massive"
"726",77.2749986894994,6,76,503,622,1207,585,0.497100248550124,6.29660314830157,41.6735708367854,51.5327257663629,"ssp2","massive"
"727",77.3249986886514,1,91,462,664,1218,554,0.0821018062397373,7.47126436781609,37.9310344827586,54.5155993431855,"ssp2","massive"
"728",77.3749986878035,2,128,420,681,1231,550,0.16246953696182,10.3980503655565,34.1186027619821,55.3208773354996,"ssp2","massive"
"729",77.4249986869555,2,128,413,675,1218,543,0.164203612479475,10.5090311986864,33.9080459770115,55.4187192118227,"ssp2","massive"
"730",77.4749986861076,1,125,411,669,1206,537,0.0829187396351575,10.3648424543947,34.0796019900498,55.4726368159204,"ssp2","massive"
"731",77.5249986852597,0,142,392,653,1187,534,0,11.9629317607414,33.0244313395114,55.0126368997473,"ssp2","massive"
"732",77.5749986844117,1,128,384,692,1205,513,0.0829875518672199,10.6224066390041,31.8672199170124,57.4273858921162,"ssp2","massive"
"733",77.6249986835638,1,87,422,662,1172,510,0.0853242320819113,7.42320819112628,36.0068259385666,56.4846416382253,"ssp2","massive"
"734",77.6749986827158,0,78,416,664,1158,494,0,6.73575129533679,35.9240069084629,57.3402417962003,"ssp2","massive"
"735",77.7249986818679,0,53,415,703,1171,468,0,4.52604611443211,35.4397950469684,60.0341588385995,"ssp2","massive"
"736",77.7749986810199,1,59,399,710,1169,459,0.0855431993156544,5.04704875962361,34.1317365269461,60.7356715141146,"ssp2","massive"
"737",77.824998680172,1,46,409,714,1170,456,0.0854700854700855,3.93162393162393,34.957264957265,61.025641025641,"ssp2","massive"
"738",77.874998679324,0,58,409,691,1158,467,0,5.00863557858376,35.3195164075993,59.6718480138169,"ssp2","massive"
"739",77.9249986784761,1,55,422,691,1169,478,0.0855431993156544,4.70487596236099,36.0992301112062,59.1103507271172,"ssp2","massive"
"740",77.9749986776282,1,44,443,696,1184,488,0.0844594594594595,3.71621621621622,37.4155405405405,58.7837837837838,"ssp2","massive"
"741",78.0249986767802,5,40,472,669,1186,517,0.421585160202361,3.37268128161889,39.7976391231029,56.4080944350759,"ssp2","massive"
"742",78.0749986759322,0,53,482,635,1170,535,0,4.52991452991453,41.1965811965812,54.2735042735043,"ssp2","massive"
"743",78.1249986750843,1,51,493,642,1187,545,0.08424599831508,4.29654591406908,41.5332771693345,54.0859309182814,"ssp2","massive"
"744",78.1749986742364,2,41,482,686,1211,525,0.165152766308836,3.38563170933113,39.8018166804294,56.6473988439306,"ssp2","massive"
"745",78.2249986733884,1,55,445,699,1200,501,0.0833333333333333,4.58333333333333,37.0833333333333,58.25,"ssp2","massive"
"746",78.2749986725405,1,47,464,680,1192,512,0.0838926174496644,3.94295302013423,38.9261744966443,57.0469798657718,"ssp2","massive"
"747",78.3249986716925,1,43,443,702,1189,487,0.0841042893187553,3.61648444070648,37.2582001682086,59.0412111017662,"ssp2","massive"
"748",78.3749986708446,3,79,408,718,1208,490,0.248344370860927,6.53973509933775,33.7748344370861,59.4370860927152,"ssp2","massive"
"749",78.4249986699966,1,47,417,722,1187,465,0.08424599831508,3.95956192080876,35.1305812973884,60.8256107834878,"ssp2","massive"
"750",78.4749986691487,0,47,436,693,1176,483,0,3.99659863945578,37.0748299319728,58.9285714285714,"ssp2","massive"
"751",78.5249986683007,1,24,463,700,1188,488,0.0841750841750842,2.02020202020202,38.973063973064,58.9225589225589,"ssp2","massive"
"752",78.5749986674528,1,23,441,707,1172,465,0.0853242320819113,1.96245733788396,37.6279863481229,60.3242320819113,"ssp2","massive"
"753",78.6249986666049,6,21,444,691,1162,471,0.516351118760757,1.80722891566265,38.209982788296,59.4664371772806,"ssp2","massive"
"754",78.6749986657569,6,34,454,650,1144,494,0.524475524475524,2.97202797202797,39.6853146853147,56.8181818181818,"ssp2","massive"
"755",78.724998664909,3,16,454,629,1102,473,0.272232304900181,1.4519056261343,41.1978221415608,57.0780399274047,"ssp2","massive"
"756",78.774998664061,3,32,433,632,1100,468,0.272727272727273,2.90909090909091,39.3636363636364,57.4545454545455,"ssp2","massive"
"757",78.8249986632131,5,13,434,649,1101,452,0.454132606721163,1.18074477747502,39.4187102633969,58.9464123524069,"ssp2","massive"
"758",78.8749986623651,6,13,429,652,1100,448,0.545454545454546,1.18181818181818,39,59.2727272727273,"ssp2","massive"
"759",78.9249986615172,5,17,429,685,1136,451,0.440140845070423,1.49647887323944,37.7640845070423,60.2992957746479,"ssp2","massive"
"760",78.9749986606692,3,10,464,674,1151,477,0.260642919200695,0.868809730668984,40.3127715030408,58.5577758470895,"ssp2","massive"
"761",79.0249986598213,10,18,455,652,1135,483,0.881057268722467,1.58590308370044,40.0881057268723,57.4449339207048,"ssp2","massive"
"762",79.0749986589733,3,16,466,633,1118,485,0.268336314847943,1.43112701252236,41.6815742397138,56.6189624329159,"ssp2","massive"
"763",79.1249986581254,15,7,482,623,1127,504,1.33096716947649,0.62111801242236,42.7684117125111,55.2795031055901,"ssp2","massive"
"764",79.1749986572774,15,8,455,661,1139,478,1.31694468832309,0.702370500438982,39.9473222124671,58.0333625987709,"ssp2","massive"
"765",79.2249986564295,6,13,437,667,1123,456,0.534283170080142,1.15761353517364,38.913624220837,59.3944790739092,"ssp2","massive"
"766",79.2749986555816,3,16,447,650,1116,466,0.268817204301075,1.4336917562724,40.0537634408602,58.2437275985663,"ssp2","massive"
"767",79.3249986547336,6,13,455,640,1114,474,0.538599640933573,1.16696588868941,40.8438061041293,57.4506283662478,"ssp2","massive"
"768",79.3749986538857,6,13,457,587,1063,476,0.564440263405456,1.22295390404516,42.9915333960489,55.2210724365005,"ssp2","massive"
"769",79.4249986530377,2,18,451,573,1044,471,0.191570881226054,1.72413793103448,43.1992337164751,54.8850574712644,"ssp2","massive"
"770",79.4749986521898,9,7,445,582,1043,461,0.862895493767977,0.671140939597315,42.6653883029722,55.8005752636625,"ssp2","massive"
"771",79.5249986513418,11,9,431,586,1037,451,1.06075216972035,0.867888138862102,41.5621986499518,56.5091610414658,"ssp2","massive"
"772",79.5749986504939,2,7,444,597,1050,453,0.19047619047619,0.666666666666667,42.2857142857143,56.8571428571429,"ssp2","massive"
"773",79.6249986496459,8,10,447,607,1072,465,0.746268656716418,0.932835820895522,41.6977611940299,56.6231343283582,"ssp2","massive"
"774",79.674998648798,16,8,439,603,1066,463,1.50093808630394,0.75046904315197,41.1819887429644,56.5666041275797,"ssp2","massive"
"775",79.72499864795,15,2,431,626,1074,448,1.39664804469274,0.186219739292365,40.1303538175047,58.2867783985102,"ssp2","massive"
"776",79.7749986471021,6,0,434,596,1036,440,0.579150579150579,0,41.8918918918919,57.5289575289575,"ssp2","massive"
"777",79.8249986462541,2,2,429,588,1021,433,0.19588638589618,0.19588638589618,42.0176297747307,57.590597453477,"ssp2","massive"
"778",79.8749986454062,11,0,432,608,1051,443,1.04662226450999,0,41.1037107516651,57.8496669838249,"ssp2","massive"
"779",79.9249986445582,9,7,464,574,1054,480,0.853889943074004,0.664136622390892,44.022770398482,54.4592030360531,"ssp2","massive"
"780",79.9749986437103,4,1,500,569,1074,505,0.37243947858473,0.0931098696461825,46.5549348230913,52.9795158286778,"ssp2","massive"
"781",80.0249986428624,7,5,504,573,1089,516,0.642791551882461,0.459136822773186,46.2809917355372,52.6170798898072,"ssp2","massive"
"782",80.0749986420144,10,4,484,592,1090,498,0.917431192660551,0.36697247706422,44.4036697247706,54.3119266055046,"ssp2","massive"
"783",80.1249986411665,16,6,480,589,1091,502,1.46654445462878,0.549954170485793,43.9963336388634,53.987167736022,"ssp2","massive"
"784",80.1749986403185,36,6,491,567,1100,533,3.27272727272727,0.545454545454546,44.6363636363636,51.5454545454545,"ssp2","massive"
"785",80.2249986394706,16,5,531,575,1127,552,1.41969831410825,0.443655723158829,47.1162377994676,51.0204081632653,"ssp2","massive"
"786",80.2749986386226,9,1,560,569,1139,570,0.790166812993854,0.0877963125548727,49.1659350307287,49.9561018437226,"ssp2","massive"
"787",80.3249986377747,16,3,586,557,1162,605,1.37693631669535,0.258175559380379,50.4302925989673,47.934595524957,"ssp2","massive"
"788",80.3749986369267,21,2,576,590,1189,599,1.76619007569386,0.168208578637511,48.444070647603,49.6215306980656,"ssp2","massive"
"789",80.4249986360788,41,1,552,597,1191,594,3.44248530646516,0.0839630562552477,46.3476070528967,50.1259445843829,"ssp2","massive"
"790",80.4749986352308,32,8,605,571,1216,645,2.63157894736842,0.657894736842105,49.7532894736842,46.9572368421053,"ssp2","massive"
"791",80.5249986343829,32,23,642,558,1255,697,2.54980079681275,1.83266932270916,51.1553784860558,44.4621513944223,"ssp2","massive"
"792",80.5749986335349,28,24,647,557,1256,699,2.22929936305732,1.91082802547771,51.5127388535032,44.3471337579618,"ssp2","massive"
"793",80.624998632687,14,18,599,603,1234,631,1.13452188006483,1.45867098865478,48.5413290113452,48.8654781199352,"ssp2","massive"
"794",80.6749986318391,6,34,567,605,1212,607,0.495049504950495,2.80528052805281,46.7821782178218,49.9174917491749,"ssp2","massive"
"795",80.7249986309911,5,31,586,588,1210,622,0.413223140495868,2.56198347107438,48.4297520661157,48.595041322314,"ssp2","massive"
"796",80.7749986301432,4,23,588,570,1185,615,0.337552742616034,1.94092827004219,49.620253164557,48.1012658227848,"ssp2","massive"
"797",80.8249986292952,6,24,593,567,1190,623,0.504201680672269,2.01680672268908,49.8319327731092,47.6470588235294,"ssp2","massive"
"798",80.8749986284473,4,10,641,539,1194,655,0.33500837520938,0.837520938023451,53.6850921273032,45.142378559464,"ssp2","massive"
"799",80.9249986275993,3,8,652,539,1202,663,0.249584026622296,0.665557404326123,54.242928452579,44.8419301164725,"ssp2","massive"
"800",80.9749986267514,7,7,658,517,1189,672,0.588730025231287,0.588730025231287,55.340622371741,43.4819175777965,"ssp2","massive"
"801",81.0249986259034,0,0,671,505,1176,671,0,0,57.0578231292517,42.9421768707483,"ssp2","massive"
"802",81.0749986250555,4,3,666,503,1176,673,0.340136054421769,0.255102040816327,56.6326530612245,42.7721088435374,"ssp2","massive"
"803",81.1249986242075,2,4,660,501,1167,666,0.171379605826907,0.342759211653813,56.5552699228792,42.9305912596401,"ssp2","massive"
"804",81.1749986233596,19,1,638,508,1166,658,1.6295025728988,0.0857632933104631,54.7169811320755,43.5677530017153,"ssp2","massive"
"805",81.2249986225116,18,2,611,533,1164,631,1.54639175257732,0.171821305841924,52.4914089347079,45.7903780068728,"ssp2","massive"
"806",81.2749986216637,7,3,594,557,1161,604,0.602928509905254,0.258397932816538,51.1627906976744,47.9758828596038,"ssp2","massive"
"807",81.3249986208158,1,9,559,582,1151,569,0.0868809730668983,0.781928757602085,48.5664639443962,50.5647263249348,"ssp2","massive"
"808",81.3749986199678,21,8,481,646,1156,510,1.81660899653979,0.69204152249135,41.6089965397924,55.8823529411765,"ssp2","massive"
"809",81.4249986191199,4,3,420,768,1195,427,0.334728033472803,0.251046025104602,35.1464435146443,64.2677824267782,"ssp2","massive"
"810",81.4749986182719,1,2,369,859,1231,372,0.0812347684809098,0.16246953696182,29.9756295694557,69.7806661251015,"ssp2","massive"
"811",81.524998617424,0,0,335,906,1241,335,0,0,26.9943593875907,73.0056406124094,"ssp2","massive"
"812",81.574998616576,2,0,322,915,1239,324,0.161420500403551,0,25.9887005649718,73.8498789346247,"ssp2","massive"
"813",81.6249986157281,0,1,306,981,1288,307,0,0.077639751552795,23.7577639751553,76.1645962732919,"ssp2","massive"
"814",81.6749986148801,0,2,288,1020,1310,290,0,0.152671755725191,21.9847328244275,77.8625954198473,"ssp2","massive"
"815",81.7249986140322,0,1,302,1044,1347,303,0,0.0742390497401633,22.4201930215293,77.5055679287305,"ssp2","massive"
"816",81.7749986131843,2,2,294,1089,1387,298,0.144196106705119,0.144196106705119,21.1968276856525,78.5147801009373,"ssp2","massive"
"817",81.8249986123363,0,1,284,1137,1422,285,0,0.070323488045007,19.971870604782,79.957805907173,"ssp2","massive"
"818",81.8749986114884,1,13,246,1199,1459,260,0.0685400959561343,0.891021247429747,16.860863605209,82.1795750514051,"ssp2","massive"
"819",81.9249986106404,0,4,239,1213,1456,243,0,0.274725274725275,16.4148351648352,83.3104395604396,"ssp2","massive"
"820",81.9749986097925,0,23,197,1229,1449,220,0,1.58730158730159,13.5955831608006,84.8171152518979,"ssp2","massive"
"821",82.0249986089445,4,4,184,1325,1517,192,0.2636783124588,0.2636783124588,12.1292023731048,87.3434410019776,"ssp2","massive"
"822",82.0749986080966,2,35,96,1432,1565,133,0.12779552715655,2.23642172523962,6.13418530351438,91.5015974440895,"ssp2","massive"
"823",82.1249986072486,0,5,70,1519,1594,75,0,0.313676286072773,4.39146800501882,95.2948557089084,"ssp2","massive"
"824",82.1749986064007,0,4,58,1494,1556,62,0,0.25706940874036,3.72750642673522,96.0154241645244,"ssp2","massive"
"825",82.2249986055527,0,8,51,1475,1534,59,0,0.521512385919166,3.32464146023468,96.1538461538462,"ssp2","massive"
"826",82.2749986047048,5,0,57,1484,1546,62,0.323415265200517,0,3.6869340232859,95.9896507115136,"ssp2","massive"
"827",82.3249986038568,10,2,60,1469,1541,72,0.648929266709929,0.129785853341986,3.89357560025957,95.3277092796885,"ssp2","massive"
"828",82.3749986030089,0,0,45,1489,1534,45,0,0,2.93350717079531,97.0664928292047,"ssp2","massive"
"829",82.424998602161,1,1,25,1511,1538,27,0.0650195058517555,0.0650195058517555,1.62548764629389,98.2444733420026,"ssp2","massive"
"830",82.474998601313,3,2,19,1544,1568,24,0.191326530612245,0.127551020408163,1.21173469387755,98.469387755102,"ssp2","massive"
"831",82.5249986004651,2,12,12,1543,1569,26,0.127469725940089,0.764818355640535,0.764818355640535,98.3428935627788,"ssp2","massive"
"832",82.5749985996171,2,18,24,1524,1568,44,0.127551020408163,1.14795918367347,1.53061224489796,97.1938775510204,"ssp2","massive"
"833",82.6249985987692,2,5,12,1582,1601,19,0.124921923797626,0.312304809494066,0.749531542785759,98.8132417239225,"ssp2","massive"
"834",82.6749985979212,1,8,4,1585,1598,13,0.0625782227784731,0.500625782227785,0.250312891113892,99.1864831038799,"ssp2","massive"
"835",82.7249985970733,0,5,6,1641,1652,11,0,0.302663438256659,0.36319612590799,99.3341404358354,"ssp2","massive"
"836",82.7749985962253,3,2,5,1638,1648,10,0.182038834951456,0.121359223300971,0.303398058252427,99.3932038834951,"ssp2","massive"
"837",82.8249985953774,0,3,0,1578,1581,3,0,0.189753320683112,0,99.8102466793169,"ssp2","massive"
"838",82.8749985945294,2,0,0,1606,1608,2,0.124378109452736,0,0,99.8756218905473,"ssp2","massive"
"839",82.9249985936815,0,0,0,1652,1652,0,0,0,0,100,"ssp2","massive"
"840",82.9749985928335,0,2,1,1657,1660,3,0,0.120481927710843,0.0602409638554217,99.8192771084337,"ssp2","massive"
"841",41.0249993042603,3,0,4,1351,1358,7,0.220913107511046,0,0.294550810014728,99.4845360824742,"ssp5","massive"
"842",41.0749993034123,4,0,3,1368,1375,7,0.290909090909091,0,0.218181818181818,99.4909090909091,"ssp5","massive"
"843",41.1249993025644,6,0,1,1393,1400,7,0.428571428571429,0,0.0714285714285714,99.5,"ssp5","massive"
"844",41.1749993017164,2,0,3,1426,1431,5,0.139762403913347,0,0.209643605870021,99.6505939902166,"ssp5","massive"
"845",41.2249993008685,5,0,1,1435,1441,6,0.346981263011797,0,0.0693962526023595,99.5836224843858,"ssp5","massive"
"846",41.2749993000205,3,0,2,1442,1447,5,0.207325501036628,0,0.138217000691085,99.6544574982723,"ssp5","massive"
"847",41.3249992991726,3,0,0,1448,1451,3,0.206753962784287,0,0,99.7932460372157,"ssp5","massive"
"848",41.3749992983247,3,0,1,1463,1467,4,0.204498977505113,0,0.0681663258350375,99.7273346966599,"ssp5","massive"
"849",41.4249992974767,3,0,1,1466,1470,4,0.204081632653061,0,0.0680272108843537,99.7278911564626,"ssp5","massive"
"850",41.4749992966288,2,0,1,1469,1472,3,0.135869565217391,0,0.0679347826086956,99.7961956521739,"ssp5","massive"
"851",41.5249992957808,3,0,0,1469,1472,3,0.203804347826087,0,0,99.7961956521739,"ssp5","massive"
"852",41.5749992949329,3,0,0,1467,1470,3,0.204081632653061,0,0,99.7959183673469,"ssp5","massive"
"853",41.6249992940849,2,0,0,1470,1472,2,0.135869565217391,0,0,99.8641304347826,"ssp5","massive"
"854",41.674999293237,4,0,0,1476,1480,4,0.27027027027027,0,0,99.7297297297297,"ssp5","massive"
"855",41.724999292389,2,0,3,1478,1483,5,0.134861766689144,0,0.202292650033715,99.6628455832771,"ssp5","massive"
"856",41.7749992915411,1,0,3,1477,1481,4,0.0675219446320054,0,0.202565833896016,99.729912221472,"ssp5","massive"
"857",41.8249992906931,1,0,4,1478,1483,5,0.0674308833445718,0,0.269723533378287,99.6628455832771,"ssp5","massive"
"858",41.8749992898452,1,0,4,1479,1484,5,0.0673854447439353,0,0.269541778975741,99.6630727762803,"ssp5","massive"
"859",41.9249992889972,1,0,4,1489,1494,5,0.0669344042838019,0,0.267737617135207,99.665327978581,"ssp5","massive"
"860",41.9749992881493,2,0,3,1514,1519,5,0.131665569453588,0,0.197498354180382,99.670836076366,"ssp5","massive"
"861",42.0249992873013,3,0,2,1531,1536,5,0.1953125,0,0.130208333333333,99.6744791666667,"ssp5","massive"
"862",42.0749992864534,1,0,3,1534,1538,4,0.0650195058517555,0,0.195058517555267,99.739921976593,"ssp5","massive"
"863",42.1249992856055,1,0,3,1534,1538,4,0.0650195058517555,0,0.195058517555267,99.739921976593,"ssp5","massive"
"864",42.1749992847575,1,0,3,1534,1538,4,0.0650195058517555,0,0.195058517555267,99.739921976593,"ssp5","massive"
"865",42.2249992839096,0,0,4,1537,1541,4,0,0,0.259571706683971,99.740428293316,"ssp5","massive"
"866",42.2749992830616,3,0,2,1535,1540,5,0.194805194805195,0,0.12987012987013,99.6753246753247,"ssp5","massive"
"867",42.3249992822137,6,0,1,1523,1530,7,0.392156862745098,0,0.065359477124183,99.5424836601307,"ssp5","massive"
"868",42.3749992813657,7,0,1,1526,1534,8,0.45632333767927,0,0.0651890482398957,99.4784876140808,"ssp5","massive"
"869",42.4249992805178,3,0,0,1525,1528,3,0.196335078534031,0,0,99.803664921466,"ssp5","massive"
"870",42.4749992796698,2,0,0,1530,1532,2,0.130548302872063,0,0,99.8694516971279,"ssp5","massive"
"871",42.5249992788219,2,0,0,1529,1531,2,0.130633572828217,0,0,99.8693664271718,"ssp5","massive"
"872",42.5749992779739,7,0,0,1518,1525,7,0.459016393442623,0,0,99.5409836065574,"ssp5","massive"
"873",42.624999277126,7,0,2,1519,1528,9,0.458115183246073,0,0.130890052356021,99.4109947643979,"ssp5","massive"
"874",42.6749992762781,4,0,2,1521,1527,6,0.261951538965291,0,0.130975769482646,99.6070726915521,"ssp5","massive"
"875",42.7249992754301,6,0,0,1512,1518,6,0.395256916996047,0,0,99.604743083004,"ssp5","massive"
"876",42.7749992745822,4,0,1,1503,1508,5,0.26525198938992,0,0.0663129973474801,99.6684350132626,"ssp5","massive"
"877",42.8249992737342,0,0,0,1503,1503,0,0,0,0,100,"ssp5","massive"
"878",42.8749992728863,0,0,0,1504,1504,0,0,0,0,100,"ssp5","massive"
"879",42.9249992720383,0,3,0,1490,1493,3,0,0.200937709310114,0,99.7990622906899,"ssp5","massive"
"880",42.9749992711904,0,2,0,1488,1490,2,0,0.134228187919463,0,99.8657718120805,"ssp5","massive"
"881",43.0249992703424,0,2,1,1489,1492,3,0,0.134048257372654,0.0670241286863271,99.798927613941,"ssp5","massive"
"882",43.0749992694945,0,5,3,1480,1488,8,0,0.336021505376344,0.201612903225806,99.4623655913979,"ssp5","massive"
"883",43.1249992686465,5,9,4,1447,1465,18,0.341296928327645,0.614334470989761,0.273037542662116,98.7713310580205,"ssp5","massive"
"884",43.1749992677986,7,6,1,1439,1453,14,0.481761871988988,0.412938747419133,0.0688231245698555,99.036476256022,"ssp5","massive"
"885",43.2249992669506,10,4,6,1430,1450,20,0.689655172413793,0.275862068965517,0.413793103448276,98.6206896551724,"ssp5","massive"
"886",43.2749992661027,10,3,6,1420,1439,19,0.694927032661571,0.208478109798471,0.416956219596942,98.679638637943,"ssp5","massive"
"887",43.3249992652548,11,7,9,1423,1450,27,0.758620689655172,0.482758620689655,0.620689655172414,98.1379310344828,"ssp5","massive"
"888",43.3749992644068,6,5,10,1423,1444,21,0.415512465373961,0.346260387811634,0.692520775623269,98.5457063711911,"ssp5","massive"
"889",43.4249992635589,6,9,11,1434,1460,26,0.410958904109589,0.616438356164384,0.753424657534247,98.2191780821918,"ssp5","massive"
"890",43.4749992627109,11,3,8,1434,1456,22,0.755494505494505,0.206043956043956,0.549450549450549,98.489010989011,"ssp5","massive"
"891",43.524999261863,8,3,11,1435,1457,22,0.549073438572409,0.205902539464653,0.754975978037062,98.4900480439259,"ssp5","massive"
"892",43.574999261015,7,4,12,1453,1476,23,0.474254742547425,0.2710027100271,0.813008130081301,98.4417344173442,"ssp5","massive"
"893",43.6249992601671,8,7,11,1462,1488,26,0.537634408602151,0.470430107526882,0.739247311827957,98.252688172043,"ssp5","massive"
"894",43.6749992593191,9,16,12,1454,1491,37,0.603621730382294,1.07310529845741,0.804828973843058,97.5184439973172,"ssp5","massive"
"895",43.7249992584712,4,15,18,1458,1495,37,0.267558528428094,1.00334448160535,1.20401337792642,97.5250836120401,"ssp5","massive"
"896",43.7749992576232,8,15,25,1444,1492,48,0.536193029490617,1.00536193029491,1.67560321715818,96.7828418230563,"ssp5","massive"
"897",43.8249992567753,10,12,12,1454,1488,34,0.672043010752688,0.806451612903226,0.806451612903226,97.7150537634409,"ssp5","massive"
"898",43.8749992559273,9,14,16,1443,1482,39,0.607287449392713,0.944669365721997,1.07962213225371,97.3684210526316,"ssp5","massive"
"899",43.9249992550794,7,17,15,1437,1476,39,0.474254742547425,1.15176151761518,1.01626016260163,97.3577235772358,"ssp5","massive"
"900",43.9749992542315,5,12,8,1452,1477,25,0.3385240352065,0.812457684495599,0.541638456330399,98.3073798239675,"ssp5","massive"
"901",44.0249992533835,5,14,9,1444,1472,28,0.339673913043478,0.951086956521739,0.611413043478261,98.0978260869565,"ssp5","massive"
"902",44.0749992525356,4,7,4,1450,1465,15,0.273037542662116,0.477815699658703,0.273037542662116,98.9761092150171,"ssp5","massive"
"903",44.1249992516876,1,6,3,1455,1465,10,0.068259385665529,0.409556313993174,0.204778156996587,99.3174061433447,"ssp5","massive"
"904",44.1749992508397,0,12,4,1442,1458,16,0,0.823045267489712,0.274348422496571,98.9026063100137,"ssp5","massive"
"905",44.2249992499917,0,14,6,1434,1454,20,0,0.962861072902338,0.412654745529574,98.6244841815681,"ssp5","massive"
"906",44.2749992491438,1,14,1,1437,1453,16,0.0688231245698555,0.963523743977977,0.0688231245698555,98.8988300068823,"ssp5","massive"
"907",44.3249992482958,0,12,2,1428,1442,14,0,0.832177531206657,0.13869625520111,99.0291262135922,"ssp5","massive"
"908",44.3749992474479,0,19,6,1408,1433,25,0,1.32588974180042,0.418702023726448,98.2554082344731,"ssp5","massive"
"909",44.4249992465999,0,13,7,1389,1409,20,0,0.92264017033357,0.49680624556423,98.5805535841022,"ssp5","massive"
"910",44.474999245752,3,19,5,1380,1407,27,0.213219616204691,1.35039090262971,0.355366027007818,98.0810234541578,"ssp5","massive"
"911",44.5249992449041,2,19,13,1362,1396,34,0.143266475644699,1.36103151862464,0.931232091690544,97.5644699140401,"ssp5","massive"
"912",44.5749992440561,1,16,7,1365,1389,24,0.0719942404607631,1.15190784737221,0.503959683225342,98.2721382289417,"ssp5","massive"
"913",44.6249992432082,0,12,8,1370,1390,20,0,0.863309352517986,0.575539568345324,98.5611510791367,"ssp5","massive"
"914",44.6749992423602,1,14,3,1366,1384,18,0.0722543352601156,1.01156069364162,0.216763005780347,98.6994219653179,"ssp5","massive"
"915",44.7249992415123,1,14,4,1358,1377,19,0.0726216412490922,1.01670297748729,0.290486564996369,98.6201888162672,"ssp5","massive"
"916",44.7749992406643,0,15,2,1350,1367,17,0,1.09729334308705,0.146305779078274,98.7564008778347,"ssp5","massive"
"917",44.8249992398164,0,6,2,1339,1347,8,0,0.44543429844098,0.148478099480327,99.4060876020787,"ssp5","massive"
"918",44.8749992389684,0,11,0,1330,1341,11,0,0.820283370618941,0,99.179716629381,"ssp5","massive"
"919",44.9249992381205,0,9,0,1327,1336,9,0,0.673652694610778,0,99.3263473053892,"ssp5","massive"
"920",44.9749992372725,0,13,0,1315,1328,13,0,0.978915662650602,0,99.0210843373494,"ssp5","massive"
"921",45.0249992364246,0,12,0,1310,1322,12,0,0.907715582450832,0,99.0922844175492,"ssp5","massive"
"922",45.0749992355766,0,9,0,1298,1307,9,0,0.688599846977812,0,99.3114001530222,"ssp5","massive"
"923",45.1249992347287,0,5,0,1287,1292,5,0,0.386996904024768,0,99.6130030959752,"ssp5","massive"
"924",45.1749992338807,0,8,0,1279,1287,8,0,0.621600621600622,0,99.3783993783994,"ssp5","massive"
"925",45.2249992330328,1,8,0,1275,1284,9,0.0778816199376947,0.623052959501558,0,99.2990654205608,"ssp5","massive"
"926",45.2749992321849,0,6,0,1282,1288,6,0,0.46583850931677,0,99.5341614906832,"ssp5","massive"
"927",45.3249992313369,0,11,0,1274,1285,11,0,0.856031128404669,0,99.1439688715953,"ssp5","massive"
"928",45.374999230489,0,11,0,1273,1284,11,0,0.856697819314642,0,99.1433021806854,"ssp5","massive"
"929",45.424999229641,0,14,0,1275,1289,14,0,1.08611326609775,0,98.9138867339022,"ssp5","massive"
"930",45.4749992287931,0,9,0,1294,1303,9,0,0.69071373752878,0,99.3092862624712,"ssp5","massive"
"931",45.5249992279451,0,5,0,1301,1306,5,0,0.382848392036753,0,99.6171516079633,"ssp5","massive"
"932",45.5749992270972,0,6,0,1304,1310,6,0,0.458015267175573,0,99.5419847328244,"ssp5","massive"
"933",45.6249992262492,0,0,0,1307,1307,0,0,0,0,100,"ssp5","massive"
"934",45.6749992254013,0,0,1,1302,1303,1,0,0,0.0767459708365311,99.9232540291635,"ssp5","massive"
"935",45.7249992245533,1,0,2,1296,1299,3,0.0769822940723634,0,0.153964588144727,99.7690531177829,"ssp5","massive"
"936",45.7749992237054,1,0,0,1302,1303,1,0.0767459708365311,0,0,99.9232540291635,"ssp5","massive"
"937",45.8249992228574,0,0,1,1302,1303,1,0,0,0.0767459708365311,99.9232540291635,"ssp5","massive"
"938",45.8749992220095,1,0,0,1309,1310,1,0.0763358778625954,0,0,99.9236641221374,"ssp5","massive"
"939",45.9249992211616,0,0,0,1309,1309,0,0,0,0,100,"ssp5","massive"
"940",45.9749992203136,1,0,0,1305,1306,1,0.0765696784073507,0,0,99.9234303215927,"ssp5","massive"
"941",46.0249992194657,0,0,0,1303,1303,0,0,0,0,100,"ssp5","massive"
"942",46.0749992186177,0,0,0,1307,1307,0,0,0,0,100,"ssp5","massive"
"943",46.1249992177698,2,2,0,1286,1290,4,0.155038759689922,0.155038759689922,0,99.6899224806202,"ssp5","massive"
"944",46.1749992169218,0,3,0,1275,1278,3,0,0.234741784037559,0,99.7652582159624,"ssp5","massive"
"945",46.2249992160739,0,0,0,1274,1274,0,0,0,0,100,"ssp5","massive"
"946",46.2749992152259,4,0,0,1261,1265,4,0.316205533596838,0,0,99.6837944664032,"ssp5","massive"
"947",46.324999214378,0,0,2,1254,1256,2,0,0,0.159235668789809,99.8407643312102,"ssp5","massive"
"948",46.37499921353,0,0,1,1249,1250,1,0,0,0.08,99.92,"ssp5","massive"
"949",46.4249992126821,1,0,6,1235,1242,7,0.0805152979066023,0,0.483091787439614,99.4363929146538,"ssp5","massive"
"950",46.4749992118342,1,0,2,1229,1232,3,0.0811688311688312,0,0.162337662337662,99.7564935064935,"ssp5","massive"
"951",46.5249992109862,0,1,3,1229,1233,4,0,0.08110300081103,0.24330900243309,99.6755879967559,"ssp5","massive"
"952",46.5749992101383,0,3,3,1226,1232,6,0,0.243506493506494,0.243506493506494,99.512987012987,"ssp5","massive"
"953",46.6249992092903,1,0,5,1205,1211,6,0.0825763831544178,0,0.412881915772089,99.5045417010735,"ssp5","massive"
"954",46.6749992084424,1,4,3,1188,1196,8,0.0836120401337793,0.334448160535117,0.250836120401338,99.3311036789298,"ssp5","massive"
"955",46.7249992075944,0,6,4,1181,1191,10,0,0.503778337531486,0.335852225020991,99.1603694374475,"ssp5","massive"
"956",46.7749992067465,2,4,4,1172,1182,10,0.169204737732657,0.338409475465313,0.338409475465313,99.1539763113367,"ssp5","massive"
"957",46.8249992058985,3,3,9,1153,1168,15,0.256849315068493,0.256849315068493,0.770547945205479,98.7157534246575,"ssp5","massive"
"958",46.8749992050506,1,2,13,1152,1168,16,0.0856164383561644,0.171232876712329,1.11301369863014,98.6301369863014,"ssp5","massive"
"959",46.9249992042026,5,5,11,1135,1156,21,0.432525951557093,0.432525951557093,0.951557093425606,98.1833910034602,"ssp5","massive"
"960",46.9749992033547,10,3,7,1133,1153,20,0.867302688638335,0.2601908065915,0.607111882046834,98.2653946227233,"ssp5","massive"
"961",47.0249992025067,4,3,7,1140,1154,14,0.346620450606586,0.259965337954939,0.606585788561525,98.786828422877,"ssp5","massive"
"962",47.0749992016588,5,0,13,1137,1155,18,0.432900432900433,0,1.12554112554113,98.4415584415584,"ssp5","massive"
"963",47.1249992008109,1,1,14,1129,1145,16,0.0873362445414847,0.0873362445414847,1.22270742358079,98.6026200873362,"ssp5","massive"
"964",47.1749991999629,1,0,13,1121,1135,14,0.0881057268722467,0,1.14537444933921,98.7665198237885,"ssp5","massive"
"965",47.224999199115,1,0,5,1125,1131,6,0.0884173297966401,0,0.442086648983201,99.4694960212202,"ssp5","massive"
"966",47.274999198267,0,0,2,1121,1123,2,0,0,0.178094390026714,99.8219056099733,"ssp5","massive"
"967",47.3249991974191,0,0,7,1109,1116,7,0,0,0.627240143369176,99.3727598566308,"ssp5","massive"
"968",47.3749991965711,1,2,7,1100,1110,10,0.0900900900900901,0.18018018018018,0.630630630630631,99.0990990990991,"ssp5","massive"
"969",47.4249991957232,4,0,4,1105,1113,8,0.359389038634322,0,0.359389038634322,99.2812219227314,"ssp5","massive"
"970",47.4749991948752,0,0,5,1102,1107,5,0,0,0.4516711833785,99.5483288166215,"ssp5","massive"
"971",47.5249991940273,0,1,1,1103,1105,2,0,0.0904977375565611,0.0904977375565611,99.8190045248869,"ssp5","massive"
"972",47.5749991931793,1,2,5,1092,1100,8,0.0909090909090909,0.181818181818182,0.454545454545455,99.2727272727273,"ssp5","massive"
"973",47.6249991923314,4,1,12,1038,1055,17,0.37914691943128,0.0947867298578199,1.13744075829384,98.3886255924171,"ssp5","massive"
"974",47.6749991914835,2,2,5,1024,1033,9,0.193610842207164,0.193610842207164,0.484027105517909,99.1287512100678,"ssp5","massive"
"975",47.7249991906355,0,0,7,1018,1025,7,0,0,0.682926829268293,99.3170731707317,"ssp5","massive"
"976",47.7749991897876,0,0,10,1004,1014,10,0,0,0.986193293885602,99.0138067061144,"ssp5","massive"
"977",47.8249991889396,2,1,11,988,1002,14,0.199600798403194,0.0998003992015968,1.09780439121757,98.6027944111776,"ssp5","massive"
"978",47.8749991880917,0,0,11,987,998,11,0,0,1.10220440881764,98.8977955911824,"ssp5","massive"
"979",47.9249991872437,1,0,5,986,992,6,0.100806451612903,0,0.504032258064516,99.3951612903226,"ssp5","massive"
"980",47.9749991863958,2,0,7,982,991,9,0.201816347124117,0,0.70635721493441,99.0918264379415,"ssp5","massive"
"981",48.0249991855478,2,1,11,977,991,14,0.201816347124117,0.100908173562059,1.10998990918264,98.5872855701312,"ssp5","massive"
"982",48.0749991846999,1,1,14,981,997,16,0.100300902708124,0.100300902708124,1.40421263791374,98.39518555667,"ssp5","massive"
"983",48.1249991838519,0,0,14,989,1003,14,0,0,1.39581256231306,98.6041874376869,"ssp5","massive"
"984",48.174999183004,0,1,14,991,1006,15,0,0.099403578528827,1.39165009940358,98.5089463220676,"ssp5","massive"
"985",48.224999182156,0,2,20,983,1005,22,0,0.199004975124378,1.99004975124378,97.8109452736318,"ssp5","massive"
"986",48.2749991813081,1,2,23,975,1001,26,0.0999000999000999,0.1998001998002,2.2977022977023,97.4025974025974,"ssp5","massive"
"987",48.3249991804601,1,2,24,975,1002,27,0.0998003992015968,0.199600798403194,2.39520958083832,97.3053892215569,"ssp5","massive"
"988",48.3749991796122,1,2,35,960,998,38,0.100200400801603,0.200400801603206,3.50701402805611,96.1923847695391,"ssp5","massive"
"989",48.4249991787643,1,6,28,961,996,35,0.100401606425703,0.602409638554217,2.81124497991968,96.4859437751004,"ssp5","massive"
"990",48.4749991779163,0,5,14,977,996,19,0,0.502008032128514,1.40562248995984,98.0923694779116,"ssp5","massive"
"991",48.5249991770684,1,6,10,976,993,17,0.100704934541793,0.604229607250755,1.00704934541793,98.2880161127895,"ssp5","massive"
"992",48.5749991762204,2,1,14,985,1002,17,0.199600798403194,0.0998003992015968,1.39720558882236,98.3033932135729,"ssp5","massive"
"993",48.6249991753725,2,3,18,1000,1023,23,0.195503421309873,0.293255131964809,1.75953079178886,97.7517106549365,"ssp5","massive"
"994",48.6749991745245,0,1,12,1029,1042,13,0,0.0959692898272553,1.15163147792706,98.7523992322457,"ssp5","massive"
"995",48.7249991736766,2,1,18,1041,1062,21,0.188323917137476,0.0941619585687382,1.69491525423729,98.0225988700565,"ssp5","massive"
"996",48.7749991728286,2,2,26,1033,1063,30,0.188146754468485,0.188146754468485,2.44590780809031,97.1777986829727,"ssp5","massive"
"997",48.8249991719807,4,1,24,1039,1068,29,0.374531835205993,0.0936329588014981,2.24719101123596,97.2846441947566,"ssp5","massive"
"998",48.8749991711327,2,3,21,1050,1076,26,0.185873605947955,0.278810408921933,1.95167286245353,97.5836431226766,"ssp5","massive"
"999",48.9249991702848,6,7,16,1047,1076,29,0.557620817843866,0.650557620817844,1.48698884758364,97.3048327137546,"ssp5","massive"
"1000",48.9749991694368,9,1,27,1040,1077,37,0.835654596100279,0.0928505106778087,2.50696378830084,96.5645311049211,"ssp5","massive"
"1001",49.0249991685889,10,4,23,1039,1076,37,0.929368029739777,0.371747211895911,2.13754646840149,96.5613382899628,"ssp5","massive"
"1002",49.074999167741,10,6,18,1039,1073,34,0.931966449207828,0.559179869524697,1.67753960857409,96.8313140726934,"ssp5","massive"
"1003",49.124999166893,7,4,31,1037,1079,42,0.648748841519926,0.370713623725672,2.87303058387396,96.1075069508804,"ssp5","massive"
"1004",49.1749991660451,3,2,34,1037,1076,39,0.278810408921933,0.185873605947955,3.15985130111524,96.3754646840149,"ssp5","massive"
"1005",49.2249991651971,2,1,36,1031,1070,39,0.186915887850467,0.0934579439252337,3.36448598130841,96.3551401869159,"ssp5","massive"
"1006",49.2749991643492,3,1,36,1034,1074,40,0.279329608938547,0.0931098696461825,3.35195530726257,96.2756052141527,"ssp5","massive"
"1007",49.3249991635012,4,0,20,1067,1091,24,0.366636113657195,0,1.83318056828598,97.8001833180568,"ssp5","massive"
"1008",49.3749991626533,1,0,14,1096,1111,15,0.09000900090009,0,1.26012601260126,98.6498649864986,"ssp5","massive"
"1009",49.4249991618053,2,1,19,1097,1119,22,0.178731009830206,0.0893655049151028,1.69794459338695,98.0339588918677,"ssp5","massive"
"1010",49.4749991609574,1,2,22,1110,1135,25,0.0881057268722467,0.176211453744493,1.93832599118943,97.7973568281938,"ssp5","massive"
"1011",49.5249991601094,1,1,16,1121,1139,18,0.0877963125548727,0.0877963125548727,1.40474100087796,98.4196663740123,"ssp5","massive"
"1012",49.5749991592615,1,0,24,1115,1140,25,0.087719298245614,0,2.10526315789474,97.8070175438597,"ssp5","massive"
"1013",49.6249991584136,4,3,29,1106,1142,36,0.350262697022767,0.262697022767075,2.53940455341506,96.8476357267951,"ssp5","massive"
"1014",49.6749991575656,7,2,27,1113,1149,36,0.609225413402959,0.174064403829417,2.34986945169713,96.8668407310705,"ssp5","massive"
"1015",49.7249991567177,1,7,11,1145,1164,19,0.0859106529209622,0.601374570446735,0.945017182130584,98.3676975945017,"ssp5","massive"
"1016",49.7749991558697,1,9,13,1148,1171,23,0.085397096498719,0.768573868488471,1.11016225448335,98.0358667805295,"ssp5","massive"
"1017",49.8249991550218,0,3,7,1162,1172,10,0,0.255972696245734,0.597269624573379,99.1467576791809,"ssp5","massive"
"1018",49.8749991541738,0,6,10,1162,1178,16,0,0.509337860780985,0.848896434634975,98.641765704584,"ssp5","massive"
"1019",49.9249991533259,1,7,8,1167,1183,16,0.084530853761623,0.591715976331361,0.676246830092984,98.647506339814,"ssp5","massive"
"1020",49.9749991524779,0,6,8,1177,1191,14,0,0.503778337531486,0.671704450041982,98.8245172124265,"ssp5","massive"
"1021",50.02499915163,0,2,9,1186,1197,11,0,0.167084377610693,0.75187969924812,99.0810359231412,"ssp5","massive"
"1022",50.074999150782,0,2,8,1187,1197,10,0,0.167084377610693,0.668337510442774,99.1645781119465,"ssp5","massive"
"1023",50.1249991499341,0,0,11,1184,1195,11,0,0,0.920502092050209,99.0794979079498,"ssp5","massive"
"1024",50.1749991490861,1,1,7,1188,1197,9,0.0835421888053467,0.0835421888053467,0.584795321637427,99.2481203007519,"ssp5","massive"
"1025",50.2249991482382,0,4,9,1183,1196,13,0,0.334448160535117,0.752508361204013,98.9130434782609,"ssp5","massive"
"1026",50.2749991473903,4,3,9,1177,1193,16,0.335289186923722,0.251466890192791,0.754400670578374,98.6588432523051,"ssp5","massive"
"1027",50.3249991465423,4,1,9,1170,1184,14,0.337837837837838,0.0844594594594595,0.760135135135135,98.8175675675676,"ssp5","massive"
"1028",50.3749991456944,3,0,20,1150,1173,23,0.255754475703325,0,1.70502983802217,98.0392156862745,"ssp5","massive"
"1029",50.4249991448464,5,1,30,1139,1175,36,0.425531914893617,0.0851063829787234,2.5531914893617,96.936170212766,"ssp5","massive"
"1030",50.4749991439985,6,4,27,1132,1169,37,0.513259195893926,0.342172797262618,2.30966638152267,96.8349016253208,"ssp5","massive"
"1031",50.5249991431505,4,4,26,1135,1169,34,0.342172797262618,0.342172797262618,2.22412318220701,97.0915312232678,"ssp5","massive"
"1032",50.5749991423026,0,4,25,1140,1169,29,0,0.342172797262618,2.13857998289136,97.519247219846,"ssp5","massive"
"1033",50.6249991414546,6,1,27,1120,1154,34,0.519930675909879,0.0866551126516464,2.33968804159445,97.053726169844,"ssp5","massive"
"1034",50.6749991406067,7,4,21,1109,1141,32,0.613496932515337,0.35056967572305,1.84049079754601,97.1954425942156,"ssp5","massive"
"1035",50.7249991397587,10,6,11,1102,1129,27,0.885739592559788,0.531443755535872,0.974313551815766,97.6085031000886,"ssp5","massive"
"1036",50.7749991389108,0,4,8,1106,1118,12,0,0.35778175313059,0.715563506261181,98.9266547406082,"ssp5","massive"
"1037",50.8249991380629,1,4,7,1084,1096,12,0.0912408759124088,0.364963503649635,0.638686131386861,98.9051094890511,"ssp5","massive"
"1038",50.8749991372149,0,4,7,1077,1088,11,0,0.367647058823529,0.643382352941176,98.9889705882353,"ssp5","massive"
"1039",50.924999136367,0,7,7,1068,1082,14,0,0.646950092421442,0.646950092421442,98.7060998151571,"ssp5","massive"
"1040",50.974999135519,1,6,8,1067,1082,15,0.0924214417744917,0.55452865064695,0.739371534195933,98.6136783733826,"ssp5","massive"
"1041",51.0249991346711,0,1,14,1077,1092,15,0,0.0915750915750916,1.28205128205128,98.6263736263736,"ssp5","massive"
"1042",51.0749991338231,1,6,20,1067,1094,27,0.0914076782449726,0.548446069469835,1.82815356489945,97.5319926873857,"ssp5","massive"
"1043",51.1249991329752,2,6,19,1065,1092,27,0.183150183150183,0.549450549450549,1.73992673992674,97.5274725274725,"ssp5","massive"
"1044",51.1749991321272,1,2,25,1065,1093,28,0.0914913083257091,0.182982616651418,2.28728270814273,97.4382433668801,"ssp5","massive"
"1045",51.2249991312793,2,3,14,1098,1117,19,0.17905102954342,0.26857654431513,1.25335720680394,98.2990152193375,"ssp5","massive"
"1046",51.2749991304313,1,2,14,1109,1126,17,0.088809946714032,0.177619893428064,1.24333925399645,98.4902309058615,"ssp5","massive"
"1047",51.3249991295834,0,2,19,1101,1122,21,0,0.17825311942959,1.69340463458111,98.1283422459893,"ssp5","massive"
"1048",51.3749991287354,2,7,22,1098,1129,31,0.177147918511957,0.620017714791851,1.94862710363153,97.2542072630647,"ssp5","massive"
"1049",51.4249991278875,9,9,26,1083,1127,44,0.798580301685892,0.798580301685892,2.30700976042591,96.0958296362023,"ssp5","massive"
"1050",51.4749991270396,5,5,19,1088,1117,29,0.44762757385855,0.44762757385855,1.70098478066249,97.4037600716204,"ssp5","massive"
"1051",51.5249991261916,6,9,15,1075,1105,30,0.542986425339366,0.81447963800905,1.35746606334842,97.2850678733032,"ssp5","massive"
"1052",51.5749991253437,8,5,24,1049,1086,37,0.736648250460405,0.460405156537753,2.20994475138122,96.5930018416206,"ssp5","massive"
"1053",51.6249991244957,4,9,32,1040,1085,45,0.368663594470046,0.829493087557604,2.94930875576037,95.852534562212,"ssp5","massive"
"1054",51.6749991236478,8,10,27,1024,1069,45,0.748362956033676,0.935453695042095,2.52572497661366,95.7904583723106,"ssp5","massive"
"1055",51.7249991227998,5,4,23,1022,1054,32,0.47438330170778,0.379506641366224,2.18216318785579,96.9639468690702,"ssp5","massive"
"1056",51.7749991219519,3,5,18,1022,1048,26,0.286259541984733,0.477099236641221,1.7175572519084,97.5190839694656,"ssp5","massive"
"1057",51.8249991211039,4,4,17,1007,1032,25,0.387596899224806,0.387596899224806,1.64728682170543,97.577519379845,"ssp5","massive"
"1058",51.874999120256,5,3,16,997,1021,24,0.489715964740451,0.29382957884427,1.56709108716944,97.6493633692458,"ssp5","massive"
"1059",51.924999119408,3,6,12,998,1019,21,0.294406280667321,0.588812561334642,1.17762512266928,97.9391560353288,"ssp5","massive"
"1060",51.9749991185601,3,9,11,994,1017,23,0.294985250737463,0.884955752212389,1.08161258603736,97.7384464110128,"ssp5","massive"
"1061",52.0249991177121,7,12,8,994,1021,27,0.685602350636631,1.17531831537708,0.783545543584721,97.3555337904016,"ssp5","massive"
"1062",52.0749991168642,8,14,6,1000,1028,28,0.778210116731518,1.36186770428016,0.583657587548638,97.2762645914397,"ssp5","massive"
"1063",52.1249991160163,4,13,11,991,1019,28,0.392541707556428,1.27576054955839,1.07948969578018,97.252208047105,"ssp5","massive"
"1064",52.1749991151683,5,14,12,978,1009,31,0.495540138751239,1.38751238850347,1.18929633300297,96.9276511397423,"ssp5","massive"
"1065",52.2249991143204,7,20,11,964,1002,38,0.698602794411178,1.99600798403194,1.09780439121757,96.2075848303393,"ssp5","massive"
"1066",52.2749991134724,9,17,19,971,1016,45,0.885826771653543,1.67322834645669,1.87007874015748,95.5708661417323,"ssp5","massive"
"1067",52.3249991126245,8,19,23,971,1021,50,0.783545543584721,1.86092066601371,2.25269343780607,95.1028403525955,"ssp5","massive"
"1068",52.3749991117765,6,17,27,968,1018,50,0.589390962671906,1.66994106090373,2.65225933202358,95.0884086444008,"ssp5","massive"
"1069",52.4249991109286,5,16,25,969,1015,46,0.492610837438424,1.57635467980296,2.46305418719212,95.4679802955665,"ssp5","massive"
"1070",52.4749991100806,4,16,28,974,1022,48,0.391389432485323,1.56555772994129,2.73972602739726,95.3033268101761,"ssp5","massive"
"1071",52.5249991092327,3,25,27,972,1027,55,0.292112950340798,2.43427458617332,2.62901655306719,94.6445959104187,"ssp5","massive"
"1072",52.5749991083847,2,21,40,958,1021,63,0.19588638589618,2.05680705190989,3.9177277179236,93.8295788442703,"ssp5","massive"
"1073",52.6249991075368,4,27,42,947,1020,73,0.392156862745098,2.64705882352941,4.11764705882353,92.843137254902,"ssp5","massive"
"1074",52.6749991066888,6,23,41,952,1022,70,0.587084148727984,2.25048923679061,4.01174168297456,93.1506849315068,"ssp5","massive"
"1075",52.7249991058409,11,24,36,956,1027,71,1.07108081791626,2.33690360272639,3.50535540408958,93.0866601752678,"ssp5","massive"
"1076",52.774999104993,6,27,33,965,1031,66,0.5819592628516,2.6188166828322,3.2007759456838,93.5984481086324,"ssp5","massive"
"1077",52.824999104145,6,23,47,954,1030,76,0.58252427184466,2.23300970873786,4.5631067961165,92.621359223301,"ssp5","massive"
"1078",52.8749991032971,11,22,59,939,1031,92,1.06692531522793,2.13385063045587,5.72259941804074,91.0766246362755,"ssp5","massive"
"1079",52.9249991024491,7,20,68,942,1037,95,0.675024108003857,1.92864030858245,6.55737704918033,90.8389585342334,"ssp5","massive"
"1080",52.9749991016012,12,18,85,942,1057,115,1.1352885525071,1.70293282876064,8.04162724692526,89.120151371807,"ssp5","massive"
"1081",53.0249991007532,19,20,82,942,1063,121,1.78739416745061,1.88146754468485,7.7140169332079,88.6171213546566,"ssp5","massive"
"1082",53.0749990999053,9,21,86,944,1060,116,0.849056603773585,1.9811320754717,8.11320754716981,89.0566037735849,"ssp5","massive"
"1083",53.1249990990573,20,10,100,932,1062,130,1.88323917137476,0.941619585687382,9.41619585687382,87.758945386064,"ssp5","massive"
"1084",53.1749990982094,22,5,102,939,1068,129,2.05992509363296,0.468164794007491,9.55056179775281,87.9213483146067,"ssp5","massive"
"1085",53.2249990973614,19,4,106,935,1064,129,1.78571428571429,0.37593984962406,9.96240601503759,87.8759398496241,"ssp5","massive"
"1086",53.2749990965135,26,6,86,948,1066,118,2.4390243902439,0.562851782363977,8.06754221388368,88.9305816135084,"ssp5","massive"
"1087",53.3249990956655,28,3,90,966,1087,121,2.57589696412144,0.275988960441582,8.27966881324747,88.8684452621895,"ssp5","massive"
"1088",53.3749990948176,22,2,98,962,1084,122,2.02952029520295,0.18450184501845,9.04059040590406,88.7453874538745,"ssp5","massive"
"1089",53.4249990939697,20,5,81,993,1099,106,1.81983621474067,0.454959053685168,7.37033666969973,90.3548680618744,"ssp5","massive"
"1090",53.4749990931217,12,3,92,1010,1117,107,1.07430617726052,0.26857654431513,8.23634735899731,90.420769919427,"ssp5","massive"
"1091",53.5249990922738,17,6,90,1009,1122,113,1.51515151515152,0.53475935828877,8.02139037433155,89.9286987522282,"ssp5","massive"
"1092",53.5749990914258,18,1,105,1002,1126,124,1.59857904085258,0.088809946714032,9.32504440497336,88.98756660746,"ssp5","massive"
"1093",53.6249990905779,14,6,100,1033,1153,120,1.21422376409367,0.520381613183001,8.67302688638335,89.59236773634,"ssp5","massive"
"1094",53.6749990897299,9,7,84,1057,1157,100,0.777873811581677,0.605012964563526,7.26015557476232,91.3569576490925,"ssp5","massive"
"1095",53.724999088882,16,4,87,1063,1170,107,1.36752136752137,0.341880341880342,7.43589743589744,90.8547008547009,"ssp5","massive"
"1096",53.774999088034,15,8,89,1062,1174,112,1.27768313458262,0.681431005110733,7.5809199318569,90.4599659284497,"ssp5","massive"
"1097",53.8249990871861,21,4,92,1068,1185,117,1.77215189873418,0.337552742616034,7.76371308016878,90.126582278481,"ssp5","massive"
"1098",53.8749990863381,24,4,87,1087,1202,115,1.99667221297837,0.332778702163062,7.23793677204659,90.432612312812,"ssp5","massive"
"1099",53.9249990854902,10,3,84,1099,1196,97,0.836120401337793,0.250836120401338,7.02341137123746,91.8896321070234,"ssp5","massive"
"1100",53.9749990846422,5,6,76,1122,1209,87,0.413564929693962,0.496277915632754,6.28618693134822,92.8039702233251,"ssp5","massive"
"1101",54.0249990837943,5,6,59,1154,1224,70,0.408496732026144,0.490196078431373,4.8202614379085,94.281045751634,"ssp5","massive"
"1102",54.0749990829464,3,10,51,1166,1230,64,0.24390243902439,0.813008130081301,4.14634146341463,94.7967479674797,"ssp5","massive"
"1103",54.1249990820984,4,7,62,1161,1234,73,0.324149108589951,0.567260940032415,5.02431118314425,94.0842787682334,"ssp5","massive"
"1104",54.1749990812505,13,4,76,1147,1240,93,1.04838709677419,0.32258064516129,6.12903225806452,92.5,"ssp5","massive"
"1105",54.2249990804025,14,4,84,1164,1266,102,1.10584518167457,0.315955766192733,6.63507109004739,91.9431279620853,"ssp5","massive"
"1106",54.2749990795546,13,10,79,1177,1279,102,1.01641907740422,0.781860828772478,6.17670054730258,92.0250195465207,"ssp5","massive"
"1107",54.3249990787066,14,7,75,1205,1301,96,1.076095311299,0.5380476556495,5.76479631053036,92.6210607225211,"ssp5","massive"
"1108",54.3749990778587,16,8,82,1216,1322,106,1.21028744326778,0.605143721633888,6.20272314674735,91.981845688351,"ssp5","massive"
"1109",54.4249990770107,15,6,83,1228,1332,104,1.12612612612613,0.45045045045045,6.23123123123123,92.1921921921922,"ssp5","massive"
"1110",54.4749990761628,12,6,79,1247,1344,97,0.892857142857143,0.446428571428571,5.87797619047619,92.7827380952381,"ssp5","massive"
"1111",54.5249990753148,10,5,83,1256,1354,98,0.738552437223043,0.369276218611521,6.12998522895126,92.7621861152142,"ssp5","massive"
"1112",54.5749990744669,5,7,90,1271,1373,102,0.364166059723234,0.509832483612527,6.55498907501821,92.571012381646,"ssp5","massive"
"1113",54.624999073619,9,0,85,1289,1383,94,0.650759219088937,0,6.14605929139552,93.2031814895155,"ssp5","massive"
"1114",54.674999072771,7,2,82,1288,1379,91,0.50761421319797,0.145032632342277,5.94633792603336,93.4010152284264,"ssp5","massive"
"1115",54.7249990719231,9,2,80,1288,1379,91,0.652646845540247,0.145032632342277,5.80130529369108,93.4010152284264,"ssp5","massive"
"1116",54.7749990710751,4,3,94,1291,1392,101,0.28735632183908,0.21551724137931,6.75287356321839,92.7442528735632,"ssp5","massive"
"1117",54.8249990702272,8,4,86,1304,1402,98,0.570613409415121,0.285306704707561,6.13409415121255,93.0099857346648,"ssp5","massive"
"1118",54.8749990693792,8,5,84,1309,1406,97,0.568990042674253,0.355618776671408,5.97439544807966,93.1009957325747,"ssp5","massive"
"1119",54.9249990685313,12,3,78,1323,1416,93,0.847457627118644,0.211864406779661,5.50847457627119,93.4322033898305,"ssp5","massive"
"1120",54.9749990676833,6,3,74,1353,1436,83,0.417827298050139,0.20891364902507,5.15320334261838,94.2200557103064,"ssp5","massive"
"1121",55.0249990668354,7,4,69,1362,1442,80,0.485436893203883,0.277392510402219,4.78502080443828,94.4521497919556,"ssp5","massive"
"1122",55.0749990659874,10,13,62,1362,1447,85,0.691085003455425,0.898410504492053,4.28472702142364,94.1257774706289,"ssp5","massive"
"1123",55.1249990651395,4,19,67,1356,1446,90,0.276625172890733,1.31396957123098,4.63347164591978,93.7759336099585,"ssp5","massive"
"1124",55.1749990642915,10,21,61,1372,1464,92,0.683060109289617,1.4344262295082,4.16666666666667,93.7158469945355,"ssp5","massive"
"1125",55.2249990634436,12,11,63,1385,1471,86,0.815771583956492,0.747790618626785,4.28280081577158,94.1536369816451,"ssp5","massive"
"1126",55.2749990625957,10,12,64,1397,1483,86,0.674308833445718,0.809170600134862,4.3155765340526,94.2009440323668,"ssp5","massive"
"1127",55.3249990617477,13,20,69,1384,1486,102,0.874831763122476,1.34589502018843,4.64333781965007,93.135935397039,"ssp5","massive"
"1128",55.3749990608998,10,15,66,1391,1482,91,0.67476383265857,1.01214574898785,4.45344129554656,93.859649122807,"ssp5","massive"
"1129",55.4249990600518,18,21,63,1376,1478,102,1.21786197564276,1.42083897158322,4.26251691474966,93.0987821380244,"ssp5","massive"
"1130",55.4749990592039,22,18,61,1365,1466,101,1.50068212824011,1.22783083219645,4.16098226466576,93.1105047748977,"ssp5","massive"
"1131",55.5249990583559,27,19,61,1353,1460,107,1.84931506849315,1.3013698630137,4.17808219178082,92.6712328767123,"ssp5","massive"
"1132",55.574999057508,38,31,39,1353,1461,108,2.6009582477755,2.12183436002738,2.6694045174538,92.6078028747433,"ssp5","massive"
"1133",55.62499905666,53,21,28,1356,1458,102,3.63511659807956,1.440329218107,1.92043895747599,93.0041152263374,"ssp5","massive"
"1134",55.6749990558121,58,25,29,1351,1463,112,3.96445659603554,1.70881749829118,1.98222829801777,92.3444976076555,"ssp5","massive"
"1135",55.7249990549641,52,14,28,1366,1460,94,3.56164383561644,0.958904109589041,1.91780821917808,93.5616438356164,"ssp5","massive"
"1136",55.7749990541162,49,12,34,1369,1464,95,3.34699453551913,0.819672131147541,2.3224043715847,93.5109289617486,"ssp5","massive"
"1137",55.8249990532682,24,24,50,1361,1459,98,1.64496230294722,1.64496230294722,3.42700479780672,93.2830705962988,"ssp5","massive"
"1138",55.8749990524203,29,35,61,1337,1462,125,1.98358413132695,2.39398084815321,4.17236662106703,91.4500683994528,"ssp5","massive"
"1139",55.9249990515723,29,34,73,1329,1465,136,1.97952218430034,2.32081911262799,4.98293515358362,90.7167235494881,"ssp5","massive"
"1140",55.9749990507244,23,32,82,1338,1475,137,1.55932203389831,2.16949152542373,5.5593220338983,90.7118644067797,"ssp5","massive"
"1141",56.0249990498765,17,48,105,1308,1478,170,1.15020297699594,3.24763193504736,7.1041948579161,88.4979702300406,"ssp5","massive"
"1142",56.0749990490285,20,54,93,1313,1480,167,1.35135135135135,3.64864864864865,6.28378378378378,88.7162162162162,"ssp5","massive"
"1143",56.1249990481806,26,51,108,1297,1482,185,1.75438596491228,3.4412955465587,7.28744939271255,87.5168690958165,"ssp5","massive"
"1144",56.1749990473326,22,64,106,1266,1458,192,1.50891632373114,4.38957475994513,7.27023319615912,86.8312757201646,"ssp5","massive"
"1145",56.2249990464847,30,54,103,1259,1446,187,2.0746887966805,3.7344398340249,7.12309820193638,87.0677731673582,"ssp5","massive"
"1146",56.2749990456367,26,53,98,1262,1439,177,1.80681028492008,3.68311327310632,6.81028492008339,87.6997915218902,"ssp5","massive"
"1147",56.3249990447888,21,58,95,1255,1429,174,1.46955913226032,4.05878236529041,6.6480055983205,87.8236529041288,"ssp5","massive"
"1148",56.3749990439408,30,57,93,1249,1429,180,2.09937018894332,3.9888033589923,6.50804758572428,87.4037788663401,"ssp5","massive"
"1149",56.4249990430929,29,41,106,1250,1426,176,2.03366058906031,2.87517531556802,7.43338008415147,87.6577840112202,"ssp5","massive"
"1150",56.4749990422449,15,60,96,1258,1429,171,1.04968509447166,4.19874037788663,6.71798460461861,88.0335899230231,"ssp5","massive"
"1151",56.524999041397,17,64,73,1282,1436,154,1.18384401114206,4.45682451253482,5.08356545961003,89.2757660167131,"ssp5","massive"
"1152",56.5749990405491,18,70,90,1263,1441,178,1.24913254684247,4.85773768216516,6.24566273421235,87.64746703678,"ssp5","massive"
"1153",56.6249990397011,24,63,114,1243,1444,201,1.66204986149584,4.36288088642659,7.89473684210526,86.0803324099723,"ssp5","massive"
"1154",56.6749990388532,20,51,134,1236,1441,205,1.38792505204719,3.53920888272033,9.29909784871617,85.7737682165163,"ssp5","massive"
"1155",56.7249990380052,22,56,123,1226,1427,201,1.541695865452,3.92431674842327,8.61948142957253,85.9145059565522,"ssp5","massive"
"1156",56.7749990371573,24,57,127,1226,1434,208,1.67364016736402,3.97489539748954,8.85634588563459,85.4951185495118,"ssp5","massive"
"1157",56.8249990363093,21,74,110,1228,1433,205,1.46545708304257,5.16399162595953,7.67620376831821,85.6943475226797,"ssp5","massive"
"1158",56.8749990354614,17,77,111,1230,1435,205,1.18466898954704,5.36585365853659,7.73519163763066,85.7142857142857,"ssp5","massive"
"1159",56.9249990346134,18,76,95,1246,1435,189,1.25435540069686,5.29616724738676,6.62020905923345,86.8292682926829,"ssp5","massive"
"1160",56.9749990337655,23,63,99,1249,1434,185,1.60390516039052,4.39330543933054,6.90376569037657,87.0990237099024,"ssp5","massive"
"1161",57.0249990329175,14,66,111,1246,1437,191,0.974251913709116,4.5929018789144,7.72442588726514,86.7084203201113,"ssp5","massive"
"1162",57.0749990320696,28,86,94,1231,1439,208,1.9457956914524,5.97637248088951,6.53231410701876,85.5455177206393,"ssp5","massive"
"1163",57.1249990312216,15,77,134,1221,1447,226,1.03662750518314,5.32135452660677,9.26053904630269,84.3814789219074,"ssp5","massive"
"1164",57.1749990303737,17,73,165,1195,1450,255,1.17241379310345,5.03448275862069,11.3793103448276,82.4137931034483,"ssp5","massive"
"1165",57.2249990295258,12,67,175,1184,1438,254,0.834492350486787,4.65924895688456,12.1696801112656,82.336578581363,"ssp5","massive"
"1166",57.2749990286778,25,71,169,1179,1444,265,1.73130193905817,4.91689750692521,11.7036011080332,81.6481994459834,"ssp5","massive"
"1167",57.3249990278299,19,50,194,1186,1449,263,1.31124913733609,3.45065562456867,13.3885438233264,81.8495514147688,"ssp5","massive"
"1168",57.3749990269819,16,47,193,1190,1446,256,1.10650069156293,3.25034578146611,13.3471645919779,82.2959889349931,"ssp5","massive"
"1169",57.424999026134,26,51,186,1175,1438,263,1.80806675938804,3.54659248956885,12.9346314325452,81.7107093184979,"ssp5","massive"
"1170",57.474999025286,31,39,173,1206,1449,243,2.13940648723257,2.69151138716356,11.9392684610076,83.2298136645963,"ssp5","massive"
"1171",57.5249990244381,34,37,152,1234,1457,223,2.33356211393274,2.53946465339739,10.4323953328758,84.6945778997941,"ssp5","massive"
"1172",57.5749990235901,44,51,123,1242,1460,218,3.01369863013699,3.49315068493151,8.42465753424658,85.0684931506849,"ssp5","massive"
"1173",57.6249990227422,60,49,139,1238,1486,248,4.03768506056528,3.29744279946164,9.35397039030956,83.3109017496635,"ssp5","massive"
"1174",57.6749990218942,46,57,134,1269,1506,237,3.05444887118194,3.78486055776892,8.89774236387782,84.2629482071713,"ssp5","massive"
"1175",57.7249990210463,51,55,133,1301,1540,239,3.31168831168831,3.57142857142857,8.63636363636364,84.4805194805195,"ssp5","massive"
"1176",57.7749990201984,47,54,136,1296,1533,237,3.0658838878017,3.52250489236791,8.87149380300065,84.5401174168297,"ssp5","massive"
"1177",57.8249990193504,59,63,140,1274,1536,262,3.84114583333333,4.1015625,9.11458333333333,82.9427083333333,"ssp5","massive"
"1178",57.8749990185025,59,50,165,1271,1545,274,3.81877022653722,3.23624595469256,10.6796116504854,82.2653721682848,"ssp5","massive"
"1179",57.9249990176545,50,54,161,1286,1551,265,3.22372662798195,3.4816247582205,10.3803997421019,82.9142488716957,"ssp5","massive"
"1180",57.9749990168066,51,60,138,1288,1537,249,3.3181522446324,3.90370852309694,8.97852960312297,83.7996096291477,"ssp5","massive"
"1181",58.0249990159586,56,49,135,1291,1531,240,3.65774003919007,3.20052253429131,8.81776616590464,84.323971260614,"ssp5","massive"
"1182",58.0749990151107,54,61,112,1286,1513,227,3.56906807666887,4.03172504957039,7.40251156642432,84.9966953073364,"ssp5","massive"
"1183",58.1249990142627,58,52,89,1309,1508,199,3.84615384615385,3.44827586206897,5.90185676392573,86.8037135278515,"ssp5","massive"
"1184",58.1749990134148,50,62,76,1310,1498,188,3.33778371161549,4.1388518024032,5.07343124165554,87.4499332443258,"ssp5","massive"
"1185",58.2249990125668,59,63,61,1299,1482,183,3.98110661268556,4.25101214574899,4.11605937921727,87.6518218623482,"ssp5","massive"
"1186",58.2749990117189,49,59,69,1297,1474,177,3.32428765264586,4.00271370420624,4.68113975576662,87.9918588873813,"ssp5","massive"
"1187",58.3249990108709,39,59,64,1298,1460,162,2.67123287671233,4.04109589041096,4.38356164383562,88.9041095890411,"ssp5","massive"
"1188",58.374999010023,32,66,62,1284,1444,160,2.21606648199446,4.57063711911357,4.29362880886427,88.9196675900277,"ssp5","massive"
"1189",58.4249990091751,40,64,58,1276,1438,162,2.78164116828929,4.45062586926286,4.03337969401947,88.7343532684284,"ssp5","massive"
"1190",58.4749990083271,35,60,63,1271,1429,158,2.44926522043387,4.19874037788663,4.40867739678097,88.9433170048985,"ssp5","massive"
"1191",58.5249990074792,32,61,60,1288,1441,153,2.2206800832755,4.23317140874393,4.16377515614157,89.382373351839,"ssp5","massive"
"1192",58.5749990066312,39,63,69,1282,1453,171,2.68410185822436,4.33585684790089,4.74879559532003,88.2312456985547,"ssp5","massive"
"1193",58.6249990057833,54,68,67,1285,1474,189,3.66350067842605,4.61329715061058,4.54545454545455,87.1777476255088,"ssp5","massive"
"1194",58.6749990049353,51,70,80,1277,1478,201,3.45060893098782,4.7361299052774,5.4127198917456,86.4005412719892,"ssp5","massive"
"1195",58.7249990040874,43,73,91,1264,1471,207,2.92318150917743,4.96261046906866,6.1862678450034,85.9279401767505,"ssp5","massive"
"1196",58.7749990032394,38,79,93,1254,1464,210,2.59562841530055,5.39617486338798,6.35245901639344,85.655737704918,"ssp5","massive"
"1197",58.8249990023915,34,77,93,1243,1447,204,2.34968901174845,5.32135452660677,6.42709053213545,85.9018659295093,"ssp5","massive"
"1198",58.8749990015435,40,76,87,1235,1438,203,2.78164116828929,5.28511821974965,6.05006954102921,85.8831710709319,"ssp5","massive"
"1199",58.9249990006956,26,65,79,1260,1430,170,1.81818181818182,4.54545454545455,5.52447552447552,88.1118881118881,"ssp5","massive"
"1200",58.9749989998476,37,76,69,1248,1430,182,2.58741258741259,5.31468531468532,4.82517482517482,87.2727272727273,"ssp5","massive"
"1201",59.0249989989997,42,85,69,1235,1431,196,2.93501048218029,5.93990216631726,4.82180293501048,86.303284416492,"ssp5","massive"
"1202",59.0749989981517,39,74,63,1247,1423,176,2.74068868587491,5.20028109627547,4.42726633872101,87.6317638791286,"ssp5","massive"
"1203",59.1249989973038,42,73,58,1256,1429,173,2.93911826452064,5.10846745976207,4.05878236529041,87.8936319104269,"ssp5","massive"
"1204",59.1749989964559,38,76,59,1249,1422,173,2.67229254571027,5.34458509142053,4.14908579465541,87.8340365682138,"ssp5","massive"
"1205",59.2249989956079,20,77,70,1255,1422,167,1.40646976090014,5.41490857946554,4.92264416315049,88.2559774964838,"ssp5","massive"
"1206",59.27499899476,19,68,84,1248,1419,171,1.33897110641297,4.79210711768851,5.91966173361522,87.9492600422833,"ssp5","massive"
"1207",59.324998993912,18,65,87,1256,1426,170,1.26227208976157,4.55820476858345,6.10098176718093,88.0785413744741,"ssp5","massive"
"1208",59.3749989930641,32,67,80,1243,1422,179,2.25035161744022,4.71167369901547,5.62587904360056,87.4120956399437,"ssp5","massive"
"1209",59.4249989922161,39,62,76,1260,1437,177,2.71398747390397,4.31454418928323,5.28879610299234,87.6826722338205,"ssp5","massive"
"1210",59.4749989913682,44,71,79,1270,1464,194,3.00546448087432,4.84972677595628,5.39617486338798,86.7486338797814,"ssp5","massive"
"1211",59.5249989905202,46,75,100,1255,1476,221,3.11653116531165,5.08130081300813,6.77506775067751,85.0271002710027,"ssp5","massive"
"1212",59.5749989896723,45,67,128,1238,1478,240,3.0446549391069,4.53315290933694,8.66035182679296,83.7618403247632,"ssp5","massive"
"1213",59.6249989888243,33,66,143,1250,1492,242,2.21179624664879,4.42359249329759,9.58445040214477,83.7801608579089,"ssp5","massive"
"1214",59.6749989879764,30,69,150,1249,1498,249,2.00267022696929,4.60614152202937,10.0133511348465,83.3778371161549,"ssp5","massive"
"1215",59.7249989871285,22,66,148,1263,1499,236,1.46764509673115,4.40293529019346,9.87324883255504,84.2561707805203,"ssp5","massive"
"1216",59.7749989862805,31,68,147,1254,1500,246,2.06666666666667,4.53333333333333,9.8,83.6,"ssp5","massive"
"1217",59.8249989854326,32,45,155,1263,1495,232,2.14046822742475,3.01003344481605,10.3678929765886,84.4816053511706,"ssp5","massive"
"1218",59.8749989845846,30,46,134,1289,1499,210,2.00133422281521,3.06871247498332,8.93929286190794,85.9906604402935,"ssp5","massive"
"1219",59.9249989837367,39,40,123,1280,1482,202,2.63157894736842,2.69905533063428,8.29959514170041,86.3697705802969,"ssp5","massive"
"1220",59.9749989828887,24,35,130,1295,1484,189,1.61725067385445,2.35849056603774,8.76010781671159,87.2641509433962,"ssp5","massive"
"1221",60.0249989820408,26,37,123,1274,1460,186,1.78082191780822,2.53424657534247,8.42465753424658,87.2602739726027,"ssp5","massive"
"1222",60.0749989811928,37,44,114,1255,1450,195,2.55172413793103,3.03448275862069,7.86206896551724,86.551724137931,"ssp5","massive"
"1223",60.1249989803449,37,37,108,1256,1438,182,2.57301808066759,2.57301808066759,7.51043115438109,87.3435326842837,"ssp5","massive"
"1224",60.1749989794969,30,39,110,1229,1408,179,2.13068181818182,2.76988636363636,7.8125,87.2869318181818,"ssp5","massive"
"1225",60.224998978649,27,30,108,1217,1382,165,1.95369030390738,2.17076700434153,7.81476121562952,88.0607814761216,"ssp5","massive"
"1226",60.274998977801,29,27,91,1215,1362,147,2.12922173274596,1.98237885462555,6.68135095447871,89.2070484581498,"ssp5","massive"
"1227",60.3249989769531,26,36,93,1210,1365,155,1.9047619047619,2.63736263736264,6.81318681318681,88.6446886446886,"ssp5","massive"
"1228",60.3749989761052,22,33,120,1190,1365,175,1.61172161172161,2.41758241758242,8.79120879120879,87.1794871794872,"ssp5","massive"
"1229",60.4249989752572,16,35,130,1187,1368,181,1.16959064327485,2.55847953216374,9.50292397660819,86.7690058479532,"ssp5","massive"
"1230",60.4749989744093,26,40,134,1153,1353,200,1.92165558019217,2.95639320029564,9.90391722099039,85.2180339985218,"ssp5","massive"
"1231",60.5249989735613,32,32,153,1108,1325,217,2.41509433962264,2.41509433962264,11.5471698113208,83.622641509434,"ssp5","massive"
"1232",60.5749989727134,41,23,150,1099,1313,214,3.12261995430312,1.75171363290175,11.4242193450114,83.7014470677837,"ssp5","massive"
"1233",60.6249989718654,41,16,144,1109,1310,201,3.12977099236641,1.22137404580153,10.9923664122137,84.6564885496183,"ssp5","massive"
"1234",60.6749989710175,42,16,132,1125,1315,190,3.19391634980989,1.21673003802281,10.0380228136882,85.5513307984791,"ssp5","massive"
"1235",60.7249989701695,36,7,129,1128,1300,172,2.76923076923077,0.538461538461538,9.92307692307692,86.7692307692308,"ssp5","massive"
"1236",60.7749989693216,36,13,126,1121,1296,175,2.77777777777778,1.00308641975309,9.72222222222222,86.4969135802469,"ssp5","massive"
"1237",60.8249989684736,28,23,130,1111,1292,181,2.1671826625387,1.78018575851393,10.061919504644,85.9907120743034,"ssp5","massive"
"1238",60.8749989676257,30,11,145,1093,1279,186,2.34558248631744,0.860046911649726,11.3369820172009,85.4573885848319,"ssp5","massive"
"1239",60.9249989667777,33,11,147,1102,1293,191,2.55220417633411,0.850734725444702,11.368909512761,85.2281515854602,"ssp5","massive"
"1240",60.9749989659298,26,14,147,1096,1283,187,2.02650038971161,1.09119251753702,11.4575214341387,85.4247856586126,"ssp5","massive"
"1241",61.0249989650819,23,16,153,1093,1285,192,1.78988326848249,1.24513618677043,11.9066147859922,85.0583657587549,"ssp5","massive"
"1242",61.0749989642339,28,6,150,1105,1289,184,2.1722265321955,0.465477114041893,11.6369278510473,85.7253685027153,"ssp5","massive"
"1243",61.124998963386,25,5,150,1095,1275,180,1.96078431372549,0.392156862745098,11.7647058823529,85.8823529411765,"ssp5","massive"
"1244",61.174998962538,20,7,142,1112,1281,169,1.56128024980484,0.546448087431694,11.0850897736144,86.8071818891491,"ssp5","massive"
"1245",61.2249989616901,18,7,145,1099,1269,170,1.41843971631206,0.551615445232467,11.4263199369582,86.6036249014972,"ssp5","massive"
"1246",61.2749989608421,21,6,146,1094,1267,173,1.65745856353591,0.473559589581689,11.5232833464878,86.3456985003946,"ssp5","massive"
"1247",61.3249989599942,17,8,145,1095,1265,170,1.34387351778656,0.632411067193676,11.4624505928854,86.5612648221344,"ssp5","massive"
"1248",61.3749989591462,26,12,122,1105,1265,160,2.05533596837945,0.948616600790514,9.64426877470356,87.3517786561265,"ssp5","massive"
"1249",61.4249989582983,25,22,115,1094,1256,162,1.99044585987261,1.7515923566879,9.15605095541401,87.1019108280255,"ssp5","massive"
"1250",61.4749989574503,23,16,126,1104,1269,165,1.81245074862096,1.26083530338849,9.9290780141844,86.9976359338062,"ssp5","massive"
"1251",61.5249989566024,15,14,137,1102,1268,166,1.18296529968454,1.10410094637224,10.8044164037855,86.9085173501577,"ssp5","massive"
"1252",61.5749989557545,16,10,131,1097,1254,157,1.27591706539075,0.797448165869218,10.4465709728868,87.4800637958533,"ssp5","massive"
"1253",61.6249989549065,22,21,118,1091,1252,161,1.75718849840256,1.67731629392971,9.42492012779553,87.1405750798722,"ssp5","massive"
"1254",61.6749989540586,20,16,125,1081,1242,161,1.61030595813204,1.28824476650564,10.0644122383253,87.037037037037,"ssp5","massive"
"1255",61.7249989532106,14,7,162,1060,1243,183,1.12630732099759,0.563153660498793,13.0329847144006,85.277554304103,"ssp5","massive"
"1256",61.7749989523627,10,7,165,1055,1237,182,0.808407437348424,0.565885206143896,13.338722716249,85.2869846402587,"ssp5","massive"
"1257",61.8249989515147,7,12,168,1055,1242,187,0.563607085346216,0.966183574879227,13.5265700483092,84.9436392914654,"ssp5","massive"
"1258",61.8749989506668,10,12,159,1054,1235,181,0.809716599190283,0.97165991902834,12.8744939271255,85.3441295546559,"ssp5","massive"
"1259",61.9249989498188,12,10,154,1062,1238,176,0.969305331179321,0.807754442649435,12.4394184168013,85.78352180937,"ssp5","massive"
"1260",61.9749989489709,10,13,149,1068,1240,172,0.806451612903226,1.04838709677419,12.0161290322581,86.1290322580645,"ssp5","massive"
"1261",62.0249989481229,14,12,140,1073,1239,166,1.12994350282486,0.968523002421308,11.2994350282486,86.6020984665053,"ssp5","massive"
"1262",62.074998947275,15,11,136,1073,1235,162,1.21457489878543,0.890688259109312,11.0121457489879,86.8825910931174,"ssp5","massive"
"1263",62.124998946427,12,15,123,1078,1228,150,0.977198697068404,1.2214983713355,10.0162866449511,87.7850162866449,"ssp5","massive"
"1264",62.1749989455791,10,18,138,1064,1230,166,0.813008130081301,1.46341463414634,11.219512195122,86.5040650406504,"ssp5","massive"
"1265",62.2249989447311,9,27,137,1057,1230,173,0.731707317073171,2.19512195121951,11.1382113821138,85.9349593495935,"ssp5","massive"
"1266",62.2749989438832,11,14,132,1070,1227,157,0.896495517522412,1.14099429502853,10.7579462102689,87.2045639771801,"ssp5","massive"
"1267",62.3249989430353,18,21,118,1082,1239,157,1.45278450363196,1.69491525423729,9.52380952380952,87.3284907183212,"ssp5","massive"
"1268",62.3749989421873,18,24,124,1075,1241,166,1.45044319097502,1.93392425463336,9.99194198227236,86.6236905721193,"ssp5","massive"
"1269",62.4249989413394,16,24,132,1080,1252,172,1.2779552715655,1.91693290734824,10.5431309904153,86.2619808306709,"ssp5","massive"
"1270",62.4749989404914,13,42,105,1082,1242,160,1.04669887278583,3.38164251207729,8.45410628019324,87.1175523349436,"ssp5","massive"
"1271",62.5249989396435,11,27,96,1098,1232,134,0.892857142857143,2.19155844155844,7.79220779220779,89.1233766233766,"ssp5","massive"
"1272",62.5749989387955,18,23,77,1116,1234,118,1.45867098865478,1.86385737439222,6.23987034035656,90.4376012965964,"ssp5","massive"
"1273",62.6249989379476,15,12,68,1154,1249,95,1.20096076861489,0.960768614891913,5.44435548438751,92.3939151321057,"ssp5","massive"
"1274",62.6749989370996,15,11,57,1172,1255,83,1.19521912350598,0.876494023904383,4.54183266932271,93.3864541832669,"ssp5","massive"
"1275",62.7249989362517,15,8,53,1165,1241,76,1.20870265914585,0.64464141821112,4.27074939564867,93.8759065269944,"ssp5","massive"
"1276",62.7749989354037,20,6,46,1169,1241,72,1.6116035455278,0.48348106365834,3.70668815471394,94.1982272360999,"ssp5","massive"
"1277",62.8249989345558,21,3,41,1167,1232,65,1.70454545454545,0.243506493506494,3.32792207792208,94.724025974026,"ssp5","massive"
"1278",62.8749989337079,20,3,34,1170,1227,57,1.62999185004075,0.244498777506112,2.77098614506927,95.3545232273839,"ssp5","massive"
"1279",62.9249989328599,11,2,36,1174,1223,49,0.899427636958299,0.163532297628782,2.94358135731807,95.9934587080948,"ssp5","massive"
"1280",62.974998932012,16,3,29,1174,1222,48,1.30932896890344,0.245499181669394,2.37315875613748,96.0720130932897,"ssp5","massive"
"1281",63.024998931164,19,1,36,1176,1232,56,1.54220779220779,0.0811688311688312,2.92207792207792,95.4545454545455,"ssp5","massive"
"1282",63.0749989303161,26,4,35,1157,1222,65,2.12765957446809,0.327332242225859,2.86415711947627,94.6808510638298,"ssp5","massive"
"1283",63.1249989294681,28,3,47,1149,1227,78,2.28198859005705,0.244498777506112,3.83048084759576,93.6430317848411,"ssp5","massive"
"1284",63.1749989286202,16,6,76,1119,1217,98,1.31470829909614,0.493015612161052,6.24486442070666,91.9474116680362,"ssp5","massive"
"1285",63.2249989277722,18,8,108,1074,1208,134,1.49006622516556,0.662251655629139,8.94039735099338,88.9072847682119,"ssp5","massive"
"1286",63.2749989269243,20,12,123,1070,1225,155,1.63265306122449,0.979591836734694,10.0408163265306,87.3469387755102,"ssp5","massive"
"1287",63.3249989260763,12,10,165,1043,1230,187,0.975609756097561,0.813008130081301,13.4146341463415,84.7967479674797,"ssp5","massive"
"1288",63.3749989252284,13,12,183,1018,1226,208,1.06035889070147,0.978792822185971,14.9265905383361,83.0342577487765,"ssp5","massive"
"1289",63.4249989243804,22,7,179,1012,1220,208,1.80327868852459,0.573770491803279,14.672131147541,82.9508196721311,"ssp5","massive"
"1290",63.4749989235325,17,17,188,990,1212,222,1.4026402640264,1.4026402640264,15.5115511551155,81.6831683168317,"ssp5","massive"
"1291",63.5249989226846,19,8,185,981,1193,212,1.59262363788768,0.670578373847443,15.5071248952221,82.2296730930427,"ssp5","massive"
"1292",63.5749989218366,15,12,188,956,1171,215,1.28095644748079,1.02476515798463,16.0546541417592,81.6396242527754,"ssp5","massive"
"1293",63.6249989209887,18,9,182,964,1173,209,1.53452685421995,0.767263427109974,15.5157715260017,82.1824381926684,"ssp5","massive"
"1294",63.6749989201407,16,4,200,945,1165,220,1.37339055793991,0.343347639484979,17.1673819742489,81.1158798283262,"ssp5","massive"
"1295",63.7249989192928,15,10,210,928,1163,235,1.28976784178848,0.859845227858985,18.0567497850387,79.7936371453139,"ssp5","massive"
"1296",63.7749989184448,21,14,206,908,1149,241,1.82767624020888,1.21845082680592,17.9286335944299,79.0252393385553,"ssp5","massive"
"1297",63.8249989175969,17,13,183,924,1137,213,1.49516270888303,1.14335971855761,16.0949868073879,81.2664907651715,"ssp5","massive"
"1298",63.8749989167489,13,13,177,910,1113,203,1.16801437556155,1.16801437556155,15.9029649595687,81.7610062893082,"ssp5","massive"
"1299",63.924998915901,7,17,172,944,1140,196,0.614035087719298,1.49122807017544,15.0877192982456,82.8070175438597,"ssp5","massive"
"1300",63.974998915053,12,23,185,924,1144,220,1.04895104895105,2.01048951048951,16.1713286713287,80.7692307692308,"ssp5","massive"
"1301",64.0249989142051,14,24,222,887,1147,260,1.2205754141238,2.0924149956408,19.3548387096774,77.332170880558,"ssp5","massive"
"1302",64.0749989133571,36,24,237,863,1160,297,3.10344827586207,2.06896551724138,20.4310344827586,74.3965517241379,"ssp5","massive"
"1303",64.1249989125092,23,24,247,856,1150,294,2,2.08695652173913,21.4782608695652,74.4347826086957,"ssp5","massive"
"1304",64.1749989116612,23,23,263,854,1163,309,1.97764402407567,1.97764402407567,22.6139294926913,73.4307824591574,"ssp5","massive"
"1305",64.2249989108133,9,19,275,856,1159,303,0.776531492666091,1.63934426229508,23.7273511647972,73.8567730802416,"ssp5","massive"
"1306",64.2749989099654,11,24,265,855,1155,300,0.952380952380952,2.07792207792208,22.9437229437229,74.025974025974,"ssp5","massive"
"1307",64.3249989091174,11,18,285,830,1144,314,0.961538461538462,1.57342657342657,24.9125874125874,72.5524475524475,"ssp5","massive"
"1308",64.3749989082695,14,17,307,804,1142,338,1.22591943957968,1.48861646234676,26.8826619964974,70.4028021015762,"ssp5","massive"
"1309",64.4249989074215,4,24,324,785,1137,352,0.351802990325418,2.11081794195251,28.4960422163588,69.0413368513632,"ssp5","massive"
"1310",64.4749989065736,2,17,335,772,1126,354,0.177619893428064,1.50976909413854,29.7513321492007,68.5612788632327,"ssp5","massive"
"1311",64.5249989057256,7,22,320,788,1137,349,0.615655233069481,1.9349164467898,28.1442392260334,69.3051890941073,"ssp5","massive"
"1312",64.5749989048777,3,12,330,799,1144,345,0.262237762237762,1.04895104895105,28.8461538461538,69.8426573426573,"ssp5","massive"
"1313",64.6249989040297,9,10,340,788,1147,359,0.784655623365301,0.871839581517001,29.642545771578,68.7009590235397,"ssp5","massive"
"1314",64.6749989031818,12,13,363,772,1160,388,1.03448275862069,1.12068965517241,31.2931034482759,66.551724137931,"ssp5","massive"
"1315",64.7249989023339,16,16,339,793,1164,371,1.3745704467354,1.3745704467354,29.1237113402062,68.127147766323,"ssp5","massive"
"1316",64.7749989014859,7,16,327,817,1167,350,0.599828620394173,1.37103684661525,28.0205655526992,70.0085689802913,"ssp5","massive"
"1317",64.824998900638,6,18,319,783,1126,343,0.532859680284192,1.59857904085258,28.3303730017762,69.538188277087,"ssp5","massive"
"1318",64.87499889979,7,23,303,798,1131,333,0.618921308576481,2.03359858532272,26.790450928382,70.5570291777188,"ssp5","massive"
"1319",64.9249988989421,6,24,313,813,1156,343,0.519031141868512,2.07612456747405,27.076124567474,70.3287197231834,"ssp5","massive"
"1320",64.9749988980941,11,31,313,829,1184,355,0.929054054054054,2.61824324324324,26.4358108108108,70.0168918918919,"ssp5","massive"
"1321",65.0249988972462,9,36,332,810,1187,377,0.75821398483572,3.03285593934288,27.9696714406066,68.2392586352148,"ssp5","massive"
"1322",65.0749988963982,9,32,340,805,1186,381,0.75885328836425,2.69814502529511,28.6677908937605,67.8752107925801,"ssp5","massive"
"1323",65.1249988955503,10,20,340,824,1194,370,0.837520938023451,1.6750418760469,28.4757118927973,69.0117252931323,"ssp5","massive"
"1324",65.1749988947023,10,23,337,829,1199,370,0.834028356964137,1.91826522101751,28.1067556296914,69.1409507923269,"ssp5","massive"
"1325",65.2249988938544,11,17,341,823,1192,369,0.922818791946309,1.4261744966443,28.6073825503356,69.0436241610738,"ssp5","massive"
"1326",65.2749988930064,3,27,332,829,1191,362,0.251889168765743,2.26700251889169,27.8757346767422,69.6053736356003,"ssp5","massive"
"1327",65.3249988921585,10,35,318,829,1192,363,0.838926174496644,2.93624161073825,26.6778523489933,69.5469798657718,"ssp5","massive"
"1328",65.3749988913106,7,39,293,863,1202,339,0.582362728785358,3.24459234608985,24.3760399334443,71.7970049916805,"ssp5","massive"
"1329",65.4249988904626,12,26,293,862,1193,331,1.00586756077117,2.17937971500419,24.5599329421626,72.254819782062,"ssp5","massive"
"1330",65.4749988896147,10,30,253,888,1181,293,0.846740050804403,2.54022015241321,21.4225232853514,75.190516511431,"ssp5","massive"
"1331",65.5249988887667,8,19,249,873,1149,276,0.696257615317667,1.65361183637946,21.6710182767624,75.9791122715405,"ssp5","massive"
"1332",65.5749988879188,9,18,290,806,1123,317,0.801424755120214,1.60284951024043,25.8236865538736,71.7720391807658,"ssp5","massive"
"1333",65.6249988870708,7,16,337,756,1116,360,0.627240143369176,1.4336917562724,30.1971326164875,67.741935483871,"ssp5","massive"
"1334",65.6749988862229,6,22,336,750,1114,364,0.538599640933573,1.97486535008977,30.1615798922801,67.3249551166966,"ssp5","massive"
"1335",65.7249988853749,5,17,341,755,1118,363,0.447227191413238,1.52057245080501,30.5008944543828,67.5313059033989,"ssp5","massive"
"1336",65.774998884527,3,24,352,733,1112,379,0.26978417266187,2.15827338129496,31.6546762589928,65.9172661870504,"ssp5","massive"
"1337",65.824998883679,3,18,363,718,1102,384,0.272232304900181,1.63339382940109,32.940108892922,65.1542649727768,"ssp5","massive"
"1338",65.8749988828311,7,20,350,720,1097,377,0.638103919781221,1.82315405651778,31.9051959890611,65.6335460346399,"ssp5","massive"
"1339",65.9249988819831,5,22,375,687,1089,402,0.459136822773186,2.02020202020202,34.435261707989,63.0853994490358,"ssp5","massive"
"1340",65.9749988811352,8,34,376,668,1086,418,0.736648250460405,3.13075506445672,34.622467771639,61.5101289134438,"ssp5","massive"
"1341",66.0249988802873,4,23,395,683,1105,422,0.361990950226244,2.0814479638009,35.7466063348416,61.8099547511312,"ssp5","massive"
"1342",66.0749988794393,3,25,411,689,1128,439,0.265957446808511,2.21631205673759,36.436170212766,61.0815602836879,"ssp5","massive"
"1343",66.1249988785914,4,24,426,680,1134,454,0.352733686067019,2.11640211640212,37.5661375661376,59.9647266313933,"ssp5","massive"
"1344",66.1749988777434,3,23,431,696,1153,457,0.2601908065915,1.99479618386817,37.3807458803122,60.3642671292281,"ssp5","massive"
"1345",66.2249988768955,3,29,452,695,1179,484,0.254452926208651,2.45971162001696,38.3375742154368,58.9482612383376,"ssp5","massive"
"1346",66.2749988760475,3,27,454,700,1184,484,0.253378378378378,2.28040540540541,38.3445945945946,59.1216216216216,"ssp5","massive"
"1347",66.3249988751996,4,21,444,691,1160,469,0.344827586206897,1.81034482758621,38.2758620689655,59.5689655172414,"ssp5","massive"
"1348",66.3749988743516,3,18,448,676,1145,469,0.262008733624454,1.57205240174673,39.1266375545852,59.0393013100437,"ssp5","massive"
"1349",66.4249988735037,2,38,470,642,1152,510,0.173611111111111,3.29861111111111,40.7986111111111,55.7291666666667,"ssp5","massive"
"1350",66.4749988726557,0,21,484,669,1174,505,0,1.78875638841567,41.2265758091993,56.984667802385,"ssp5","massive"
"1351",66.5249988718078,3,34,466,688,1191,503,0.251889168765743,2.85474391267842,39.1267842149454,57.7665827036104,"ssp5","massive"
"1352",66.5749988709598,6,10,469,702,1187,485,0.50547598989048,0.8424599831508,39.5113732097725,59.1406908171862,"ssp5","massive"
"1353",66.6249988701119,4,10,471,695,1180,485,0.338983050847458,0.847457627118644,39.9152542372881,58.8983050847458,"ssp5","massive"
"1354",66.674998869264,9,6,459,704,1178,474,0.764006791171477,0.509337860780985,38.9643463497453,59.7623089983022,"ssp5","massive"
"1355",66.724998868416,6,8,458,687,1159,472,0.517687661777394,0.690250215703192,39.5168248490078,59.2752372735116,"ssp5","massive"
"1356",66.7749988675681,6,10,460,685,1161,476,0.516795865633075,0.861326442721792,39.6210163652024,59.0008613264427,"ssp5","massive"
"1357",66.8249988667201,3,10,441,710,1164,454,0.257731958762887,0.859106529209622,37.8865979381443,60.9965635738832,"ssp5","massive"
"1358",66.8749988658722,5,9,423,723,1160,437,0.431034482758621,0.775862068965517,36.4655172413793,62.3275862068966,"ssp5","massive"
"1359",66.9249988650242,9,17,391,730,1147,417,0.784655623365301,1.4821272885789,34.0889276373147,63.6442894507411,"ssp5","massive"
"1360",66.9749988641763,3,16,414,712,1145,433,0.262008733624454,1.39737991266376,36.1572052401747,62.1834061135371,"ssp5","massive"
"1361",67.0249988633283,2,13,403,730,1148,418,0.174216027874564,1.13240418118467,35.1045296167247,63.588850174216,"ssp5","massive"
"1362",67.0749988624804,3,18,404,726,1151,425,0.260642919200695,1.56385751520417,35.0999131190269,63.0755864465682,"ssp5","massive"
"1363",67.1249988616324,1,33,385,718,1137,419,0.0879507475813544,2.9023746701847,33.8610378188215,63.1486367634125,"ssp5","massive"
"1364",67.1749988607845,2,32,373,725,1132,407,0.176678445229682,2.82685512367491,32.9505300353357,64.0459363957597,"ssp5","massive"
"1365",67.2249988599365,4,39,343,757,1143,386,0.349956255468067,3.41207349081365,30.0087489063867,66.2292213473316,"ssp5","massive"
"1366",67.2749988590886,1,38,315,782,1136,354,0.0880281690140845,3.34507042253521,27.7288732394366,68.8380281690141,"ssp5","massive"
"1367",67.3249988582406,0,56,300,783,1139,356,0,4.91659350307287,26.3388937664618,68.7445127304653,"ssp5","massive"
"1368",67.3749988573927,3,45,284,809,1141,332,0.262927256792287,3.94390885188431,24.8904469763365,70.9027169149869,"ssp5","massive"
"1369",67.4249988565448,1,23,299,817,1140,323,0.087719298245614,2.01754385964912,26.2280701754386,71.6666666666667,"ssp5","massive"
"1370",67.4749988556968,3,22,296,825,1146,321,0.261780104712042,1.91972076788831,25.8289703315881,71.9895287958115,"ssp5","massive"
"1371",67.5249988548489,2,25,276,849,1152,303,0.173611111111111,2.17013888888889,23.9583333333333,73.6979166666667,"ssp5","massive"
"1372",67.5749988540009,2,31,270,847,1150,303,0.173913043478261,2.69565217391304,23.4782608695652,73.6521739130435,"ssp5","massive"
"1373",67.624998853153,1,25,255,875,1156,281,0.0865051903114187,2.16262975778547,22.0588235294118,75.6920415224914,"ssp5","massive"
"1374",67.674998852305,2,28,235,888,1153,265,0.173460537727667,2.42844752818734,20.3816131830009,77.0164787510841,"ssp5","massive"
"1375",67.7249988514571,2,35,225,885,1147,262,0.1743679163034,3.0514385353095,19.6163905841325,77.1578029642546,"ssp5","massive"
"1376",67.7749988506091,3,42,211,900,1156,256,0.259515570934256,3.63321799307958,18.2525951557093,77.8546712802768,"ssp5","massive"
"1377",67.8249988497612,1,49,193,907,1150,243,0.0869565217391304,4.26086956521739,16.7826086956522,78.8695652173913,"ssp5","massive"
"1378",67.8749988489133,2,35,192,918,1147,229,0.1743679163034,3.0514385353095,16.7393199651264,80.0348735832607,"ssp5","massive"
"1379",67.9249988480653,3,26,192,934,1155,221,0.25974025974026,2.25108225108225,16.6233766233766,80.8658008658009,"ssp5","massive"
"1380",67.9749988472173,3,23,195,948,1169,221,0.256629597946963,1.96749358426005,16.6809238665526,81.0949529512404,"ssp5","massive"
"1381",68.0249988463694,5,31,187,943,1166,223,0.428816466552316,2.65866209262436,16.0377358490566,80.8747855917667,"ssp5","massive"
"1382",68.0749988455215,8,40,171,951,1170,219,0.683760683760684,3.41880341880342,14.6153846153846,81.2820512820513,"ssp5","massive"
"1383",68.1249988446735,2,26,154,974,1156,182,0.173010380622837,2.24913494809689,13.3217993079585,84.2560553633218,"ssp5","massive"
"1384",68.1749988438256,6,42,135,978,1161,183,0.516795865633075,3.61757105943152,11.6279069767442,84.2377260981912,"ssp5","massive"
"1385",68.2249988429776,9,35,112,1000,1156,156,0.778546712802768,3.02768166089965,9.68858131487889,86.5051903114187,"ssp5","massive"
"1386",68.2749988421297,2,41,124,990,1157,167,0.17286084701815,3.54364736387208,10.7173725151253,85.5661192739844,"ssp5","massive"
"1387",68.3249988412817,3,34,144,971,1152,181,0.260416666666667,2.95138888888889,12.5,84.2881944444444,"ssp5","massive"
"1388",68.3749988404338,2,26,145,971,1144,173,0.174825174825175,2.27272727272727,12.6748251748252,84.8776223776224,"ssp5","massive"
"1389",68.4249988395858,11,25,148,946,1130,184,0.973451327433628,2.21238938053097,13.0973451327434,83.716814159292,"ssp5","massive"
"1390",68.4749988387379,20,25,164,923,1132,209,1.76678445229682,2.20848056537102,14.4876325088339,81.5371024734982,"ssp5","massive"
"1391",68.52499883789,14,33,148,931,1126,195,1.24333925399645,2.93072824156306,13.1438721136767,82.6820603907638,"ssp5","massive"
"1392",68.574998837042,14,26,137,978,1155,177,1.21212121212121,2.25108225108225,11.8614718614719,84.6753246753247,"ssp5","massive"
"1393",68.6249988361941,12,21,141,972,1146,174,1.04712041884817,1.83246073298429,12.303664921466,84.8167539267016,"ssp5","massive"
"1394",68.6749988353461,23,31,128,965,1147,182,2.0052310374891,2.7027027027027,11.1595466434176,84.1325196163906,"ssp5","massive"
"1395",68.7249988344982,22,36,149,953,1160,207,1.89655172413793,3.10344827586207,12.8448275862069,82.1551724137931,"ssp5","massive"
"1396",68.7749988336502,28,40,143,951,1162,211,2.40963855421687,3.44234079173838,12.3063683304647,81.84165232358,"ssp5","massive"
"1397",68.8249988328023,40,39,125,967,1171,204,3.41588385994876,3.33048676345004,10.6746370623399,82.5789923142613,"ssp5","massive"
"1398",68.8749988319543,44,27,128,982,1181,199,3.72565622353937,2.28619813717189,10.8382726502964,83.1498729889924,"ssp5","massive"
"1399",68.9249988311064,29,15,166,976,1186,210,2.44519392917369,1.26475548060708,13.9966273187184,82.2934232715008,"ssp5","massive"
"1400",68.9749988302584,18,35,207,935,1195,260,1.50627615062761,2.92887029288703,17.3221757322176,78.2426778242678,"ssp5","massive"
"1401",69.0249988294105,10,32,198,955,1195,240,0.836820083682008,2.67782426778243,16.5690376569038,79.9163179916318,"ssp5","massive"
"1402",69.0749988285625,11,22,175,998,1206,208,0.912106135986733,1.82421227197347,14.5107794361526,82.7529021558872,"ssp5","massive"
"1403",69.1249988277146,3,27,183,1000,1213,213,0.247320692497939,2.22588623248145,15.0865622423743,82.4402308326463,"ssp5","massive"
"1404",69.1749988268667,11,33,206,985,1235,250,0.890688259109312,2.67206477732794,16.6801619433198,79.7570850202429,"ssp5","massive"
"1405",69.2249988260187,14,34,210,973,1231,258,1.13728675873274,2.76198212835093,17.0593013809911,79.0414297319253,"ssp5","massive"
"1406",69.2749988251708,20,31,210,964,1225,261,1.63265306122449,2.53061224489796,17.1428571428571,78.6938775510204,"ssp5","massive"
"1407",69.3249988243228,8,31,219,973,1231,258,0.649878147847279,2.51827782290821,17.7904142973193,79.0414297319253,"ssp5","massive"
"1408",69.3749988234749,18,33,230,933,1214,281,1.4827018121911,2.71828665568369,18.9456342668863,76.8533772652389,"ssp5","massive"
"1409",69.4249988226269,27,23,240,934,1224,290,2.20588235294118,1.87908496732026,19.6078431372549,76.3071895424837,"ssp5","massive"
"1410",69.474998821779,19,29,278,916,1242,326,1.52979066022544,2.33494363929147,22.3832528180354,73.7520128824477,"ssp5","massive"
"1411",69.524998820931,20,29,287,903,1239,336,1.61420500403551,2.34059725585149,23.1638418079096,72.8813559322034,"ssp5","massive"
"1412",69.5749988200831,26,21,278,889,1214,325,2.14168039538715,1.72981878088962,22.8995057660626,73.2289950576606,"ssp5","massive"
"1413",69.6249988192351,20,30,266,889,1205,316,1.6597510373444,2.4896265560166,22.0746887966805,73.7759336099585,"ssp5","massive"
"1414",69.6749988183872,18,29,277,873,1197,324,1.50375939849624,2.42272347535505,23.141186299081,72.9323308270677,"ssp5","massive"
"1415",69.7249988175392,24,22,275,888,1209,321,1.98511166253102,1.81968569065343,22.7460711331679,73.4491315136476,"ssp5","massive"
"1416",69.7749988166913,26,26,279,904,1235,331,2.10526315789474,2.10526315789474,22.5910931174089,73.1983805668016,"ssp5","massive"
"1417",69.8249988158433,41,19,267,936,1263,327,3.24623911322249,1.50435471100554,21.1401425178147,74.1092636579572,"ssp5","massive"
"1418",69.8749988149954,44,20,269,953,1286,333,3.42146189735614,1.5552099533437,20.9175738724728,74.1057542768274,"ssp5","massive"
"1419",69.9249988141475,28,31,294,951,1304,353,2.14723926380368,2.37730061349693,22.5460122699387,72.9294478527607,"ssp5","massive"
"1420",69.9749988132995,40,43,298,940,1321,381,3.02800908402725,3.2551097653293,22.558667676003,71.1582134746404,"ssp5","massive"
"1421",70.0249988124516,58,43,280,949,1330,381,4.3609022556391,3.23308270676692,21.0526315789474,71.3533834586466,"ssp5","massive"
"1422",70.0749988116036,38,41,282,954,1315,361,2.88973384030418,3.11787072243346,21.4448669201521,72.5475285171103,"ssp5","massive"
"1423",70.1249988107557,32,45,279,967,1323,356,2.41874527588813,3.40136054421769,21.0884353741497,73.0914588057445,"ssp5","massive"
"1424",70.1749988099077,40,49,274,952,1315,363,3.04182509505703,3.72623574144487,20.8365019011407,72.3954372623574,"ssp5","massive"
"1425",70.2249988090598,34,53,301,962,1350,388,2.51851851851852,3.92592592592593,22.2962962962963,71.2592592592593,"ssp5","massive"
"1426",70.2749988082118,31,66,286,990,1373,383,2.25782957028405,4.80699198834669,20.830298616169,72.1048798252003,"ssp5","massive"
"1427",70.3249988073639,53,52,267,1012,1384,372,3.82947976878613,3.75722543352601,19.2919075144509,73.121387283237,"ssp5","massive"
"1428",70.3749988065159,57,49,279,1020,1405,385,4.05693950177936,3.48754448398577,19.8576512455516,72.5978647686833,"ssp5","massive"
"1429",70.424998805668,58,45,255,1050,1408,358,4.11931818181818,3.19602272727273,18.1107954545455,74.5738636363636,"ssp5","massive"
"1430",70.47499880482,31,35,253,1093,1412,319,2.19546742209632,2.47875354107649,17.9178470254957,77.4079320113315,"ssp5","massive"
"1431",70.5249988039721,16,39,273,1075,1403,328,1.14041339985745,2.77975766215253,19.4583036350677,76.6215253029223,"ssp5","massive"
"1432",70.5749988031242,13,34,285,1061,1393,332,0.933237616654702,2.44077530509691,20.45944005743,76.1665470208184,"ssp5","massive"
"1433",70.6249988022762,13,31,314,1028,1386,358,0.937950937950938,2.23665223665224,22.6551226551227,74.1702741702742,"ssp5","massive"
"1434",70.6749988014283,16,27,301,1049,1393,344,1.14860014357502,1.93826274228284,21.608040201005,75.3050969131371,"ssp5","massive"
"1435",70.7249988005803,14,19,321,1061,1415,354,0.989399293286219,1.34275618374558,22.6855123674912,74.982332155477,"ssp5","massive"
"1436",70.7749987997324,16,16,310,1125,1467,342,1.0906612133606,1.0906612133606,21.1315610088616,76.6871165644172,"ssp5","massive"
"1437",70.8249987988844,17,8,331,1121,1477,356,1.1509817197021,0.541638456330399,22.4102911306703,75.8970886932972,"ssp5","massive"
"1438",70.8749987980365,10,12,342,1125,1489,364,0.671591672263264,0.805910006715917,22.9684351914036,75.5540631296172,"ssp5","massive"
"1439",70.9249987971885,5,27,342,1120,1494,374,0.334672021419009,1.80722891566265,22.8915662650602,74.9665327978581,"ssp5","massive"
"1440",70.9749987963406,12,14,364,1108,1498,390,0.801068090787717,0.934579439252336,24.2990654205607,73.9652870493992,"ssp5","massive"
"1441",71.0249987954926,12,53,353,1075,1493,418,0.803750837240455,3.54989953114535,23.6436704621567,72.0026791694575,"ssp5","massive"
"1442",71.0749987946447,17,69,358,1055,1499,444,1.13408939292862,4.60306871247498,23.8825883922615,70.3802535023349,"ssp5","massive"
"1443",71.1249987937967,37,37,385,1040,1499,459,2.46831220813876,2.46831220813876,25.6837891927952,69.3795863909273,"ssp5","massive"
"1444",71.1749987929488,22,46,429,995,1492,497,1.4745308310992,3.08310991957105,28.7533512064343,66.6890080428954,"ssp5","massive"
"1445",71.2249987921009,13,66,479,937,1495,558,0.869565217391304,4.41471571906354,32.0401337792642,62.6755852842809,"ssp5","massive"
"1446",71.2749987912529,2,121,509,865,1497,632,0.133600534402138,8.08283233132933,34.001336005344,57.7822311289245,"ssp5","massive"
"1447",71.324998790405,2,109,504,871,1486,615,0.134589502018843,7.33512786002692,33.9165545087483,58.6137281292059,"ssp5","massive"
"1448",71.374998789557,0,77,508,905,1490,585,0,5.16778523489933,34.0939597315436,60.738255033557,"ssp5","massive"
"1449",71.4249987887091,1,72,509,884,1466,582,0.0682128240109141,4.91132332878581,34.7203274215553,60.300136425648,"ssp5","massive"
"1450",71.4749987878611,1,67,514,886,1468,582,0.0681198910081744,4.56403269754768,35.0136239782016,60.3542234332425,"ssp5","massive"
"1451",71.5249987870132,1,64,507,908,1480,572,0.0675675675675676,4.32432432432432,34.2567567567568,61.3513513513513,"ssp5","massive"
"1452",71.5749987861652,1,62,506,897,1466,569,0.0682128240109141,4.22919508867667,34.5156889495225,61.1869031377899,"ssp5","massive"
"1453",71.6249987853173,5,70,491,897,1463,566,0.341763499658236,4.78468899521531,33.5611756664388,61.3123718386876,"ssp5","massive"
"1454",71.6749987844694,2,64,494,897,1457,560,0.137268359643102,4.39258750857927,33.9052848318463,61.5648592999314,"ssp5","massive"
"1455",71.7249987836214,1,56,497,891,1445,554,0.0692041522491349,3.87543252595156,34.3944636678201,61.6608996539792,"ssp5","massive"
"1456",71.7749987827735,4,53,511,885,1453,568,0.275292498279422,3.64762560220234,35.1686166551961,60.9084652443221,"ssp5","massive"
"1457",71.8249987819255,9,47,546,855,1457,602,0.61770761839396,3.2258064516129,37.4742621825669,58.6822237474262,"ssp5","massive"
"1458",71.8749987810776,0,68,551,827,1446,619,0,4.70262793914246,38.1051175656985,57.1922544951591,"ssp5","massive"
"1459",71.9249987802296,0,73,536,848,1457,609,0,5.01029512697323,36.7879203843514,58.2017844886754,"ssp5","massive"
"1460",71.9749987793817,0,77,516,862,1455,593,0,5.29209621993127,35.4639175257732,59.2439862542955,"ssp5","massive"
"1461",72.0249987785337,0,73,508,876,1457,581,0,5.01029512697323,34.866163349348,60.1235415236788,"ssp5","massive"
"1462",72.0749987776858,0,76,505,877,1458,581,0,5.21262002743484,34.636488340192,60.1508916323731,"ssp5","massive"
"1463",72.1249987768378,0,83,499,879,1461,582,0,5.68104038329911,34.154688569473,60.1642710472279,"ssp5","massive"
"1464",72.1749987759899,1,75,509,871,1456,585,0.0686813186813187,5.1510989010989,34.9587912087912,59.8214285714286,"ssp5","massive"
"1465",72.2249987751419,0,55,519,883,1457,574,0,3.77487989018531,35.621139327385,60.6039807824296,"ssp5","massive"
"1466",72.274998774294,0,55,520,885,1460,575,0,3.76712328767123,35.6164383561644,60.6164383561644,"ssp5","massive"
"1467",72.3249987734461,0,52,521,897,1470,573,0,3.53741496598639,35.4421768707483,61.0204081632653,"ssp5","massive"
"1468",72.3749987725981,0,49,524,906,1479,573,0,3.3130493576741,35.4293441514537,61.2576064908722,"ssp5","massive"
"1469",72.4249987717502,0,48,525,911,1484,573,0,3.23450134770889,35.377358490566,61.3881401617251,"ssp5","massive"
"1470",72.4749987709022,0,47,545,851,1443,592,0,3.25710325710326,37.7685377685378,58.974358974359,"ssp5","massive"
"1471",72.5249987700543,0,53,542,853,1448,595,0,3.66022099447514,37.4309392265193,58.9088397790055,"ssp5","massive"
"1472",72.5749987692063,0,70,541,834,1445,611,0,4.84429065743945,37.439446366782,57.7162629757785,"ssp5","massive"
"1473",72.6249987683584,0,67,536,847,1450,603,0,4.62068965517241,36.9655172413793,58.4137931034483,"ssp5","massive"
"1474",72.6749987675104,1,57,527,860,1445,585,0.0692041522491349,3.94463667820069,36.4705882352941,59.5155709342561,"ssp5","massive"
"1475",72.7249987666625,0,69,524,851,1444,593,0,4.77839335180055,36.2880886426593,58.9335180055402,"ssp5","massive"
"1476",72.7749987658145,0,82,522,856,1460,604,0,5.61643835616438,35.7534246575342,58.6301369863014,"ssp5","massive"
"1477",72.8249987649666,0,77,504,890,1471,581,0,5.23453433038749,34.2624065261727,60.5030591434398,"ssp5","massive"
"1478",72.8749987641186,0,63,505,903,1471,568,0,4.28280081577158,34.3303874915024,61.386811692726,"ssp5","massive"
"1479",72.9249987632707,0,52,503,904,1459,555,0,3.56408498971899,34.4756682659356,61.9602467443454,"ssp5","massive"
"1480",72.9749987624228,0,46,514,890,1450,560,0,3.17241379310345,35.448275862069,61.3793103448276,"ssp5","massive"
"1481",73.0249987615748,0,49,514,897,1460,563,0,3.35616438356164,35.2054794520548,61.4383561643836,"ssp5","massive"
"1482",73.0749987607269,0,59,522,882,1463,581,0,4.03280929596719,35.6801093643199,60.2870813397129,"ssp5","massive"
"1483",73.1249987598789,0,72,515,880,1467,587,0,4.9079754601227,35.1056578050443,59.986366734833,"ssp5","massive"
"1484",73.174998759031,0,66,518,879,1463,584,0,4.51127819548872,35.4066985645933,60.082023239918,"ssp5","massive"
"1485",73.224998758183,0,77,509,893,1479,586,0,5.20622041920216,34.4151453684922,60.3786342123056,"ssp5","massive"
"1486",73.2749987573351,0,81,497,881,1459,578,0,5.55174777244688,34.0644276901988,60.3838245373544,"ssp5","massive"
"1487",73.3249987564871,0,83,474,893,1450,557,0,5.72413793103448,32.6896551724138,61.5862068965517,"ssp5","massive"
"1488",73.3749987556392,0,88,466,888,1442,554,0,6.10263522884882,32.3162274618585,61.5811373092926,"ssp5","massive"
"1489",73.4249987547912,0,89,464,901,1454,553,0,6.12104539202201,31.9119669876204,61.9669876203576,"ssp5","massive"
"1490",73.4749987539433,0,86,474,866,1426,560,0,6.03085553997195,33.2398316970547,60.7293127629734,"ssp5","massive"
"1491",73.5249987530953,0,91,469,852,1412,560,0,6.44475920679887,33.2152974504249,60.3399433427762,"ssp5","massive"
"1492",73.5749987522474,0,91,469,842,1402,560,0,6.490727532097,33.4522111269615,60.0570613409415,"ssp5","massive"
"1493",73.6249987513994,0,87,462,843,1392,549,0,6.25,33.1896551724138,60.5603448275862,"ssp5","massive"
"1494",73.6749987505515,0,78,467,846,1391,545,0,5.60747663551402,33.5729690869878,60.8195542774982,"ssp5","massive"
"1495",73.7249987497036,0,71,467,872,1410,538,0,5.0354609929078,33.1205673758865,61.8439716312057,"ssp5","massive"
"1496",73.7749987488556,0,81,463,854,1398,544,0,5.79399141630901,33.1187410586552,61.0872675250358,"ssp5","massive"
"1497",73.8249987480077,0,75,466,839,1380,541,0,5.43478260869565,33.768115942029,60.7971014492754,"ssp5","massive"
"1498",73.8749987471597,0,75,455,851,1381,530,0,5.4308472121651,32.9471397538016,61.6220130340333,"ssp5","massive"
"1499",73.9249987463118,1,65,435,896,1397,501,0.0715819613457409,4.65282748747316,31.1381531853973,64.1374373657838,"ssp5","massive"
"1500",73.9749987454638,0,48,434,923,1405,482,0,3.41637010676157,30.8896797153025,65.6939501779359,"ssp5","massive"
"1501",74.0249987446159,1,62,433,917,1413,496,0.0707714083510262,4.38782731776362,30.6440198159943,64.897381457891,"ssp5","massive"
"1502",74.0749987437679,0,76,431,916,1423,507,0,5.34082923401265,30.2881236823612,64.3710470836261,"ssp5","massive"
"1503",74.12499874292,0,66,430,903,1399,496,0,4.71765546819157,30.7362401715511,64.5461043602573,"ssp5","massive"
"1504",74.174998742072,1,49,432,896,1378,482,0.0725689404934688,3.55587808417997,31.3497822931785,65.021770682148,"ssp5","massive"
"1505",74.2249987412241,0,39,435,903,1377,474,0,2.8322440087146,31.5904139433551,65.5773420479303,"ssp5","massive"
"1506",74.2749987403761,0,44,426,902,1372,470,0,3.2069970845481,31.0495626822157,65.7434402332362,"ssp5","massive"
"1507",74.3249987395282,0,41,429,891,1361,470,0,3.01249081557678,31.5209404849375,65.4665686994857,"ssp5","massive"
"1508",74.3749987386803,0,29,431,901,1361,460,0,2.13078618662748,31.6678912564291,66.2013225569434,"ssp5","massive"
"1509",74.4249987378323,0,32,431,882,1345,463,0,2.37918215613383,32.0446096654275,65.5762081784387,"ssp5","massive"
"1510",74.4749987369844,1,38,427,873,1339,466,0.0746825989544436,2.83793876026886,31.8894697535474,65.1979088872293,"ssp5","massive"
"1511",74.5249987361364,1,53,412,887,1353,466,0.073909830007391,3.91722099039172,30.4508499630451,65.5580192165558,"ssp5","massive"
"1512",74.5749987352885,0,59,404,880,1343,463,0,4.39314966492926,30.0819061801936,65.5249441548771,"ssp5","massive"
"1513",74.6249987344405,0,69,410,874,1353,479,0,5.09977827050998,30.3030303030303,64.5971914264597,"ssp5","massive"
"1514",74.6749987335926,0,67,403,907,1377,470,0,4.86564996368918,29.2665214233842,65.8678286129266,"ssp5","massive"
"1515",74.7249987327446,0,97,376,895,1368,473,0,7.0906432748538,27.4853801169591,65.4239766081871,"ssp5","massive"
"1516",74.7749987318967,0,116,376,876,1368,492,0,8.47953216374269,27.4853801169591,64.0350877192982,"ssp5","massive"
"1517",74.8249987310488,0,159,373,831,1363,532,0,11.6654438738078,27.3661041819516,60.9684519442406,"ssp5","massive"
"1518",74.8749987302008,0,184,346,828,1358,530,0,13.5493372606775,25.4786450662739,60.9720176730486,"ssp5","massive"
"1519",74.9249987293529,1,187,335,834,1357,523,0.0736919675755343,13.7803979366249,24.686809137804,61.4591009579956,"ssp5","massive"
"1520",74.9749987285049,0,213,300,835,1348,513,0,15.8011869436202,22.2551928783383,61.9436201780415,"ssp5","massive"
"1521",75.024998727657,0,219,280,824,1323,499,0,16.5532879818594,21.1640211640212,62.2826908541194,"ssp5","massive"
"1522",75.074998726809,0,217,281,833,1331,498,0,16.3035311795642,21.1119459053343,62.5845229151014,"ssp5","massive"
"1523",75.1249987259611,0,193,296,846,1335,489,0,14.4569288389513,22.1722846441948,63.3707865168539,"ssp5","massive"
"1524",75.1749987251131,1,197,303,827,1328,501,0.0753012048192771,14.8343373493976,22.816265060241,62.2740963855422,"ssp5","massive"
"1525",75.2249987242652,0,191,302,842,1335,493,0,14.3071161048689,22.6217228464419,63.0711610486891,"ssp5","massive"
"1526",75.2749987234172,0,181,314,832,1327,495,0,13.6397889977393,23.6623963828184,62.6978146194423,"ssp5","massive"
"1527",75.3249987225693,0,173,330,811,1314,503,0,13.1659056316591,25.1141552511416,61.7199391171994,"ssp5","massive"
"1528",75.3749987217213,1,190,335,792,1318,526,0.0758725341426404,14.4157814871017,25.4172989377845,60.0910470409712,"ssp5","massive"
"1529",75.4249987208734,0,181,352,791,1324,533,0,13.6706948640483,26.5861027190332,59.7432024169184,"ssp5","massive"
"1530",75.4749987200255,0,182,369,776,1327,551,0,13.715146948003,27.8070836473248,58.4777694046722,"ssp5","massive"
"1531",75.5249987191775,1,194,377,755,1327,572,0.0753579502637528,14.619442351168,28.4099472494348,56.8952524491334,"ssp5","massive"
"1532",75.5749987183296,0,177,412,736,1325,589,0,13.3584905660377,31.0943396226415,55.5471698113207,"ssp5","massive"
"1533",75.6249987174816,0,143,448,736,1327,591,0,10.7761868877167,33.7603617181613,55.4634513941221,"ssp5","massive"
"1534",75.6749987166337,0,124,467,730,1321,591,0,9.38682816048448,35.3520060560182,55.2611657834973,"ssp5","massive"
"1535",75.7249987157857,0,139,454,723,1316,593,0,10.5623100303951,34.4984802431611,54.9392097264438,"ssp5","massive"
"1536",75.7749987149378,0,113,435,761,1309,548,0,8.63254392666157,33.231474407945,58.1359816653934,"ssp5","massive"
"1537",75.8249987140898,0,93,459,753,1305,552,0,7.1264367816092,35.1724137931034,57.7011494252874,"ssp5","massive"
"1538",75.8749987132419,0,105,481,718,1304,586,0,8.0521472392638,36.8865030674847,55.0613496932515,"ssp5","massive"
"1539",75.9249987123939,0,74,512,719,1305,586,0,5.67049808429119,39.2337164750958,55.095785440613,"ssp5","massive"
"1540",75.974998711546,0,85,510,707,1302,595,0,6.5284178187404,39.1705069124424,54.3010752688172,"ssp5","massive"
"1541",76.024998710698,0,86,482,732,1300,568,0,6.61538461538462,37.0769230769231,56.3076923076923,"ssp5","massive"
"1542",76.0749987098501,0,79,501,711,1291,580,0,6.11928737412858,38.8071262587142,55.0735863671572,"ssp5","massive"
"1543",76.1249987090021,0,72,503,716,1291,575,0,5.57707203718048,38.9620449264136,55.4608830364059,"ssp5","massive"
"1544",76.1749987081542,0,64,516,712,1292,580,0,4.95356037151703,39.938080495356,55.1083591331269,"ssp5","massive"
"1545",76.2249987073063,1,75,519,710,1305,595,0.0766283524904215,5.74712643678161,39.7701149425287,54.4061302681992,"ssp5","massive"
"1546",76.2749987064583,0,63,522,732,1317,585,0,4.78359908883827,39.6355353075171,55.5808656036446,"ssp5","massive"
"1547",76.3249987056104,1,56,537,721,1315,594,0.0760456273764259,4.25855513307985,40.8365019011407,54.828897338403,"ssp5","massive"
"1548",76.3749987047624,0,102,531,691,1324,633,0,7.70392749244713,40.1057401812689,52.190332326284,"ssp5","massive"
"1549",76.4249987039145,1,107,513,706,1327,621,0.0753579502637528,8.06330067822155,38.6586284853052,53.2027128862095,"ssp5","massive"
"1550",76.4749987030665,1,55,559,703,1318,615,0.0758725341426404,4.17298937784522,42.412746585736,53.3383915022762,"ssp5","massive"
"1551",76.5249987022186,1,45,571,706,1323,617,0.0755857898715042,3.40136054421769,43.1594860166289,53.3635676492819,"ssp5","massive"
"1552",76.5749987013706,2,42,589,683,1316,633,0.151975683890578,3.19148936170213,44.7568389057751,51.8996960486322,"ssp5","massive"
"1553",76.6249987005227,1,57,586,671,1315,644,0.0760456273764259,4.33460076045627,44.5627376425856,51.0266159695817,"ssp5","massive"
"1554",76.6749986996747,2,37,587,690,1316,626,0.151975683890578,2.81155015197568,44.6048632218845,52.4316109422492,"ssp5","massive"
"1555",76.7249986988268,1,29,593,684,1307,623,0.0765110941086457,2.21882172915073,45.3710788064269,52.3335883703137,"ssp5","massive"
"1556",76.7749986979788,1,44,575,682,1302,620,0.0768049155145929,3.37941628264209,44.1628264208909,52.3809523809524,"ssp5","massive"
"1557",76.8249986971309,1,48,576,653,1278,625,0.0782472613458529,3.75586854460094,45.0704225352113,51.0954616588419,"ssp5","massive"
"1558",76.874998696283,1,67,564,622,1254,632,0.0797448165869219,5.34290271132376,44.9760765550239,49.6012759170654,"ssp5","massive"
"1559",76.924998695435,1,87,563,591,1242,651,0.0805152979066023,7.0048309178744,45.3301127214171,47.5845410628019,"ssp5","massive"
"1560",76.9749986945871,4,73,560,602,1239,637,0.322841000807102,5.89184826472962,45.1977401129944,48.5875706214689,"ssp5","massive"
"1561",77.0249986937391,3,83,548,594,1228,634,0.244299674267101,6.75895765472313,44.6254071661238,48.371335504886,"ssp5","massive"
"1562",77.0749986928912,6,78,540,598,1222,624,0.490998363338789,6.38297872340426,44.189852700491,48.936170212766,"ssp5","massive"
"1563",77.1249986920432,6,71,559,582,1218,636,0.492610837438424,5.82922824302135,45.8949096880131,47.7832512315271,"ssp5","massive"
"1564",77.1749986911953,1,82,542,586,1211,625,0.0825763831544178,6.77126341866226,44.7563996696945,48.3897605284888,"ssp5","massive"
"1565",77.2249986903473,2,98,513,596,1209,613,0.165425971877585,8.10587262200166,42.4317617866005,49.2969396195203,"ssp5","massive"
"1566",77.2749986894994,2,101,507,597,1207,610,0.165700082850041,8.36785418392709,42.0049710024855,49.4614747307374,"ssp5","massive"
"1567",77.3249986886514,1,123,462,632,1218,586,0.0821018062397373,10.0985221674877,37.9310344827586,51.888341543514,"ssp5","massive"
"1568",77.3749986878035,0,150,422,659,1231,572,0,12.1852152721365,34.2810722989439,53.5337124289196,"ssp5","massive"
"1569",77.4249986869555,2,153,413,650,1218,568,0.164203612479475,12.5615763546798,33.9080459770115,53.3661740558292,"ssp5","massive"
"1570",77.4749986861076,1,159,411,635,1206,571,0.0829187396351575,13.1840796019901,34.0796019900498,52.653399668325,"ssp5","massive"
"1571",77.5249986852597,0,173,392,622,1187,565,0,14.5745577085088,33.0244313395114,52.4010109519798,"ssp5","massive"
"1572",77.5749986844117,0,170,385,650,1205,555,0,14.1078838174274,31.9502074688797,53.9419087136929,"ssp5","massive"
"1573",77.6249986835638,1,130,422,619,1172,553,0.0853242320819113,11.0921501706485,36.0068259385666,52.8156996587031,"ssp5","massive"
"1574",77.6749986827158,0,127,416,615,1158,543,0,10.9671848013817,35.9240069084629,53.1088082901554,"ssp5","massive"
"1575",77.7249986818679,1,83,414,673,1171,498,0.085397096498719,7.08795900939368,35.3543979504697,57.4722459436379,"ssp5","massive"
"1576",77.7749986810199,2,78,398,691,1169,478,0.171086398631309,6.67236954662104,34.0461933276305,59.1103507271172,"ssp5","massive"
"1577",77.824998680172,3,66,407,694,1170,476,0.256410256410256,5.64102564102564,34.7863247863248,59.3162393162393,"ssp5","massive"
"1578",77.874998679324,1,64,408,685,1158,473,0.0863557858376511,5.52677029360967,35.2331606217617,59.153713298791,"ssp5","massive"
"1579",77.9249986784761,1,58,422,688,1169,481,0.0855431993156544,4.96150556030796,36.0992301112062,58.8537211291702,"ssp5","massive"
"1580",77.9749986776282,1,56,443,684,1184,500,0.0844594594594595,4.72972972972973,37.4155405405405,57.7702702702703,"ssp5","massive"
"1581",78.0249986767802,3,57,474,652,1186,534,0.252951096121417,4.80607082630691,39.9662731871838,54.9747048903879,"ssp5","massive"
"1582",78.0749986759322,1,64,481,624,1170,546,0.0854700854700855,5.47008547008547,41.1111111111111,53.3333333333333,"ssp5","massive"
"1583",78.1249986750843,6,58,488,635,1187,552,0.50547598989048,4.88626790227464,41.1120471777591,53.4962089300758,"ssp5","massive"
"1584",78.1749986742364,3,51,481,676,1211,535,0.247729149463254,4.21139554087531,39.719240297275,55.8216350123865,"ssp5","massive"
"1585",78.2249986733884,1,66,445,688,1200,512,0.0833333333333333,5.5,37.0833333333333,57.3333333333333,"ssp5","massive"
"1586",78.2749986725405,2,67,463,660,1192,532,0.167785234899329,5.62080536912752,38.8422818791946,55.3691275167785,"ssp5","massive"
"1587",78.3249986716925,5,58,439,687,1189,502,0.420521446593776,4.8780487804878,36.9217830109336,57.7796467619849,"ssp5","massive"
"1588",78.3749986708446,2,103,409,694,1208,514,0.165562913907285,8.52649006622517,33.8576158940397,57.4503311258278,"ssp5","massive"
"1589",78.4249986699966,1,57,417,712,1187,475,0.08424599831508,4.80202190395956,35.1305812973884,59.983150800337,"ssp5","massive"
"1590",78.4749986691487,0,47,436,693,1176,483,0,3.99659863945578,37.0748299319728,58.9285714285714,"ssp5","massive"
"1591",78.5249986683007,0,28,464,696,1188,492,0,2.35690235690236,39.0572390572391,58.5858585858586,"ssp5","massive"
"1592",78.5749986674528,0,33,442,697,1172,475,0,2.81569965870307,37.7133105802048,59.4709897610922,"ssp5","massive"
"1593",78.6249986666049,0,29,450,683,1162,479,0,2.49569707401033,38.7263339070568,58.7779690189329,"ssp5","massive"
"1594",78.6749986657569,4,41,456,643,1144,501,0.34965034965035,3.58391608391608,39.8601398601399,56.2062937062937,"ssp5","massive"
"1595",78.724998664909,6,26,451,619,1102,483,0.544464609800363,2.35934664246824,40.9255898366606,56.1705989110708,"ssp5","massive"
"1596",78.774998664061,5,53,431,611,1100,489,0.454545454545455,4.81818181818182,39.1818181818182,55.5454545454545,"ssp5","massive"
"1597",78.8249986632131,2,24,437,638,1101,463,0.181653042688465,2.17983651226158,39.6911898274296,57.9473206176203,"ssp5","massive"
"1598",78.8749986623651,2,17,433,648,1100,452,0.181818181818182,1.54545454545455,39.3636363636364,58.9090909090909,"ssp5","massive"
"1599",78.9249986615172,2,19,432,683,1136,453,0.176056338028169,1.67253521126761,38.0281690140845,60.1232394366197,"ssp5","massive"
"1600",78.9749986606692,3,13,464,671,1151,480,0.260642919200695,1.12945264986968,40.3127715030408,58.2971329278888,"ssp5","massive"
"1601",79.0249986598213,13,20,452,650,1135,485,1.14537444933921,1.76211453744493,39.8237885462555,57.2687224669604,"ssp5","massive"
"1602",79.0749986589733,2,14,467,635,1118,483,0.178890876565295,1.25223613595707,41.7710196779964,56.7978533094812,"ssp5","massive"
"1603",79.1249986581254,5,9,492,621,1127,506,0.443655723158829,0.798580301685892,43.6557231588287,55.1020408163265,"ssp5","massive"
"1604",79.1749986572774,7,19,463,650,1139,489,0.614574187884109,1.66812993854258,40.6496927129061,57.0676031606673,"ssp5","massive"
"1605",79.2249986564295,3,19,440,661,1123,462,0.267141585040071,1.69189670525378,39.1807658058771,58.860195903829,"ssp5","massive"
"1606",79.2749986555816,4,18,446,648,1116,468,0.3584229390681,1.61290322580645,39.9641577060932,58.0645161290323,"ssp5","massive"
"1607",79.3249986547336,5,17,456,636,1114,478,0.448833034111311,1.52603231597846,40.9335727109515,57.0915619389587,"ssp5","massive"
"1608",79.3749986538857,2,15,461,585,1063,478,0.188146754468485,1.41110065851364,43.3678269049859,55.032925682032,"ssp5","massive"
"1609",79.4249986530377,6,24,447,567,1044,477,0.574712643678161,2.29885057471264,42.816091954023,54.3103448275862,"ssp5","massive"
"1610",79.4749986521898,10,16,444,573,1043,470,0.958772770853308,1.53403643336529,42.5695110258869,54.9376797698945,"ssp5","massive"
"1611",79.5249986513418,11,28,431,567,1037,470,1.06075216972035,2.70009643201543,41.5621986499518,54.6769527483124,"ssp5","massive"
"1612",79.5749986504939,7,26,439,578,1050,472,0.666666666666667,2.47619047619048,41.8095238095238,55.047619047619,"ssp5","massive"
"1613",79.6249986496459,15,23,440,594,1072,478,1.39925373134328,2.1455223880597,41.044776119403,55.410447761194,"ssp5","massive"
"1614",79.674998648798,10,9,445,602,1066,464,0.938086303939963,0.844277673545966,41.7448405253283,56.4727954971857,"ssp5","massive"
"1615",79.72499864795,8,7,438,621,1074,453,0.74487895716946,0.651769087523277,40.7821229050279,57.8212290502793,"ssp5","massive"
"1616",79.7749986471021,5,7,435,589,1036,447,0.482625482625483,0.675675675675676,41.988416988417,56.8532818532819,"ssp5","massive"
"1617",79.8249986462541,4,6,427,584,1021,437,0.39177277179236,0.587659157688541,41.8217433888345,57.1988246816846,"ssp5","massive"
"1618",79.8749986454062,6,10,437,598,1051,453,0.570884871550904,0.951474785918173,41.5794481446242,56.8981921979068,"ssp5","massive"
"1619",79.9249986445582,5,22,468,559,1054,495,0.47438330170778,2.08728652751423,44.4022770398482,53.0360531309298,"ssp5","massive"
"1620",79.9749986437103,6,14,498,556,1074,518,0.558659217877095,1.30353817504655,46.3687150837989,51.7690875232775,"ssp5","massive"
"1621",80.0249986428624,7,10,504,568,1089,521,0.642791551882461,0.918273645546373,46.2809917355372,52.157943067034,"ssp5","massive"
"1622",80.0749986420144,10,23,484,573,1090,517,0.917431192660551,2.11009174311927,44.4036697247706,52.5688073394495,"ssp5","massive"
"1623",80.1249986411665,10,12,486,583,1091,508,0.916590284142988,1.09990834097159,44.5462878093492,53.4372135655362,"ssp5","massive"
"1624",80.1749986403185,15,15,512,558,1100,542,1.36363636363636,1.36363636363636,46.5454545454545,50.7272727272727,"ssp5","massive"
"1625",80.2249986394706,16,25,531,555,1127,572,1.41969831410825,2.21827861579414,47.1162377994676,49.24578527063,"ssp5","massive"
"1626",80.2749986386226,14,17,555,553,1139,586,1.22914837576822,1.49253731343284,48.7269534679543,48.5513608428446,"ssp5","massive"
"1627",80.3249986377747,23,31,579,529,1162,633,1.97934595524957,2.66781411359725,49.8278829604131,45.5249569707401,"ssp5","massive"
"1628",80.3749986369267,24,45,573,547,1189,642,2.01850294365013,3.78469301934399,48.1917577796468,46.0050462573591,"ssp5","massive"
"1629",80.4249986360788,40,36,553,562,1191,629,3.35852225020991,3.02267002518892,46.431570109152,47.1872376154492,"ssp5","massive"
"1630",80.4749986352308,42,25,595,554,1216,662,3.45394736842105,2.05592105263158,48.9309210526316,45.5592105263158,"ssp5","massive"
"1631",80.5249986343829,25,41,649,540,1255,715,1.99203187250996,3.26693227091633,51.7131474103586,43.0278884462151,"ssp5","massive"
"1632",80.5749986335349,35,41,640,540,1256,716,2.78662420382166,3.26433121019108,50.9554140127389,42.9936305732484,"ssp5","massive"
"1633",80.624998632687,31,28,582,593,1234,641,2.51215559157212,2.26904376012966,47.1636952998379,48.0551053484603,"ssp5","massive"
"1634",80.6749986318391,18,38,555,601,1212,611,1.48514851485149,3.13531353135314,45.7920792079208,49.5874587458746,"ssp5","massive"
"1635",80.7249986309911,13,34,578,585,1210,625,1.07438016528926,2.8099173553719,47.7685950413223,48.3471074380165,"ssp5","massive"
"1636",80.7749986301432,4,23,588,570,1185,615,0.337552742616034,1.94092827004219,49.620253164557,48.1012658227848,"ssp5","massive"
"1637",80.8249986292952,4,30,595,561,1190,629,0.336134453781513,2.52100840336134,50,47.1428571428571,"ssp5","massive"
"1638",80.8749986284473,5,12,640,537,1194,657,0.418760469011725,1.00502512562814,53.6013400335008,44.9748743718593,"ssp5","massive"
"1639",80.9249986275993,4,11,651,536,1202,666,0.332778702163062,0.915141430948419,54.1597337770383,44.5923460898502,"ssp5","massive"
"1640",80.9749986267514,9,10,656,514,1189,675,0.756938603868797,0.841042893187553,55.1724137931034,43.2296047098402,"ssp5","massive"
"1641",81.0249986259034,0,1,671,504,1176,672,0,0.0850340136054422,57.0578231292517,42.8571428571429,"ssp5","massive"
"1642",81.0749986250555,15,3,655,503,1176,673,1.27551020408163,0.255102040816327,55.6972789115646,42.7721088435374,"ssp5","massive"
"1643",81.1249986242075,35,5,627,500,1167,667,2.99914310197087,0.428449014567267,53.7275064267352,42.8449014567266,"ssp5","massive"
"1644",81.1749986233596,54,5,603,504,1166,662,4.63121783876501,0.428816466552316,51.7152658662093,43.2246998284734,"ssp5","massive"
"1645",81.2249986225116,47,10,582,525,1164,639,4.03780068728522,0.859106529209622,50,45.1030927835052,"ssp5","massive"
"1646",81.2749986216637,31,17,570,543,1161,618,2.67011197243755,1.46425495262705,49.0956072351421,46.7700258397933,"ssp5","massive"
"1647",81.3249986208158,43,24,517,567,1151,584,3.73588184187663,2.08514335360556,44.9174630755864,49.2615117289314,"ssp5","massive"
"1648",81.3749986199678,59,41,443,613,1156,543,5.1038062283737,3.54671280276817,38.3217993079585,53.0276816608997,"ssp5","massive"
"1649",81.4249986191199,24,14,400,757,1195,438,2.00836820083682,1.17154811715481,33.4728033472803,63.347280334728,"ssp5","massive"
"1650",81.4749986182719,4,7,366,854,1231,377,0.324939073923639,0.568643379366369,29.731925264013,69.374492282697,"ssp5","massive"
"1651",81.524998617424,3,1,332,905,1241,336,0.24174053182917,0.08058017727639,26.7526188557615,72.925060435133,"ssp5","massive"
"1652",81.574998616576,3,2,321,913,1239,326,0.242130750605327,0.161420500403551,25.90799031477,73.6884584342211,"ssp5","massive"
"1653",81.6249986157281,3,6,303,976,1288,312,0.232919254658385,0.46583850931677,23.5248447204969,75.7763975155279,"ssp5","massive"
"1654",81.6749986148801,2,6,286,1016,1310,294,0.152671755725191,0.458015267175573,21.8320610687023,77.5572519083969,"ssp5","massive"
"1655",81.7249986140322,1,0,301,1045,1347,302,0.0742390497401633,0,22.3459539717892,77.5798069784707,"ssp5","massive"
"1656",81.7749986131843,2,3,294,1088,1387,299,0.144196106705119,0.216294160057678,21.1968276856525,78.4426820475847,"ssp5","massive"
"1657",81.8249986123363,1,4,283,1134,1422,288,0.070323488045007,0.281293952180028,19.901547116737,79.746835443038,"ssp5","massive"
"1658",81.8749986114884,0,23,247,1189,1459,270,0,1.57642220699109,16.9294037011652,81.4941740918437,"ssp5","massive"
"1659",81.9249986106404,1,4,238,1213,1456,243,0.0686813186813187,0.274725274725275,16.3461538461538,83.3104395604396,"ssp5","massive"
"1660",81.9749986097925,1,9,196,1243,1449,206,0.0690131124913734,0.62111801242236,13.5265700483092,85.7832988267771,"ssp5","massive"
"1661",82.0249986089445,0,6,188,1323,1517,194,0,0.3955174686882,12.3928806855636,87.2116018457482,"ssp5","massive"
"1662",82.0749986080966,0,44,98,1423,1565,142,0,2.81150159744409,6.26198083067093,90.926517571885,"ssp5","massive"
"1663",82.1249986072486,0,7,70,1517,1594,77,0,0.439146800501882,4.39146800501882,95.1693851944793,"ssp5","massive"
"1664",82.1749986064007,0,18,58,1480,1556,76,0,1.15681233933162,3.72750642673522,95.1156812339332,"ssp5","massive"
"1665",82.2249986055527,0,13,51,1470,1534,64,0,0.847457627118644,3.32464146023468,95.8279009126467,"ssp5","massive"
"1666",82.2749986047048,0,4,62,1480,1546,66,0,0.258732212160414,4.01034928848642,95.7309184993532,"ssp5","massive"
"1667",82.3249986038568,0,18,70,1453,1541,88,0,1.16807268007787,4.5425048669695,94.2894224529526,"ssp5","massive"
"1668",82.3749986030089,0,16,45,1473,1534,61,0,1.04302477183833,2.93350717079531,96.0234680573664,"ssp5","massive"
"1669",82.424998602161,0,22,26,1490,1538,48,0,1.43042912873862,1.69050715214564,96.8790637191157,"ssp5","massive"
"1670",82.474998601313,0,30,22,1516,1568,52,0,1.91326530612245,1.4030612244898,96.6836734693878,"ssp5","massive"
"1671",82.5249986004651,0,45,14,1510,1569,59,0,2.86806883365201,0.892288081580625,96.2396430847674,"ssp5","massive"
"1672",82.5749985996171,0,33,26,1509,1568,59,0,2.10459183673469,1.65816326530612,96.2372448979592,"ssp5","massive"
"1673",82.6249985987692,0,30,14,1557,1601,44,0,1.8738288569644,0.874453466583385,97.2517176764522,"ssp5","massive"
"1674",82.6749985979212,0,34,5,1559,1598,39,0,2.12765957446809,0.312891113892365,97.5594493116395,"ssp5","massive"
"1675",82.7249985970733,0,22,6,1624,1652,28,0,1.3317191283293,0.36319612590799,98.3050847457627,"ssp5","massive"
"1676",82.7749985962253,0,18,8,1622,1648,26,0,1.09223300970874,0.485436893203883,98.4223300970874,"ssp5","massive"
"1677",82.8249985953774,0,8,0,1573,1581,8,0,0.506008855154965,0,99.493991144845,"ssp5","massive"
"1678",82.8749985945294,2,0,0,1606,1608,2,0.124378109452736,0,0,99.8756218905473,"ssp5","massive"
"1679",82.9249985936815,0,8,0,1644,1652,8,0,0.484261501210654,0,99.5157384987893,"ssp5","massive"
"1680",82.9749985928335,0,14,1,1645,1660,15,0,0.843373493975904,0.0602409638554217,99.0963855421687,"ssp5","massive"
