"","y","loss","gain","stable","absent","total_cells","total_present","percent_loss","percent_gain","percent_stable","percent_absent","ssp","morphotype"
"1",41.0249993042603,0,0,0,1358,1358,0,0,0,0,100,"ssp2","papillate"
"2",41.0749993034123,0,0,0,1375,1375,0,0,0,0,100,"ssp2","papillate"
"3",41.1249993025644,0,0,0,1400,1400,0,0,0,0,100,"ssp2","papillate"
"4",41.1749993017164,0,0,0,1431,1431,0,0,0,0,100,"ssp2","papillate"
"5",41.2249993008685,0,0,0,1441,1441,0,0,0,0,100,"ssp2","papillate"
"6",41.2749993000205,0,0,0,1447,1447,0,0,0,0,100,"ssp2","papillate"
"7",41.3249992991726,0,0,0,1451,1451,0,0,0,0,100,"ssp2","papillate"
"8",41.3749992983247,0,0,0,1467,1467,0,0,0,0,100,"ssp2","papillate"
"9",41.4249992974767,0,0,0,1470,1470,0,0,0,0,100,"ssp2","papillate"
"10",41.4749992966288,0,0,0,1472,1472,0,0,0,0,100,"ssp2","papillate"
"11",41.5249992957808,0,0,0,1472,1472,0,0,0,0,100,"ssp2","papillate"
"12",41.5749992949329,0,0,0,1470,1470,0,0,0,0,100,"ssp2","papillate"
"13",41.6249992940849,0,0,0,1472,1472,0,0,0,0,100,"ssp2","papillate"
"14",41.674999293237,0,0,0,1480,1480,0,0,0,0,100,"ssp2","papillate"
"15",41.724999292389,0,0,0,1483,1483,0,0,0,0,100,"ssp2","papillate"
"16",41.7749992915411,0,0,0,1481,1481,0,0,0,0,100,"ssp2","papillate"
"17",41.8249992906931,0,0,0,1483,1483,0,0,0,0,100,"ssp2","papillate"
"18",41.8749992898452,0,0,0,1484,1484,0,0,0,0,100,"ssp2","papillate"
"19",41.9249992889972,0,0,0,1494,1494,0,0,0,0,100,"ssp2","papillate"
"20",41.9749992881493,0,0,0,1519,1519,0,0,0,0,100,"ssp2","papillate"
"21",42.0249992873013,0,0,0,1536,1536,0,0,0,0,100,"ssp2","papillate"
"22",42.0749992864534,0,0,0,1538,1538,0,0,0,0,100,"ssp2","papillate"
"23",42.1249992856055,0,0,0,1538,1538,0,0,0,0,100,"ssp2","papillate"
"24",42.1749992847575,0,0,0,1538,1538,0,0,0,0,100,"ssp2","papillate"
"25",42.2249992839096,0,0,0,1541,1541,0,0,0,0,100,"ssp2","papillate"
"26",42.2749992830616,0,0,0,1540,1540,0,0,0,0,100,"ssp2","papillate"
"27",42.3249992822137,0,0,0,1530,1530,0,0,0,0,100,"ssp2","papillate"
"28",42.3749992813657,0,0,0,1534,1534,0,0,0,0,100,"ssp2","papillate"
"29",42.4249992805178,0,0,0,1528,1528,0,0,0,0,100,"ssp2","papillate"
"30",42.4749992796698,0,0,0,1532,1532,0,0,0,0,100,"ssp2","papillate"
"31",42.5249992788219,0,0,0,1531,1531,0,0,0,0,100,"ssp2","papillate"
"32",42.5749992779739,0,0,0,1525,1525,0,0,0,0,100,"ssp2","papillate"
"33",42.624999277126,0,0,0,1528,1528,0,0,0,0,100,"ssp2","papillate"
"34",42.6749992762781,0,0,0,1527,1527,0,0,0,0,100,"ssp2","papillate"
"35",42.7249992754301,0,0,0,1518,1518,0,0,0,0,100,"ssp2","papillate"
"36",42.7749992745822,0,0,0,1508,1508,0,0,0,0,100,"ssp2","papillate"
"37",42.8249992737342,0,0,0,1503,1503,0,0,0,0,100,"ssp2","papillate"
"38",42.8749992728863,0,0,0,1504,1504,0,0,0,0,100,"ssp2","papillate"
"39",42.9249992720383,0,0,0,1493,1493,0,0,0,0,100,"ssp2","papillate"
"40",42.9749992711904,0,0,0,1490,1490,0,0,0,0,100,"ssp2","papillate"
"41",43.0249992703424,0,0,0,1492,1492,0,0,0,0,100,"ssp2","papillate"
"42",43.0749992694945,0,0,0,1488,1488,0,0,0,0,100,"ssp2","papillate"
"43",43.1249992686465,0,0,2,1463,1465,2,0,0,0.136518771331058,99.8634812286689,"ssp2","papillate"
"44",43.1749992677986,0,0,1,1452,1453,1,0,0,0.0688231245698555,99.9311768754302,"ssp2","papillate"
"45",43.2249992669506,0,0,1,1449,1450,1,0,0,0.0689655172413793,99.9310344827586,"ssp2","papillate"
"46",43.2749992661027,0,0,2,1437,1439,2,0,0,0.138985406532314,99.8610145934677,"ssp2","papillate"
"47",43.3249992652548,0,0,3,1447,1450,3,0,0,0.206896551724138,99.7931034482759,"ssp2","papillate"
"48",43.3749992644068,0,0,1,1443,1444,1,0,0,0.0692520775623269,99.9307479224377,"ssp2","papillate"
"49",43.4249992635589,1,0,0,1459,1460,1,0.0684931506849315,0,0,99.9315068493151,"ssp2","papillate"
"50",43.4749992627109,1,0,2,1453,1456,3,0.0686813186813187,0,0.137362637362637,99.793956043956,"ssp2","papillate"
"51",43.524999261863,1,0,1,1455,1457,2,0.0686341798215511,0,0.0686341798215511,99.8627316403569,"ssp2","papillate"
"52",43.574999261015,0,0,0,1476,1476,0,0,0,0,100,"ssp2","papillate"
"53",43.6249992601671,2,0,2,1484,1488,4,0.134408602150538,0,0.134408602150538,99.7311827956989,"ssp2","papillate"
"54",43.6749992593191,3,0,1,1487,1491,4,0.201207243460765,0,0.0670690811535882,99.7317236753856,"ssp2","papillate"
"55",43.7249992584712,4,0,5,1486,1495,9,0.267558528428094,0,0.334448160535117,99.3979933110368,"ssp2","papillate"
"56",43.7749992576232,3,3,6,1480,1492,12,0.201072386058981,0.201072386058981,0.402144772117962,99.1957104557641,"ssp2","papillate"
"57",43.8249992567753,4,4,10,1470,1488,18,0.268817204301075,0.268817204301075,0.672043010752688,98.7903225806452,"ssp2","papillate"
"58",43.8749992559273,5,5,7,1465,1482,17,0.337381916329285,0.337381916329285,0.472334682860999,98.8529014844804,"ssp2","papillate"
"59",43.9249992550794,6,3,4,1463,1476,13,0.40650406504065,0.203252032520325,0.2710027100271,99.1192411924119,"ssp2","papillate"
"60",43.9749992542315,3,3,9,1462,1477,15,0.2031144211239,0.2031144211239,0.609343263371699,98.9844278943805,"ssp2","papillate"
"61",44.0249992533835,2,3,10,1457,1472,15,0.135869565217391,0.203804347826087,0.679347826086957,98.9809782608696,"ssp2","papillate"
"62",44.0749992525356,2,2,4,1457,1465,8,0.136518771331058,0.136518771331058,0.273037542662116,99.4539249146758,"ssp2","papillate"
"63",44.1249992516876,4,3,4,1454,1465,11,0.273037542662116,0.204778156996587,0.273037542662116,99.2491467576792,"ssp2","papillate"
"64",44.1749992508397,3,4,4,1447,1458,11,0.205761316872428,0.274348422496571,0.274348422496571,99.2455418381344,"ssp2","papillate"
"65",44.2249992499917,3,4,5,1442,1454,12,0.206327372764787,0.275103163686382,0.343878954607978,99.1746905089409,"ssp2","papillate"
"66",44.2749992491438,2,4,1,1446,1453,7,0.137646249139711,0.275292498279422,0.0688231245698555,99.518238128011,"ssp2","papillate"
"67",44.3249992482958,1,8,2,1431,1442,11,0.0693481276005548,0.554785020804438,0.13869625520111,99.2371705963939,"ssp2","papillate"
"68",44.3749992474479,4,7,8,1414,1433,19,0.279134682484299,0.488485694347523,0.558269364968597,98.6741102581996,"ssp2","papillate"
"69",44.4249992465999,3,7,9,1390,1409,19,0.21291696238467,0.49680624556423,0.63875088715401,98.6515259048971,"ssp2","papillate"
"70",44.474999245752,3,4,10,1390,1407,17,0.213219616204691,0.284292821606254,0.710732054015636,98.7917555081734,"ssp2","papillate"
"71",44.5249992449041,4,4,19,1369,1396,27,0.286532951289398,0.286532951289398,1.36103151862464,98.0659025787966,"ssp2","papillate"
"72",44.5749992440561,4,3,11,1371,1389,18,0.287976961843053,0.215982721382289,0.791936645068395,98.7041036717063,"ssp2","papillate"
"73",44.6249992432082,1,5,9,1375,1390,15,0.0719424460431655,0.359712230215827,0.647482014388489,98.9208633093525,"ssp2","papillate"
"74",44.6749992423602,0,7,7,1370,1384,14,0,0.505780346820809,0.505780346820809,98.9884393063584,"ssp2","papillate"
"75",44.7249992415123,3,4,10,1360,1377,17,0.217864923747277,0.290486564996369,0.726216412490922,98.7654320987654,"ssp2","papillate"
"76",44.7749992406643,3,5,6,1353,1367,14,0.21945866861741,0.365764447695684,0.438917337234821,98.9758595464521,"ssp2","papillate"
"77",44.8249992398164,4,8,3,1332,1347,15,0.296956198960653,0.593912397921307,0.22271714922049,98.8864142538975,"ssp2","papillate"
"78",44.8749992389684,5,4,7,1325,1341,16,0.372856077554064,0.298284862043251,0.52199850857569,98.806860551827,"ssp2","papillate"
"79",44.9249992381205,0,7,8,1321,1336,15,0,0.523952095808383,0.598802395209581,98.877245508982,"ssp2","papillate"
"80",44.9749992372725,0,11,5,1312,1328,16,0,0.828313253012048,0.376506024096386,98.7951807228916,"ssp2","papillate"
"81",45.0249992364246,0,10,2,1310,1322,12,0,0.75642965204236,0.151285930408472,99.0922844175492,"ssp2","papillate"
"82",45.0749992355766,0,3,6,1298,1307,9,0,0.229533282325937,0.459066564651875,99.3114001530222,"ssp2","papillate"
"83",45.1249992347287,0,6,0,1286,1292,6,0,0.464396284829721,0,99.5356037151703,"ssp2","papillate"
"84",45.1749992338807,0,7,0,1280,1287,7,0,0.543900543900544,0,99.4560994560995,"ssp2","papillate"
"85",45.2249992330328,0,6,0,1278,1284,6,0,0.467289719626168,0,99.5327102803738,"ssp2","papillate"
"86",45.2749992321849,0,6,0,1282,1288,6,0,0.46583850931677,0,99.5341614906832,"ssp2","papillate"
"87",45.3249992313369,0,8,0,1277,1285,8,0,0.622568093385214,0,99.3774319066148,"ssp2","papillate"
"88",45.374999230489,0,7,0,1277,1284,7,0,0.545171339563863,0,99.4548286604361,"ssp2","papillate"
"89",45.424999229641,0,10,0,1279,1289,10,0,0.775795190069822,0,99.2242048099302,"ssp2","papillate"
"90",45.4749992287931,0,10,0,1293,1303,10,0,0.767459708365311,0,99.2325402916347,"ssp2","papillate"
"91",45.5249992279451,0,2,0,1304,1306,2,0,0.153139356814701,0,99.8468606431853,"ssp2","papillate"
"92",45.5749992270972,0,2,0,1308,1310,2,0,0.152671755725191,0,99.8473282442748,"ssp2","papillate"
"93",45.6249992262492,0,5,0,1302,1307,5,0,0.382555470543229,0,99.6174445294568,"ssp2","papillate"
"94",45.6749992254013,0,7,0,1296,1303,7,0,0.537221795855718,0,99.4627782041443,"ssp2","papillate"
"95",45.7249992245533,0,6,0,1293,1299,6,0,0.46189376443418,0,99.5381062355658,"ssp2","papillate"
"96",45.7749992237054,0,10,0,1293,1303,10,0,0.767459708365311,0,99.2325402916347,"ssp2","papillate"
"97",45.8249992228574,0,8,0,1295,1303,8,0,0.613967766692249,0,99.3860322333078,"ssp2","papillate"
"98",45.8749992220095,0,18,0,1292,1310,18,0,1.37404580152672,0,98.6259541984733,"ssp2","papillate"
"99",45.9249992211616,0,13,0,1296,1309,13,0,0.993124522536287,0,99.0068754774637,"ssp2","papillate"
"100",45.9749992203136,0,9,0,1297,1306,9,0,0.689127105666156,0,99.3108728943338,"ssp2","papillate"
"101",46.0249992194657,0,5,0,1298,1303,5,0,0.383729854182655,0,99.6162701458173,"ssp2","papillate"
"102",46.0749992186177,0,4,0,1303,1307,4,0,0.306044376434583,0,99.6939556235654,"ssp2","papillate"
"103",46.1249992177698,0,3,0,1287,1290,3,0,0.232558139534884,0,99.7674418604651,"ssp2","papillate"
"104",46.1749992169218,0,4,0,1274,1278,4,0,0.312989045383412,0,99.6870109546166,"ssp2","papillate"
"105",46.2249992160739,0,3,0,1271,1274,3,0,0.235478806907378,0,99.7645211930926,"ssp2","papillate"
"106",46.2749992152259,0,0,0,1265,1265,0,0,0,0,100,"ssp2","papillate"
"107",46.324999214378,0,0,0,1256,1256,0,0,0,0,100,"ssp2","papillate"
"108",46.37499921353,0,0,0,1250,1250,0,0,0,0,100,"ssp2","papillate"
"109",46.4249992126821,0,0,0,1242,1242,0,0,0,0,100,"ssp2","papillate"
"110",46.4749992118342,0,0,0,1232,1232,0,0,0,0,100,"ssp2","papillate"
"111",46.5249992109862,0,0,0,1233,1233,0,0,0,0,100,"ssp2","papillate"
"112",46.5749992101383,0,0,0,1232,1232,0,0,0,0,100,"ssp2","papillate"
"113",46.6249992092903,0,0,0,1211,1211,0,0,0,0,100,"ssp2","papillate"
"114",46.6749992084424,0,2,0,1194,1196,2,0,0.167224080267559,0,99.8327759197324,"ssp2","papillate"
"115",46.7249992075944,0,2,0,1189,1191,2,0,0.167926112510495,0,99.8320738874895,"ssp2","papillate"
"116",46.7749992067465,0,1,0,1181,1182,1,0,0.0846023688663283,0,99.9153976311337,"ssp2","papillate"
"117",46.8249992058985,0,0,0,1168,1168,0,0,0,0,100,"ssp2","papillate"
"118",46.8749992050506,0,0,0,1168,1168,0,0,0,0,100,"ssp2","papillate"
"119",46.9249992042026,1,0,0,1155,1156,1,0.0865051903114187,0,0,99.9134948096886,"ssp2","papillate"
"120",46.9749992033547,1,0,0,1152,1153,1,0.0867302688638335,0,0,99.9132697311362,"ssp2","papillate"
"121",47.0249992025067,0,0,0,1154,1154,0,0,0,0,100,"ssp2","papillate"
"122",47.0749992016588,0,0,0,1155,1155,0,0,0,0,100,"ssp2","papillate"
"123",47.1249992008109,0,0,0,1145,1145,0,0,0,0,100,"ssp2","papillate"
"124",47.1749991999629,0,0,0,1135,1135,0,0,0,0,100,"ssp2","papillate"
"125",47.224999199115,0,0,0,1131,1131,0,0,0,0,100,"ssp2","papillate"
"126",47.274999198267,1,0,0,1122,1123,1,0.0890471950133571,0,0,99.9109528049866,"ssp2","papillate"
"127",47.3249991974191,2,0,0,1114,1116,2,0.17921146953405,0,0,99.8207885304659,"ssp2","papillate"
"128",47.3749991965711,0,0,0,1110,1110,0,0,0,0,100,"ssp2","papillate"
"129",47.4249991957232,0,0,0,1113,1113,0,0,0,0,100,"ssp2","papillate"
"130",47.4749991948752,0,0,0,1107,1107,0,0,0,0,100,"ssp2","papillate"
"131",47.5249991940273,1,0,0,1104,1105,1,0.0904977375565611,0,0,99.9095022624434,"ssp2","papillate"
"132",47.5749991931793,0,0,0,1100,1100,0,0,0,0,100,"ssp2","papillate"
"133",47.6249991923314,0,0,0,1055,1055,0,0,0,0,100,"ssp2","papillate"
"134",47.6749991914835,2,0,0,1031,1033,2,0.193610842207164,0,0,99.8063891577928,"ssp2","papillate"
"135",47.7249991906355,3,0,0,1022,1025,3,0.292682926829268,0,0,99.7073170731707,"ssp2","papillate"
"136",47.7749991897876,2,0,0,1012,1014,2,0.19723865877712,0,0,99.8027613412229,"ssp2","papillate"
"137",47.8249991889396,3,0,0,999,1002,3,0.29940119760479,0,0,99.7005988023952,"ssp2","papillate"
"138",47.8749991880917,0,0,0,998,998,0,0,0,0,100,"ssp2","papillate"
"139",47.9249991872437,0,0,0,992,992,0,0,0,0,100,"ssp2","papillate"
"140",47.9749991863958,0,0,0,991,991,0,0,0,0,100,"ssp2","papillate"
"141",48.0249991855478,0,0,0,991,991,0,0,0,0,100,"ssp2","papillate"
"142",48.0749991846999,0,0,0,997,997,0,0,0,0,100,"ssp2","papillate"
"143",48.1249991838519,0,0,0,1003,1003,0,0,0,0,100,"ssp2","papillate"
"144",48.174999183004,0,0,0,1006,1006,0,0,0,0,100,"ssp2","papillate"
"145",48.224999182156,0,0,0,1005,1005,0,0,0,0,100,"ssp2","papillate"
"146",48.2749991813081,0,0,0,1001,1001,0,0,0,0,100,"ssp2","papillate"
"147",48.3249991804601,0,0,0,1002,1002,0,0,0,0,100,"ssp2","papillate"
"148",48.3749991796122,0,0,0,998,998,0,0,0,0,100,"ssp2","papillate"
"149",48.4249991787643,0,0,0,996,996,0,0,0,0,100,"ssp2","papillate"
"150",48.4749991779163,0,0,0,996,996,0,0,0,0,100,"ssp2","papillate"
"151",48.5249991770684,0,0,0,993,993,0,0,0,0,100,"ssp2","papillate"
"152",48.5749991762204,0,0,0,1002,1002,0,0,0,0,100,"ssp2","papillate"
"153",48.6249991753725,0,0,0,1023,1023,0,0,0,0,100,"ssp2","papillate"
"154",48.6749991745245,0,0,0,1042,1042,0,0,0,0,100,"ssp2","papillate"
"155",48.7249991736766,0,0,0,1062,1062,0,0,0,0,100,"ssp2","papillate"
"156",48.7749991728286,0,0,0,1063,1063,0,0,0,0,100,"ssp2","papillate"
"157",48.8249991719807,0,0,0,1068,1068,0,0,0,0,100,"ssp2","papillate"
"158",48.8749991711327,0,0,0,1076,1076,0,0,0,0,100,"ssp2","papillate"
"159",48.9249991702848,0,0,0,1076,1076,0,0,0,0,100,"ssp2","papillate"
"160",48.9749991694368,0,0,0,1077,1077,0,0,0,0,100,"ssp2","papillate"
"161",49.0249991685889,0,0,0,1076,1076,0,0,0,0,100,"ssp2","papillate"
"162",49.074999167741,0,0,0,1073,1073,0,0,0,0,100,"ssp2","papillate"
"163",49.124999166893,3,0,0,1076,1079,3,0.278035217794254,0,0,99.7219647822057,"ssp2","papillate"
"164",49.1749991660451,4,0,0,1072,1076,4,0.371747211895911,0,0,99.6282527881041,"ssp2","papillate"
"165",49.2249991651971,2,0,0,1068,1070,2,0.186915887850467,0,0,99.8130841121495,"ssp2","papillate"
"166",49.2749991643492,2,0,0,1072,1074,2,0.186219739292365,0,0,99.8137802607076,"ssp2","papillate"
"167",49.3249991635012,3,0,0,1088,1091,3,0.274977085242896,0,0,99.7250229147571,"ssp2","papillate"
"168",49.3749991626533,9,0,0,1102,1111,9,0.81008100810081,0,0,99.1899189918992,"ssp2","papillate"
"169",49.4249991618053,15,0,0,1104,1119,15,1.34048257372654,0,0,98.6595174262735,"ssp2","papillate"
"170",49.4749991609574,11,0,0,1124,1135,11,0.969162995594714,0,0,99.0308370044053,"ssp2","papillate"
"171",49.5249991601094,8,0,0,1131,1139,8,0.702370500438982,0,0,99.297629499561,"ssp2","papillate"
"172",49.5749991592615,7,0,0,1133,1140,7,0.614035087719298,0,0,99.3859649122807,"ssp2","papillate"
"173",49.6249991584136,9,0,0,1133,1142,9,0.788091068301226,0,0,99.2119089316988,"ssp2","papillate"
"174",49.6749991575656,9,0,0,1140,1149,9,0.783289817232376,0,0,99.2167101827676,"ssp2","papillate"
"175",49.7249991567177,8,0,0,1156,1164,8,0.687285223367698,0,0,99.3127147766323,"ssp2","papillate"
"176",49.7749991558697,9,0,0,1162,1171,9,0.768573868488471,0,0,99.2314261315115,"ssp2","papillate"
"177",49.8249991550218,10,0,0,1162,1172,10,0.853242320819113,0,0,99.1467576791809,"ssp2","papillate"
"178",49.8749991541738,12,0,0,1166,1178,12,1.01867572156197,0,0,98.981324278438,"ssp2","papillate"
"179",49.9249991533259,12,0,0,1171,1183,12,1.01437024513948,0,0,98.9856297548605,"ssp2","papillate"
"180",49.9749991524779,8,0,0,1183,1191,8,0.671704450041982,0,0,99.328295549958,"ssp2","papillate"
"181",50.02499915163,8,0,0,1189,1197,8,0.668337510442774,0,0,99.3316624895572,"ssp2","papillate"
"182",50.074999150782,5,0,0,1192,1197,5,0.417710944026733,0,0,99.5822890559733,"ssp2","papillate"
"183",50.1249991499341,4,0,0,1191,1195,4,0.334728033472803,0,0,99.6652719665272,"ssp2","papillate"
"184",50.1749991490861,5,0,0,1192,1197,5,0.417710944026733,0,0,99.5822890559733,"ssp2","papillate"
"185",50.2249991482382,4,0,0,1192,1196,4,0.334448160535117,0,0,99.6655518394649,"ssp2","papillate"
"186",50.2749991473903,7,0,0,1186,1193,7,0.586756077116513,0,0,99.4132439228835,"ssp2","papillate"
"187",50.3249991465423,6,0,0,1178,1184,6,0.506756756756757,0,0,99.4932432432432,"ssp2","papillate"
"188",50.3749991456944,4,0,0,1169,1173,4,0.341005967604433,0,0,99.6589940323956,"ssp2","papillate"
"189",50.4249991448464,5,0,0,1170,1175,5,0.425531914893617,0,0,99.5744680851064,"ssp2","papillate"
"190",50.4749991439985,7,0,0,1162,1169,7,0.598802395209581,0,0,99.4011976047904,"ssp2","papillate"
"191",50.5249991431505,6,0,0,1163,1169,6,0.513259195893926,0,0,99.4867408041061,"ssp2","papillate"
"192",50.5749991423026,0,0,0,1169,1169,0,0,0,0,100,"ssp2","papillate"
"193",50.6249991414546,0,0,0,1154,1154,0,0,0,0,100,"ssp2","papillate"
"194",50.6749991406067,7,0,0,1134,1141,7,0.613496932515337,0,0,99.3865030674847,"ssp2","papillate"
"195",50.7249991397587,9,0,0,1120,1129,9,0.797165633303809,0,0,99.2028343666962,"ssp2","papillate"
"196",50.7749991389108,3,0,0,1115,1118,3,0.268336314847943,0,0,99.7316636851521,"ssp2","papillate"
"197",50.8249991380629,3,0,0,1093,1096,3,0.273722627737226,0,0,99.7262773722628,"ssp2","papillate"
"198",50.8749991372149,7,0,0,1081,1088,7,0.643382352941176,0,0,99.3566176470588,"ssp2","papillate"
"199",50.924999136367,6,0,0,1076,1082,6,0.55452865064695,0,0,99.4454713493531,"ssp2","papillate"
"200",50.974999135519,4,0,0,1078,1082,4,0.369685767097967,0,0,99.630314232902,"ssp2","papillate"
"201",51.0249991346711,6,0,0,1086,1092,6,0.549450549450549,0,0,99.4505494505495,"ssp2","papillate"
"202",51.0749991338231,6,0,0,1088,1094,6,0.548446069469835,0,0,99.4515539305302,"ssp2","papillate"
"203",51.1249991329752,6,0,0,1086,1092,6,0.549450549450549,0,0,99.4505494505495,"ssp2","papillate"
"204",51.1749991321272,3,0,0,1090,1093,3,0.274473924977127,0,0,99.7255260750229,"ssp2","papillate"
"205",51.2249991312793,4,0,0,1113,1117,4,0.35810205908684,0,0,99.6418979409132,"ssp2","papillate"
"206",51.2749991304313,5,0,0,1121,1126,5,0.44404973357016,0,0,99.5559502664298,"ssp2","papillate"
"207",51.3249991295834,13,0,0,1109,1122,13,1.15864527629234,0,0,98.8413547237077,"ssp2","papillate"
"208",51.3749991287354,8,0,0,1121,1129,8,0.70859167404783,0,0,99.2914083259522,"ssp2","papillate"
"209",51.4249991278875,5,0,0,1122,1127,5,0.443655723158829,0,0,99.5563442768412,"ssp2","papillate"
"210",51.4749991270396,1,0,0,1116,1117,1,0.0895255147717099,0,0,99.9104744852283,"ssp2","papillate"
"211",51.5249991261916,0,0,0,1105,1105,0,0,0,0,100,"ssp2","papillate"
"212",51.5749991253437,0,0,0,1086,1086,0,0,0,0,100,"ssp2","papillate"
"213",51.6249991244957,7,0,0,1078,1085,7,0.645161290322581,0,0,99.3548387096774,"ssp2","papillate"
"214",51.6749991236478,5,0,0,1064,1069,5,0.467726847521048,0,0,99.532273152479,"ssp2","papillate"
"215",51.7249991227998,4,0,0,1050,1054,4,0.379506641366224,0,0,99.6204933586338,"ssp2","papillate"
"216",51.7749991219519,3,0,0,1045,1048,3,0.286259541984733,0,0,99.7137404580153,"ssp2","papillate"
"217",51.8249991211039,5,0,0,1027,1032,5,0.484496124031008,0,0,99.515503875969,"ssp2","papillate"
"218",51.874999120256,4,0,0,1017,1021,4,0.39177277179236,0,0,99.6082272282076,"ssp2","papillate"
"219",51.924999119408,3,0,0,1016,1019,3,0.294406280667321,0,0,99.7055937193327,"ssp2","papillate"
"220",51.9749991185601,3,0,0,1014,1017,3,0.294985250737463,0,0,99.7050147492625,"ssp2","papillate"
"221",52.0249991177121,15,0,0,1006,1021,15,1.46914789422135,0,0,98.5308521057786,"ssp2","papillate"
"222",52.0749991168642,18,0,0,1010,1028,18,1.75097276264591,0,0,98.2490272373541,"ssp2","papillate"
"223",52.1249991160163,16,0,1,1002,1019,17,1.57016683022571,0,0.098135426889107,98.3316977428852,"ssp2","papillate"
"224",52.1749991151683,15,0,0,994,1009,15,1.48662041625372,0,0,98.5133795837463,"ssp2","papillate"
"225",52.2249991143204,13,0,0,989,1002,13,1.29740518962076,0,0,98.7025948103792,"ssp2","papillate"
"226",52.2749991134724,12,0,0,1004,1016,12,1.18110236220472,0,0,98.8188976377953,"ssp2","papillate"
"227",52.3249991126245,10,0,0,1011,1021,10,0.979431929480901,0,0,99.0205680705191,"ssp2","papillate"
"228",52.3749991117765,12,0,0,1006,1018,12,1.17878192534381,0,0,98.8212180746562,"ssp2","papillate"
"229",52.4249991109286,11,0,0,1004,1015,11,1.08374384236453,0,0,98.9162561576355,"ssp2","papillate"
"230",52.4749991100806,10,0,0,1012,1022,10,0.978473581213307,0,0,99.0215264187867,"ssp2","papillate"
"231",52.5249991092327,10,0,0,1017,1027,10,0.973709834469328,0,0,99.0262901655307,"ssp2","papillate"
"232",52.5749991083847,7,0,0,1014,1021,7,0.685602350636631,0,0,99.3143976493634,"ssp2","papillate"
"233",52.6249991075368,9,0,0,1011,1020,9,0.882352941176471,0,0,99.1176470588235,"ssp2","papillate"
"234",52.6749991066888,8,0,0,1014,1022,8,0.782778864970646,0,0,99.2172211350293,"ssp2","papillate"
"235",52.7249991058409,8,0,1,1018,1027,9,0.778967867575463,0,0.0973709834469328,99.1236611489776,"ssp2","papillate"
"236",52.774999104993,7,0,0,1024,1031,7,0.678952473326867,0,0,99.3210475266731,"ssp2","papillate"
"237",52.824999104145,6,0,0,1024,1030,6,0.58252427184466,0,0,99.4174757281553,"ssp2","papillate"
"238",52.8749991032971,10,0,0,1021,1031,10,0.969932104752667,0,0,99.0300678952473,"ssp2","papillate"
"239",52.9249991024491,5,0,1,1031,1037,6,0.482160077145612,0,0.0964320154291225,99.4214079074253,"ssp2","papillate"
"240",52.9749991016012,2,0,2,1053,1057,4,0.189214758751183,0,0.189214758751183,99.6215704824976,"ssp2","papillate"
"241",53.0249991007532,3,0,0,1060,1063,3,0.282220131702728,0,0,99.7177798682973,"ssp2","papillate"
"242",53.0749990999053,9,0,0,1051,1060,9,0.849056603773585,0,0,99.1509433962264,"ssp2","papillate"
"243",53.1249990990573,10,0,0,1052,1062,10,0.941619585687382,0,0,99.0583804143126,"ssp2","papillate"
"244",53.1749990982094,13,0,0,1055,1068,13,1.21722846441948,0,0,98.7827715355805,"ssp2","papillate"
"245",53.2249990973614,11,0,0,1053,1064,11,1.03383458646617,0,0,98.9661654135338,"ssp2","papillate"
"246",53.2749990965135,5,0,0,1061,1066,5,0.469043151969981,0,0,99.53095684803,"ssp2","papillate"
"247",53.3249990956655,0,0,0,1087,1087,0,0,0,0,100,"ssp2","papillate"
"248",53.3749990948176,1,2,0,1081,1084,3,0.0922509225092251,0.18450184501845,0,99.7232472324723,"ssp2","papillate"
"249",53.4249990939697,2,4,0,1093,1099,6,0.181983621474067,0.363967242948135,0,99.4540491355778,"ssp2","papillate"
"250",53.4749990931217,0,2,0,1115,1117,2,0,0.17905102954342,0,99.8209489704566,"ssp2","papillate"
"251",53.5249990922738,0,3,3,1116,1122,6,0,0.267379679144385,0.267379679144385,99.4652406417112,"ssp2","papillate"
"252",53.5749990914258,0,5,5,1116,1126,10,0,0.44404973357016,0.44404973357016,99.1119005328597,"ssp2","papillate"
"253",53.6249990905779,1,6,5,1141,1153,12,0.0867302688638335,0.520381613183001,0.433651344319167,98.959236773634,"ssp2","papillate"
"254",53.6749990897299,0,2,4,1151,1157,6,0,0.17286084701815,0.345721694036301,99.4814174589456,"ssp2","papillate"
"255",53.724999088882,2,3,8,1157,1170,13,0.170940170940171,0.256410256410256,0.683760683760684,98.8888888888889,"ssp2","papillate"
"256",53.774999088034,1,2,9,1162,1174,12,0.0851788756388416,0.170357751277683,0.766609880749574,98.9778534923339,"ssp2","papillate"
"257",53.8249990871861,1,1,11,1172,1185,13,0.0843881856540084,0.0843881856540084,0.928270042194093,98.9029535864979,"ssp2","papillate"
"258",53.8749990863381,2,0,8,1192,1202,10,0.166389351081531,0,0.665557404326123,99.1680532445923,"ssp2","papillate"
"259",53.9249990854902,3,0,6,1187,1196,9,0.250836120401338,0,0.501672240802676,99.247491638796,"ssp2","papillate"
"260",53.9749990846422,4,0,1,1204,1209,5,0.33085194375517,0,0.0827129859387924,99.586435070306,"ssp2","papillate"
"261",54.0249990837943,2,1,0,1221,1224,3,0.163398692810458,0.0816993464052288,0,99.7549019607843,"ssp2","papillate"
"262",54.0749990829464,1,0,2,1227,1230,3,0.0813008130081301,0,0.16260162601626,99.7560975609756,"ssp2","papillate"
"263",54.1249990820984,0,0,3,1231,1234,3,0,0,0.243111831442464,99.7568881685575,"ssp2","papillate"
"264",54.1749990812505,0,0,2,1238,1240,2,0,0,0.161290322580645,99.8387096774194,"ssp2","papillate"
"265",54.2249990804025,0,0,1,1265,1266,1,0,0,0.0789889415481833,99.9210110584518,"ssp2","papillate"
"266",54.2749990795546,0,2,0,1277,1279,2,0,0.156372165754496,0,99.8436278342455,"ssp2","papillate"
"267",54.3249990787066,1,2,2,1296,1301,5,0.0768639508070715,0.153727901614143,0.153727901614143,99.6156802459646,"ssp2","papillate"
"268",54.3749990778587,1,0,3,1318,1322,4,0.075642965204236,0,0.226928895612708,99.697428139183,"ssp2","papillate"
"269",54.4249990770107,1,2,5,1324,1332,8,0.0750750750750751,0.15015015015015,0.375375375375375,99.3993993993994,"ssp2","papillate"
"270",54.4749990761628,1,0,9,1334,1344,10,0.0744047619047619,0,0.669642857142857,99.2559523809524,"ssp2","papillate"
"271",54.5249990753148,1,4,10,1339,1354,15,0.0738552437223043,0.295420974889217,0.738552437223043,98.8921713441654,"ssp2","papillate"
"272",54.5749990744669,3,1,12,1357,1373,16,0.21849963583394,0.0728332119446468,0.873998543335761,98.8346686088857,"ssp2","papillate"
"273",54.624999073619,0,3,10,1370,1383,13,0,0.216919739696312,0.723065798987708,99.060014461316,"ssp2","papillate"
"274",54.674999072771,0,4,12,1363,1379,16,0,0.290065264684554,0.870195794053662,98.8397389412618,"ssp2","papillate"
"275",54.7249990719231,0,3,7,1369,1379,10,0,0.217548948513416,0.50761421319797,99.2748368382886,"ssp2","papillate"
"276",54.7749990710751,0,3,7,1382,1392,10,0,0.21551724137931,0.502873563218391,99.2816091954023,"ssp2","papillate"
"277",54.8249990702272,0,3,5,1394,1402,8,0,0.21398002853067,0.356633380884451,99.4293865905849,"ssp2","papillate"
"278",54.8749990693792,0,1,10,1395,1406,11,0,0.0711237553342817,0.711237553342816,99.2176386913229,"ssp2","papillate"
"279",54.9249990685313,0,1,18,1397,1416,19,0,0.0706214689265537,1.27118644067797,98.6581920903955,"ssp2","papillate"
"280",54.9749990676833,0,0,12,1424,1436,12,0,0,0.835654596100279,99.1643454038997,"ssp2","papillate"
"281",55.0249990668354,0,0,11,1431,1442,11,0,0,0.762829403606103,99.2371705963939,"ssp2","papillate"
"282",55.0749990659874,2,0,9,1436,1447,11,0.138217000691085,0,0.621976503109883,99.239806496199,"ssp2","papillate"
"283",55.1249990651395,0,0,11,1435,1446,11,0,0,0.760719225449516,99.2392807745505,"ssp2","papillate"
"284",55.1749990642915,0,0,10,1454,1464,10,0,0,0.683060109289617,99.3169398907104,"ssp2","papillate"
"285",55.2249990634436,1,0,5,1465,1471,6,0.0679809653297077,0,0.339904826648538,99.5921142080218,"ssp2","papillate"
"286",55.2749990625957,1,0,0,1482,1483,1,0.0674308833445718,0,0,99.9325691166554,"ssp2","papillate"
"287",55.3249990617477,0,0,0,1486,1486,0,0,0,0,100,"ssp2","papillate"
"288",55.3749990608998,0,0,0,1482,1482,0,0,0,0,100,"ssp2","papillate"
"289",55.4249990600518,0,0,0,1478,1478,0,0,0,0,100,"ssp2","papillate"
"290",55.4749990592039,0,0,0,1466,1466,0,0,0,0,100,"ssp2","papillate"
"291",55.5249990583559,0,0,0,1460,1460,0,0,0,0,100,"ssp2","papillate"
"292",55.574999057508,0,0,0,1461,1461,0,0,0,0,100,"ssp2","papillate"
"293",55.62499905666,0,0,1,1457,1458,1,0,0,0.0685871056241426,99.9314128943759,"ssp2","papillate"
"294",55.6749990558121,0,0,0,1463,1463,0,0,0,0,100,"ssp2","papillate"
"295",55.7249990549641,0,0,0,1460,1460,0,0,0,0,100,"ssp2","papillate"
"296",55.7749990541162,0,0,0,1464,1464,0,0,0,0,100,"ssp2","papillate"
"297",55.8249990532682,0,0,0,1459,1459,0,0,0,0,100,"ssp2","papillate"
"298",55.8749990524203,0,0,0,1462,1462,0,0,0,0,100,"ssp2","papillate"
"299",55.9249990515723,5,0,1,1459,1465,6,0.341296928327645,0,0.068259385665529,99.5904436860068,"ssp2","papillate"
"300",55.9749990507244,0,0,3,1472,1475,3,0,0,0.203389830508475,99.7966101694915,"ssp2","papillate"
"301",56.0249990498765,0,0,0,1478,1478,0,0,0,0,100,"ssp2","papillate"
"302",56.0749990490285,0,0,0,1480,1480,0,0,0,0,100,"ssp2","papillate"
"303",56.1249990481806,1,0,0,1481,1482,1,0.0674763832658569,0,0,99.9325236167341,"ssp2","papillate"
"304",56.1749990473326,5,0,0,1453,1458,5,0.342935528120713,0,0,99.6570644718793,"ssp2","papillate"
"305",56.2249990464847,4,0,0,1442,1446,4,0.276625172890733,0,0,99.7233748271093,"ssp2","papillate"
"306",56.2749990456367,7,0,0,1432,1439,7,0.486448922863099,0,0,99.5135510771369,"ssp2","papillate"
"307",56.3249990447888,2,0,0,1427,1429,2,0.139958012596221,0,0,99.8600419874038,"ssp2","papillate"
"308",56.3749990439408,4,0,0,1425,1429,4,0.279916025192442,0,0,99.7200839748076,"ssp2","papillate"
"309",56.4249990430929,2,0,2,1422,1426,4,0.140252454417952,0,0.140252454417952,99.7194950911641,"ssp2","papillate"
"310",56.4749990422449,0,0,3,1426,1429,3,0,0,0.209937018894332,99.7900629811057,"ssp2","papillate"
"311",56.524999041397,1,0,0,1435,1436,1,0.0696378830083565,0,0,99.9303621169916,"ssp2","papillate"
"312",56.5749990405491,0,0,0,1441,1441,0,0,0,0,100,"ssp2","papillate"
"313",56.6249990397011,0,0,0,1444,1444,0,0,0,0,100,"ssp2","papillate"
"314",56.6749990388532,0,0,0,1441,1441,0,0,0,0,100,"ssp2","papillate"
"315",56.7249990380052,0,0,0,1427,1427,0,0,0,0,100,"ssp2","papillate"
"316",56.7749990371573,0,0,0,1434,1434,0,0,0,0,100,"ssp2","papillate"
"317",56.8249990363093,0,0,0,1433,1433,0,0,0,0,100,"ssp2","papillate"
"318",56.8749990354614,0,0,0,1435,1435,0,0,0,0,100,"ssp2","papillate"
"319",56.9249990346134,0,0,0,1435,1435,0,0,0,0,100,"ssp2","papillate"
"320",56.9749990337655,0,0,0,1434,1434,0,0,0,0,100,"ssp2","papillate"
"321",57.0249990329175,0,0,0,1437,1437,0,0,0,0,100,"ssp2","papillate"
"322",57.0749990320696,0,0,0,1439,1439,0,0,0,0,100,"ssp2","papillate"
"323",57.1249990312216,0,0,0,1447,1447,0,0,0,0,100,"ssp2","papillate"
"324",57.1749990303737,0,0,0,1450,1450,0,0,0,0,100,"ssp2","papillate"
"325",57.2249990295258,0,0,0,1438,1438,0,0,0,0,100,"ssp2","papillate"
"326",57.2749990286778,0,0,0,1444,1444,0,0,0,0,100,"ssp2","papillate"
"327",57.3249990278299,0,0,0,1449,1449,0,0,0,0,100,"ssp2","papillate"
"328",57.3749990269819,0,0,0,1446,1446,0,0,0,0,100,"ssp2","papillate"
"329",57.424999026134,0,0,0,1438,1438,0,0,0,0,100,"ssp2","papillate"
"330",57.474999025286,0,0,0,1449,1449,0,0,0,0,100,"ssp2","papillate"
"331",57.5249990244381,0,0,0,1457,1457,0,0,0,0,100,"ssp2","papillate"
"332",57.5749990235901,0,0,0,1460,1460,0,0,0,0,100,"ssp2","papillate"
"333",57.6249990227422,1,0,0,1485,1486,1,0.0672947510094213,0,0,99.9327052489906,"ssp2","papillate"
"334",57.6749990218942,0,0,0,1506,1506,0,0,0,0,100,"ssp2","papillate"
"335",57.7249990210463,0,0,0,1540,1540,0,0,0,0,100,"ssp2","papillate"
"336",57.7749990201984,0,0,0,1533,1533,0,0,0,0,100,"ssp2","papillate"
"337",57.8249990193504,0,0,3,1533,1536,3,0,0,0.1953125,99.8046875,"ssp2","papillate"
"338",57.8749990185025,0,0,4,1541,1545,4,0,0,0.258899676375405,99.7411003236246,"ssp2","papillate"
"339",57.9249990176545,0,0,1,1550,1551,1,0,0,0.0644745325596389,99.9355254674404,"ssp2","papillate"
"340",57.9749990168066,0,0,0,1537,1537,0,0,0,0,100,"ssp2","papillate"
"341",58.0249990159586,0,0,0,1531,1531,0,0,0,0,100,"ssp2","papillate"
"342",58.0749990151107,0,0,0,1513,1513,0,0,0,0,100,"ssp2","papillate"
"343",58.1249990142627,0,0,0,1508,1508,0,0,0,0,100,"ssp2","papillate"
"344",58.1749990134148,0,0,0,1498,1498,0,0,0,0,100,"ssp2","papillate"
"345",58.2249990125668,0,0,1,1481,1482,1,0,0,0.0674763832658569,99.9325236167341,"ssp2","papillate"
"346",58.2749990117189,0,0,0,1474,1474,0,0,0,0,100,"ssp2","papillate"
"347",58.3249990108709,0,0,0,1460,1460,0,0,0,0,100,"ssp2","papillate"
"348",58.374999010023,0,0,0,1444,1444,0,0,0,0,100,"ssp2","papillate"
"349",58.4249990091751,0,0,0,1438,1438,0,0,0,0,100,"ssp2","papillate"
"350",58.4749990083271,0,0,0,1429,1429,0,0,0,0,100,"ssp2","papillate"
"351",58.5249990074792,0,0,0,1441,1441,0,0,0,0,100,"ssp2","papillate"
"352",58.5749990066312,0,0,0,1453,1453,0,0,0,0,100,"ssp2","papillate"
"353",58.6249990057833,0,0,0,1474,1474,0,0,0,0,100,"ssp2","papillate"
"354",58.6749990049353,0,0,0,1478,1478,0,0,0,0,100,"ssp2","papillate"
"355",58.7249990040874,0,0,0,1471,1471,0,0,0,0,100,"ssp2","papillate"
"356",58.7749990032394,0,0,0,1464,1464,0,0,0,0,100,"ssp2","papillate"
"357",58.8249990023915,0,0,0,1447,1447,0,0,0,0,100,"ssp2","papillate"
"358",58.8749990015435,0,0,0,1438,1438,0,0,0,0,100,"ssp2","papillate"
"359",58.9249990006956,0,0,0,1430,1430,0,0,0,0,100,"ssp2","papillate"
"360",58.9749989998476,0,0,0,1430,1430,0,0,0,0,100,"ssp2","papillate"
"361",59.0249989989997,0,0,0,1431,1431,0,0,0,0,100,"ssp2","papillate"
"362",59.0749989981517,0,0,0,1423,1423,0,0,0,0,100,"ssp2","papillate"
"363",59.1249989973038,0,0,0,1429,1429,0,0,0,0,100,"ssp2","papillate"
"364",59.1749989964559,0,0,0,1422,1422,0,0,0,0,100,"ssp2","papillate"
"365",59.2249989956079,0,0,0,1422,1422,0,0,0,0,100,"ssp2","papillate"
"366",59.27499899476,0,0,0,1419,1419,0,0,0,0,100,"ssp2","papillate"
"367",59.324998993912,0,0,0,1426,1426,0,0,0,0,100,"ssp2","papillate"
"368",59.3749989930641,0,0,0,1422,1422,0,0,0,0,100,"ssp2","papillate"
"369",59.4249989922161,0,0,0,1437,1437,0,0,0,0,100,"ssp2","papillate"
"370",59.4749989913682,0,0,0,1464,1464,0,0,0,0,100,"ssp2","papillate"
"371",59.5249989905202,8,0,5,1463,1476,13,0.5420054200542,0,0.338753387533875,99.1192411924119,"ssp2","papillate"
"372",59.5749989896723,3,0,27,1448,1478,30,0.20297699594046,0,1.82679296346414,97.9702300405954,"ssp2","papillate"
"373",59.6249989888243,1,0,39,1452,1492,40,0.0670241286863271,0,2.61394101876676,97.3190348525469,"ssp2","papillate"
"374",59.6749989879764,5,0,49,1444,1498,54,0.333778371161549,0,3.27102803738318,96.3951935914553,"ssp2","papillate"
"375",59.7249989871285,0,0,53,1446,1499,53,0,0,3.53569046030687,96.4643095396931,"ssp2","papillate"
"376",59.7749989862805,3,0,52,1445,1500,55,0.2,0,3.46666666666667,96.3333333333333,"ssp2","papillate"
"377",59.8249989854326,4,0,52,1439,1495,56,0.267558528428094,0,3.47826086956522,96.2541806020067,"ssp2","papillate"
"378",59.8749989845846,3,0,37,1459,1499,40,0.200133422281521,0,2.46831220813876,97.3315543695797,"ssp2","papillate"
"379",59.9249989837367,6,0,28,1448,1482,34,0.404858299595142,0,1.88933873144399,97.7058029689609,"ssp2","papillate"
"380",59.9749989828887,1,0,30,1453,1484,31,0.0673854447439353,0,2.02156334231806,97.911051212938,"ssp2","papillate"
"381",60.0249989820408,2,0,32,1426,1460,34,0.136986301369863,0,2.19178082191781,97.6712328767123,"ssp2","papillate"
"382",60.0749989811928,4,0,31,1415,1450,35,0.275862068965517,0,2.13793103448276,97.5862068965517,"ssp2","papillate"
"383",60.1249989803449,4,0,26,1408,1438,30,0.278164116828929,0,1.80806675938804,97.913769123783,"ssp2","papillate"
"384",60.1749989794969,2,0,26,1380,1408,28,0.142045454545455,0,1.84659090909091,98.0113636363636,"ssp2","papillate"
"385",60.224998978649,4,0,27,1351,1382,31,0.289435600578871,0,1.95369030390738,97.7568740955138,"ssp2","papillate"
"386",60.274998977801,8,0,13,1341,1362,21,0.587371512481645,0,0.954478707782673,98.4581497797357,"ssp2","papillate"
"387",60.3249989769531,4,0,18,1343,1365,22,0.293040293040293,0,1.31868131868132,98.3882783882784,"ssp2","papillate"
"388",60.3749989761052,6,1,16,1342,1365,23,0.43956043956044,0.0732600732600733,1.17216117216117,98.3150183150183,"ssp2","papillate"
"389",60.4249989752572,2,0,22,1344,1368,24,0.146198830409357,0,1.60818713450292,98.2456140350877,"ssp2","papillate"
"390",60.4749989744093,0,1,34,1318,1353,35,0,0.073909830007391,2.51293422025129,97.4131559497413,"ssp2","papillate"
"391",60.5249989735613,0,0,39,1286,1325,39,0,0,2.94339622641509,97.0566037735849,"ssp2","papillate"
"392",60.5749989727134,3,0,34,1276,1313,37,0.228484386900228,0,2.58948971820259,97.1820258948972,"ssp2","papillate"
"393",60.6249989718654,1,0,25,1284,1310,26,0.0763358778625954,0,1.90839694656489,98.0152671755725,"ssp2","papillate"
"394",60.6749989710175,3,3,15,1294,1315,21,0.228136882129278,0.228136882129278,1.14068441064639,98.4030418250951,"ssp2","papillate"
"395",60.7249989701695,5,1,10,1284,1300,16,0.384615384615385,0.0769230769230769,0.769230769230769,98.7692307692308,"ssp2","papillate"
"396",60.7749989693216,2,0,14,1280,1296,16,0.154320987654321,0,1.08024691358025,98.7654320987654,"ssp2","papillate"
"397",60.8249989684736,3,0,22,1267,1292,25,0.232198142414861,0,1.70278637770898,98.0650154798762,"ssp2","papillate"
"398",60.8749989676257,2,0,27,1250,1279,29,0.156372165754496,0,2.11102423768569,97.7326035965598,"ssp2","papillate"
"399",60.9249989667777,0,0,25,1268,1293,25,0,0,1.93348801237432,98.0665119876257,"ssp2","papillate"
"400",60.9749989659298,0,0,21,1262,1283,21,0,0,1.63678877630553,98.3632112236945,"ssp2","papillate"
"401",61.0249989650819,0,0,22,1263,1285,22,0,0,1.71206225680934,98.2879377431907,"ssp2","papillate"
"402",61.0749989642339,1,0,23,1265,1289,24,0.0775795190069822,0,1.78432893716059,98.1380915438324,"ssp2","papillate"
"403",61.124998963386,2,0,27,1246,1275,29,0.156862745098039,0,2.11764705882353,97.7254901960784,"ssp2","papillate"
"404",61.174998962538,1,0,20,1260,1281,21,0.078064012490242,0,1.56128024980484,98.3606557377049,"ssp2","papillate"
"405",61.2249989616901,0,0,22,1247,1269,22,0,0,1.73364854215918,98.2663514578408,"ssp2","papillate"
"406",61.2749989608421,2,0,19,1246,1267,21,0.15785319652723,0,1.49960536700868,98.3425414364641,"ssp2","papillate"
"407",61.3249989599942,2,0,19,1244,1265,21,0.158102766798419,0,1.50197628458498,98.3399209486166,"ssp2","papillate"
"408",61.3749989591462,4,0,18,1243,1265,22,0.316205533596838,0,1.42292490118577,98.2608695652174,"ssp2","papillate"
"409",61.4249989582983,1,0,29,1226,1256,30,0.0796178343949045,0,2.30891719745223,97.6114649681529,"ssp2","papillate"
"410",61.4749989574503,1,0,34,1234,1269,35,0.0788022064617809,0,2.67927501970055,97.2419227738377,"ssp2","papillate"
"411",61.5249989566024,4,0,26,1238,1268,30,0.315457413249211,0,2.05047318611987,97.6340694006309,"ssp2","papillate"
"412",61.5749989557545,2,0,27,1225,1254,29,0.159489633173844,0,2.15311004784689,97.6874003189793,"ssp2","papillate"
"413",61.6249989549065,2,0,26,1224,1252,28,0.159744408945687,0,2.07667731629393,97.7635782747604,"ssp2","papillate"
"414",61.6749989540586,3,0,27,1212,1242,30,0.241545893719807,0,2.17391304347826,97.5845410628019,"ssp2","papillate"
"415",61.7249989532106,4,0,31,1208,1243,35,0.321802091713596,0,2.49396621078037,97.184231697506,"ssp2","papillate"
"416",61.7749989523627,2,0,28,1207,1237,30,0.161681487469685,0,2.26354082457559,97.5747776879547,"ssp2","papillate"
"417",61.8249989515147,1,0,25,1216,1242,26,0.0805152979066023,0,2.01288244766506,97.9066022544283,"ssp2","papillate"
"418",61.8749989506668,3,0,26,1206,1235,29,0.242914979757085,0,2.10526315789474,97.6518218623482,"ssp2","papillate"
"419",61.9249989498188,2,0,22,1214,1238,24,0.161550888529887,0,1.77705977382876,98.0613893376414,"ssp2","papillate"
"420",61.9749989489709,2,0,23,1215,1240,25,0.161290322580645,0,1.85483870967742,97.9838709677419,"ssp2","papillate"
"421",62.0249989481229,5,0,16,1218,1239,21,0.403551251008878,0,1.29136400322841,98.3050847457627,"ssp2","papillate"
"422",62.074998947275,1,0,14,1220,1235,15,0.0809716599190283,0,1.1336032388664,98.7854251012146,"ssp2","papillate"
"423",62.124998946427,4,0,7,1217,1228,11,0.325732899022801,0,0.570032573289902,99.1042345276873,"ssp2","papillate"
"424",62.1749989455791,4,0,7,1219,1230,11,0.32520325203252,0,0.569105691056911,99.1056910569106,"ssp2","papillate"
"425",62.2249989447311,7,0,10,1213,1230,17,0.569105691056911,0,0.813008130081301,98.6178861788618,"ssp2","papillate"
"426",62.2749989438832,4,0,12,1211,1227,16,0.32599837000815,0,0.97799511002445,98.6960065199674,"ssp2","papillate"
"427",62.3249989430353,8,0,11,1220,1239,19,0.645682001614205,0,0.887812752219532,98.4665052461663,"ssp2","papillate"
"428",62.3749989421873,3,0,15,1223,1241,18,0.24174053182917,0,1.20870265914585,98.549556809025,"ssp2","papillate"
"429",62.4249989413394,7,0,18,1227,1252,25,0.559105431309904,0,1.43769968051118,98.0031948881789,"ssp2","papillate"
"430",62.4749989404914,0,0,15,1227,1242,15,0,0,1.20772946859903,98.792270531401,"ssp2","papillate"
"431",62.5249989396435,5,0,19,1208,1232,24,0.405844155844156,0,1.54220779220779,98.0519480519481,"ssp2","papillate"
"432",62.5749989387955,0,0,12,1222,1234,12,0,0,0.972447325769854,99.0275526742302,"ssp2","papillate"
"433",62.6249989379476,3,0,13,1233,1249,16,0.240192153722978,0,1.04083266613291,98.7189751801441,"ssp2","papillate"
"434",62.6749989370996,4,0,18,1233,1255,22,0.318725099601594,0,1.43426294820717,98.2470119521912,"ssp2","papillate"
"435",62.7249989362517,7,0,22,1212,1241,29,0.56406124093473,0,1.77276390008058,97.6631748589847,"ssp2","papillate"
"436",62.7749989354037,4,0,26,1211,1241,30,0.32232070910556,0,2.09508460918614,97.5825946817083,"ssp2","papillate"
"437",62.8249989345558,5,0,17,1210,1232,22,0.405844155844156,0,1.37987012987013,98.2142857142857,"ssp2","papillate"
"438",62.8749989337079,3,0,6,1218,1227,9,0.244498777506112,0,0.488997555012225,99.2665036674817,"ssp2","papillate"
"439",62.9249989328599,3,0,1,1219,1223,4,0.245298446443173,0,0.0817661488143908,99.6729354047424,"ssp2","papillate"
"440",62.974998932012,0,0,6,1216,1222,6,0,0,0.490998363338789,99.5090016366612,"ssp2","papillate"
"441",63.024998931164,4,0,10,1218,1232,14,0.324675324675325,0,0.811688311688312,98.8636363636364,"ssp2","papillate"
"442",63.0749989303161,2,0,12,1208,1222,14,0.16366612111293,0,0.981996726677578,98.8543371522095,"ssp2","papillate"
"443",63.1249989294681,5,0,20,1202,1227,25,0.407497962510187,0,1.62999185004075,97.9625101874491,"ssp2","papillate"
"444",63.1749989286202,5,0,24,1188,1217,29,0.410846343467543,0,1.97206244864421,97.6170912078883,"ssp2","papillate"
"445",63.2249989277722,8,0,24,1176,1208,32,0.662251655629139,0,1.98675496688742,97.3509933774834,"ssp2","papillate"
"446",63.2749989269243,6,0,23,1196,1225,29,0.489795918367347,0,1.87755102040816,97.6326530612245,"ssp2","papillate"
"447",63.3249989260763,5,0,28,1197,1230,33,0.40650406504065,0,2.27642276422764,97.3170731707317,"ssp2","papillate"
"448",63.3749989252284,4,3,19,1200,1226,26,0.32626427406199,0.244698205546493,1.54975530179445,97.8792822185971,"ssp2","papillate"
"449",63.4249989243804,4,0,9,1207,1220,13,0.327868852459016,0,0.737704918032787,98.9344262295082,"ssp2","papillate"
"450",63.4749989235325,1,0,7,1204,1212,8,0.0825082508250825,0,0.577557755775578,99.3399339933993,"ssp2","papillate"
"451",63.5249989226846,2,0,5,1186,1193,7,0.167644593461861,0,0.419111483654652,99.4132439228835,"ssp2","papillate"
"452",63.5749989218366,3,5,6,1157,1171,14,0.256191289496157,0.426985482493595,0.512382578992314,98.8044406490179,"ssp2","papillate"
"453",63.6249989209887,8,9,17,1139,1173,34,0.682011935208866,0.767263427109974,1.44927536231884,97.1014492753623,"ssp2","papillate"
"454",63.6749989201407,18,12,17,1118,1165,47,1.5450643776824,1.03004291845494,1.45922746781116,95.9656652360515,"ssp2","papillate"
"455",63.7249989192928,21,8,16,1118,1163,45,1.80567497850387,0.687876182287188,1.37575236457438,96.1306964746346,"ssp2","papillate"
"456",63.7749989184448,35,8,23,1083,1149,66,3.0461270670148,0.696257615317667,2.00174064403829,94.2558746736293,"ssp2","papillate"
"457",63.8249989175969,30,3,25,1079,1137,58,2.63852242744063,0.263852242744063,2.19876868953386,94.8988566402814,"ssp2","papillate"
"458",63.8749989167489,29,4,34,1046,1113,67,2.60557053009883,0.359389038634322,3.05480682839173,93.9802336028751,"ssp2","papillate"
"459",63.924998915901,14,1,48,1077,1140,63,1.2280701754386,0.087719298245614,4.21052631578947,94.4736842105263,"ssp2","papillate"
"460",63.974998915053,17,2,38,1087,1144,57,1.48601398601399,0.174825174825175,3.32167832167832,95.0174825174825,"ssp2","papillate"
"461",64.0249989142051,14,2,43,1088,1147,59,1.2205754141238,0.1743679163034,3.7489102005231,94.8561464690497,"ssp2","papillate"
"462",64.0749989133571,23,1,46,1090,1160,70,1.98275862068966,0.0862068965517241,3.96551724137931,93.9655172413793,"ssp2","papillate"
"463",64.1249989125092,32,1,44,1073,1150,77,2.78260869565217,0.0869565217391304,3.82608695652174,93.304347826087,"ssp2","papillate"
"464",64.1749989116612,37,3,42,1081,1163,82,3.18142734307825,0.257953568357696,3.61134995700774,92.9492691315563,"ssp2","papillate"
"465",64.2249989108133,40,0,55,1064,1159,95,3.45125107851596,0,4.74547023295945,91.8032786885246,"ssp2","papillate"
"466",64.2749989099654,44,3,54,1054,1155,101,3.80952380952381,0.25974025974026,4.67532467532468,91.2554112554113,"ssp2","papillate"
"467",64.3249989091174,35,3,64,1042,1144,102,3.05944055944056,0.262237762237762,5.59440559440559,91.0839160839161,"ssp2","papillate"
"468",64.3749989082695,47,1,79,1015,1142,127,4.11558669001751,0.0875656742556918,6.91768826619965,88.8791593695271,"ssp2","papillate"
"469",64.4249989074215,49,1,105,982,1137,155,4.30958663148637,0.0879507475813544,9.23482849604222,86.3676341248901,"ssp2","papillate"
"470",64.4749989065736,44,1,127,954,1126,172,3.90763765541741,0.088809946714032,11.2788632326821,84.7246891651865,"ssp2","papillate"
"471",64.5249989057256,42,4,112,979,1137,158,3.69393139841689,0.351802990325418,9.8504837291117,86.103781882146,"ssp2","papillate"
"472",64.5749989048777,38,1,125,980,1144,164,3.32167832167832,0.0874125874125874,10.9265734265734,85.6643356643357,"ssp2","papillate"
"473",64.6249989040297,29,0,135,983,1147,164,2.5283347863993,0,11.7698343504795,85.7018308631212,"ssp2","papillate"
"474",64.6749989031818,38,0,129,993,1160,167,3.27586206896552,0,11.1206896551724,85.6034482758621,"ssp2","papillate"
"475",64.7249989023339,31,3,121,1009,1164,155,2.66323024054983,0.257731958762887,10.3951890034364,86.6838487972509,"ssp2","papillate"
"476",64.7749989014859,39,1,114,1013,1167,154,3.34190231362468,0.0856898029134533,9.76863753213368,86.8037703513282,"ssp2","papillate"
"477",64.824998900638,35,2,125,964,1126,162,3.10834813499112,0.177619893428064,11.101243339254,85.6127886323268,"ssp2","papillate"
"478",64.87499889979,22,3,131,975,1131,156,1.94518125552608,0.26525198938992,11.5826702033599,86.2068965517241,"ssp2","papillate"
"479",64.9249988989421,23,8,130,995,1156,161,1.98961937716263,0.69204152249135,11.2456747404844,86.0726643598616,"ssp2","papillate"
"480",64.9749988980941,33,5,129,1017,1184,167,2.78716216216216,0.422297297297297,10.8952702702703,85.8952702702703,"ssp2","papillate"
"481",65.0249988972462,34,6,141,1006,1187,181,2.86436394271272,0.50547598989048,11.8786857624263,84.7514743049705,"ssp2","papillate"
"482",65.0749988963982,37,3,142,1004,1186,182,3.11973018549747,0.252951096121417,11.973018549747,84.6543001686341,"ssp2","papillate"
"483",65.1249988955503,31,5,153,1005,1194,189,2.5963149078727,0.418760469011725,12.8140703517588,84.1708542713568,"ssp2","papillate"
"484",65.1749988947023,40,3,177,979,1199,220,3.33611342785655,0.250208507089241,14.7623019182652,81.651376146789,"ssp2","papillate"
"485",65.2249988938544,44,4,189,955,1192,237,3.69127516778524,0.335570469798658,15.8557046979866,80.1174496644295,"ssp2","papillate"
"486",65.2749988930064,58,3,172,958,1191,233,4.86985726280437,0.251889168765743,14.4416456759026,80.4366078925273,"ssp2","papillate"
"487",65.3249988921585,48,1,183,960,1192,232,4.02684563758389,0.0838926174496644,15.3523489932886,80.5369127516778,"ssp2","papillate"
"488",65.3749988913106,55,4,143,1000,1202,202,4.5757071547421,0.332778702163062,11.8968386023295,83.1946755407654,"ssp2","papillate"
"489",65.4249988904626,46,6,124,1017,1193,176,3.8558256496228,0.502933780385583,10.3939647946354,85.2472757753562,"ssp2","papillate"
"490",65.4749988896147,37,2,116,1026,1181,155,3.13293818797629,0.169348010160881,9.82218458933107,86.8755292125318,"ssp2","papillate"
"491",65.5249988887667,39,1,110,999,1149,150,3.39425587467363,0.0870322019147084,9.57354221061793,86.9451697127937,"ssp2","papillate"
"492",65.5749988879188,45,3,105,970,1123,153,4.00712377560107,0.267141585040071,9.34995547640249,86.3757791629564,"ssp2","papillate"
"493",65.6249988870708,56,3,113,944,1116,172,5.01792114695341,0.268817204301075,10.1254480286738,84.5878136200717,"ssp2","papillate"
"494",65.6749988862229,95,0,111,908,1114,206,8.5278276481149,0,9.96409335727109,81.508078994614,"ssp2","papillate"
"495",65.7249988853749,88,1,143,886,1118,232,7.87119856887299,0.0894454382826476,12.7906976744186,79.2486583184258,"ssp2","papillate"
"496",65.774998884527,77,1,152,882,1112,230,6.92446043165468,0.0899280575539568,13.6690647482014,79.3165467625899,"ssp2","papillate"
"497",65.824998883679,68,1,160,873,1102,229,6.17059891107078,0.0907441016333938,14.519056261343,79.2196007259528,"ssp2","papillate"
"498",65.8749988828311,67,1,175,854,1097,243,6.10756608933455,0.0911577028258888,15.9525979945305,77.848678213309,"ssp2","papillate"
"499",65.9249988819831,51,0,178,860,1089,229,4.6831955922865,0,16.3452708907254,78.9715335169881,"ssp2","papillate"
"500",65.9749988811352,48,1,184,853,1086,233,4.41988950276243,0.0920810313075506,16.9429097605893,78.5451197053407,"ssp2","papillate"
"501",66.0249988802873,42,1,210,852,1105,253,3.80090497737557,0.0904977375565611,19.0045248868778,77.1040723981901,"ssp2","papillate"
"502",66.0749988794393,39,0,233,856,1128,272,3.45744680851064,0,20.6560283687943,75.886524822695,"ssp2","papillate"
"503",66.1249988785914,53,3,242,836,1134,298,4.67372134038801,0.264550264550265,21.3403880070547,73.7213403880071,"ssp2","papillate"
"504",66.1749988777434,50,2,253,848,1153,305,4.33651344319167,0.173460537727667,21.9427580225499,73.5472679965308,"ssp2","papillate"
"505",66.2249988768955,51,2,260,866,1179,313,4.32569974554707,0.169635284139101,22.0525869380831,73.4520780322307,"ssp2","papillate"
"506",66.2749988760475,35,4,263,882,1184,302,2.95608108108108,0.337837837837838,22.2128378378378,74.4932432432432,"ssp2","papillate"
"507",66.3249988751996,38,1,259,862,1160,298,3.27586206896552,0.0862068965517241,22.3275862068966,74.3103448275862,"ssp2","papillate"
"508",66.3749988743516,42,1,257,845,1145,300,3.66812227074236,0.0873362445414847,22.4454148471616,73.7991266375546,"ssp2","papillate"
"509",66.4249988735037,52,3,274,823,1152,329,4.51388888888889,0.260416666666667,23.7847222222222,71.4409722222222,"ssp2","papillate"
"510",66.4749988726557,56,0,312,806,1174,368,4.77001703577513,0,26.5758091993186,68.6541737649063,"ssp2","papillate"
"511",66.5249988718078,41,3,324,823,1191,368,3.44248530646516,0.251889168765743,27.2040302267003,69.1015952980689,"ssp2","papillate"
"512",66.5749988709598,32,4,335,816,1187,371,2.69587194608256,0.33698399326032,28.2224094355518,68.7447346251053,"ssp2","papillate"
"513",66.6249988701119,25,3,323,829,1180,351,2.11864406779661,0.254237288135593,27.3728813559322,70.2542372881356,"ssp2","papillate"
"514",66.674998869264,28,2,315,833,1178,345,2.37691001697793,0.169779286926995,26.7402376910017,70.7130730050934,"ssp2","papillate"
"515",66.724998868416,21,1,318,819,1159,340,1.81190681622088,0.0862812769628991,27.4374460742019,70.6643658326143,"ssp2","papillate"
"516",66.7749988675681,18,0,316,827,1161,334,1.55038759689922,0,27.2179155900086,71.2316968130922,"ssp2","papillate"
"517",66.8249988667201,15,0,321,828,1164,336,1.28865979381443,0,27.5773195876289,71.1340206185567,"ssp2","papillate"
"518",66.8749988658722,21,4,300,835,1160,325,1.81034482758621,0.344827586206897,25.8620689655172,71.9827586206897,"ssp2","papillate"
"519",66.9249988650242,31,5,276,835,1147,312,2.7027027027027,0.4359197907585,24.0627724498692,72.7986050566696,"ssp2","papillate"
"520",66.9749988641763,30,6,260,849,1145,296,2.62008733624454,0.524017467248908,22.707423580786,74.1484716157205,"ssp2","papillate"
"521",67.0249988633283,13,9,278,848,1148,300,1.13240418118467,0.78397212543554,24.2160278745645,73.8675958188153,"ssp2","papillate"
"522",67.0749988624804,11,13,277,850,1151,301,0.955690703735882,1.12945264986968,24.0660295395308,73.8488271068636,"ssp2","papillate"
"523",67.1249988616324,10,12,260,855,1137,282,0.879507475813544,1.05540897097625,22.8671943711522,75.197889182058,"ssp2","papillate"
"524",67.1749988607845,14,10,234,874,1132,258,1.23674911660777,0.88339222614841,20.6713780918728,77.208480565371,"ssp2","papillate"
"525",67.2249988599365,14,10,221,898,1143,245,1.22484689413823,0.874890638670166,19.3350831146107,78.5651793525809,"ssp2","papillate"
"526",67.2749988590886,8,9,211,908,1136,228,0.704225352112676,0.792253521126761,18.5739436619718,79.9295774647887,"ssp2","papillate"
"527",67.3249988582406,6,13,201,919,1139,220,0.526777875329236,1.14135206321334,17.6470588235294,80.684811237928,"ssp2","papillate"
"528",67.3749988573927,3,13,192,933,1141,208,0.262927256792287,1.13935144609991,16.8273444347064,81.7703768624014,"ssp2","papillate"
"529",67.4249988565448,9,7,194,930,1140,210,0.789473684210526,0.614035087719298,17.0175438596491,81.5789473684211,"ssp2","papillate"
"530",67.4749988556968,16,10,174,946,1146,200,1.39616055846422,0.87260034904014,15.1832460732984,82.5479930191972,"ssp2","papillate"
"531",67.5249988548489,19,7,165,961,1152,191,1.64930555555556,0.607638888888889,14.3229166666667,83.4201388888889,"ssp2","papillate"
"532",67.5749988540009,20,8,158,964,1150,186,1.73913043478261,0.695652173913043,13.7391304347826,83.8260869565217,"ssp2","papillate"
"533",67.624998853153,20,8,156,972,1156,184,1.73010380622837,0.69204152249135,13.4948096885813,84.083044982699,"ssp2","papillate"
"534",67.674998852305,26,1,119,1007,1153,146,2.25498699045967,0.0867302688638335,10.3209019947962,87.3373807458803,"ssp2","papillate"
"535",67.7249988514571,21,4,112,1010,1147,137,1.8308631211857,0.3487358326068,9.76460331299041,88.0557977332171,"ssp2","papillate"
"536",67.7749988506091,21,15,99,1021,1156,135,1.81660899653979,1.29757785467128,8.56401384083045,88.3217993079585,"ssp2","papillate"
"537",67.8249988497612,12,9,102,1027,1150,123,1.04347826086957,0.782608695652174,8.8695652173913,89.304347826087,"ssp2","papillate"
"538",67.8749988489133,9,4,114,1020,1147,127,0.784655623365301,0.3487358326068,9.93897122929381,88.9276373147341,"ssp2","papillate"
"539",67.9249988480653,6,3,118,1028,1155,127,0.519480519480519,0.25974025974026,10.2164502164502,89.004329004329,"ssp2","papillate"
"540",67.9749988472173,5,4,105,1055,1169,114,0.427715996578272,0.342172797262618,8.98203592814371,90.2480752780154,"ssp2","papillate"
"541",68.0249988463694,9,5,92,1060,1166,106,0.771869639794168,0.428816466552316,7.89022298456261,90.9090909090909,"ssp2","papillate"
"542",68.0749988455215,1,8,70,1091,1170,79,0.0854700854700855,0.683760683760684,5.98290598290598,93.2478632478633,"ssp2","papillate"
"543",68.1249988446735,3,7,57,1089,1156,67,0.259515570934256,0.605536332179931,4.93079584775086,94.2041522491349,"ssp2","papillate"
"544",68.1749988438256,8,4,44,1105,1161,56,0.689061154177433,0.344530577088717,3.78983634797588,95.176571920758,"ssp2","papillate"
"545",68.2249988429776,5,6,49,1096,1156,60,0.432525951557093,0.519031141868512,4.23875432525952,94.8096885813149,"ssp2","papillate"
"546",68.2749988421297,15,6,61,1075,1157,82,1.29645635263613,0.518582541054451,5.27225583405359,92.9127052722558,"ssp2","papillate"
"547",68.3249988412817,6,7,79,1060,1152,92,0.520833333333333,0.607638888888889,6.85763888888889,92.0138888888889,"ssp2","papillate"
"548",68.3749988404338,5,14,85,1040,1144,104,0.437062937062937,1.22377622377622,7.43006993006993,90.9090909090909,"ssp2","papillate"
"549",68.4249988395858,12,5,97,1016,1130,114,1.06194690265487,0.442477876106195,8.58407079646018,89.9115044247788,"ssp2","papillate"
"550",68.4749988387379,15,7,102,1008,1132,124,1.32508833922261,0.618374558303887,9.01060070671378,89.0459363957597,"ssp2","papillate"
"551",68.52499883789,12,4,103,1007,1126,119,1.06571936056838,0.355239786856128,9.14742451154529,89.4316163410302,"ssp2","papillate"
"552",68.574998837042,9,8,92,1046,1155,109,0.779220779220779,0.692640692640693,7.96536796536797,90.5627705627706,"ssp2","papillate"
"553",68.6249988361941,13,9,102,1022,1146,124,1.13438045375218,0.785340314136126,8.90052356020942,89.1797556719023,"ssp2","papillate"
"554",68.6749988353461,17,15,107,1008,1147,139,1.4821272885789,1.3077593722755,9.32868352223191,87.8814298169137,"ssp2","papillate"
"555",68.7249988344982,19,14,122,1005,1160,155,1.63793103448276,1.20689655172414,10.5172413793103,86.6379310344828,"ssp2","papillate"
"556",68.7749988336502,15,10,130,1007,1162,155,1.29087779690189,0.860585197934595,11.1876075731497,86.6609294320138,"ssp2","papillate"
"557",68.8249988328023,10,13,134,1014,1171,157,0.85397096498719,1.11016225448335,11.4432109308284,86.5926558497011,"ssp2","papillate"
"558",68.8749988319543,8,16,150,1007,1181,174,0.677392040643522,1.35478408128704,12.701100762066,85.2667231160034,"ssp2","papillate"
"559",68.9249988311064,8,17,177,984,1186,202,0.674536256323777,1.43338954468803,14.9241146711636,82.9679595278246,"ssp2","papillate"
"560",68.9749988302584,6,19,192,978,1195,217,0.502092050209205,1.58995815899582,16.0669456066946,81.8410041841004,"ssp2","papillate"
"561",69.0249988294105,8,15,181,991,1195,204,0.669456066945607,1.25523012552301,15.1464435146443,82.928870292887,"ssp2","papillate"
"562",69.0749988285625,6,14,178,1008,1206,198,0.497512437810945,1.16086235489221,14.759535655058,83.5820895522388,"ssp2","papillate"
"563",69.1249988277146,3,7,173,1030,1213,183,0.247320692497939,0.577081615828524,14.2621599340478,84.9134377576257,"ssp2","papillate"
"564",69.1749988268667,3,13,186,1033,1235,202,0.242914979757085,1.05263157894737,15.0607287449393,83.6437246963563,"ssp2","papillate"
"565",69.2249988260187,3,13,204,1011,1231,220,0.24370430544273,1.05605199025183,16.5718927701056,82.1283509341998,"ssp2","papillate"
"566",69.2749988251708,3,9,204,1009,1225,216,0.244897959183673,0.73469387755102,16.6530612244898,82.3673469387755,"ssp2","papillate"
"567",69.3249988243228,7,4,192,1028,1231,203,0.568643379366369,0.324939073923639,15.5970755483347,83.5093419983753,"ssp2","papillate"
"568",69.3749988234749,4,23,211,976,1214,238,0.329489291598023,1.89456342668863,17.3805601317957,80.3953871499176,"ssp2","papillate"
"569",69.4249988226269,7,20,244,953,1224,271,0.571895424836601,1.63398692810458,19.9346405228758,77.859477124183,"ssp2","papillate"
"570",69.474998821779,2,12,273,955,1242,287,0.161030595813205,0.966183574879227,21.9806763285024,76.8921095008051,"ssp2","papillate"
"571",69.524998820931,7,7,285,940,1239,299,0.564971751412429,0.564971751412429,23.0024213075061,75.8676351896691,"ssp2","papillate"
"572",69.5749988200831,1,17,277,919,1214,295,0.0823723228995058,1.4003294892916,22.8171334431631,75.7001647446458,"ssp2","papillate"
"573",69.6249988192351,7,24,277,897,1205,308,0.580912863070539,1.99170124481328,22.9875518672199,74.4398340248963,"ssp2","papillate"
"574",69.6749988183872,3,9,288,897,1197,300,0.25062656641604,0.75187969924812,24.0601503759398,74.937343358396,"ssp2","papillate"
"575",69.7249988175392,14,3,291,901,1209,308,1.15798180314309,0.248138957816377,24.0694789081886,74.5244003308519,"ssp2","papillate"
"576",69.7749988166913,11,19,292,913,1235,322,0.890688259109312,1.53846153846154,23.6437246963563,73.9271255060729,"ssp2","papillate"
"577",69.8249988158433,19,20,271,953,1263,310,1.50435471100554,1.58353127474268,21.4568487727633,75.4552652414885,"ssp2","papillate"
"578",69.8749988149954,15,13,290,968,1286,318,1.16640746500778,1.01088646967341,22.5505443234837,75.2721617418351,"ssp2","papillate"
"579",69.9249988141475,8,22,317,957,1304,347,0.613496932515337,1.68711656441718,24.3098159509202,73.3895705521472,"ssp2","papillate"
"580",69.9749988132995,14,20,320,967,1321,354,1.05980317940954,1.51400454201363,24.224072672218,73.2021196063588,"ssp2","papillate"
"581",70.0249988124516,22,20,306,982,1330,348,1.65413533834586,1.50375939849624,23.0075187969925,73.8345864661654,"ssp2","papillate"
"582",70.0749988116036,13,19,317,966,1315,349,0.988593155893536,1.44486692015209,24.106463878327,73.4600760456274,"ssp2","papillate"
"583",70.1249988107557,9,22,306,986,1323,337,0.680272108843537,1.66288737717309,23.1292517006803,74.5275888133031,"ssp2","papillate"
"584",70.1749988099077,7,15,297,996,1315,319,0.532319391634981,1.14068441064639,22.5855513307985,75.7414448669201,"ssp2","papillate"
"585",70.2249988090598,16,15,289,1030,1350,320,1.18518518518519,1.11111111111111,21.4074074074074,76.2962962962963,"ssp2","papillate"
"586",70.2749988082118,23,12,288,1050,1373,323,1.67516387472688,0.873998543335761,20.9759650400583,76.4748725418791,"ssp2","papillate"
"587",70.3249988073639,15,12,278,1079,1384,305,1.08381502890173,0.867052023121387,20.0867052023121,77.9624277456647,"ssp2","papillate"
"588",70.3749988065159,34,13,275,1083,1405,322,2.41992882562278,0.925266903914591,19.5729537366548,77.0818505338078,"ssp2","papillate"
"589",70.424998805668,24,23,259,1102,1408,306,1.70454545454545,1.63352272727273,18.3948863636364,78.2670454545455,"ssp2","papillate"
"590",70.47499880482,8,24,242,1138,1412,274,0.56657223796034,1.69971671388102,17.1388101983003,80.5949008498583,"ssp2","papillate"
"591",70.5249988039721,12,19,230,1142,1403,261,0.855310049893086,1.35424091233072,16.3934426229508,81.3970064148254,"ssp2","papillate"
"592",70.5749988031242,20,20,233,1120,1393,273,1.43575017946877,1.43575017946877,16.7264895908112,80.4020100502513,"ssp2","papillate"
"593",70.6249988022762,33,26,232,1095,1386,291,2.38095238095238,1.87590187590188,16.7388167388167,79.004329004329,"ssp2","papillate"
"594",70.6749988014283,50,25,229,1089,1393,304,3.58937544867193,1.79468772433597,16.4393395549174,78.1765972720747,"ssp2","papillate"
"595",70.7249988005803,32,14,253,1116,1415,299,2.26148409893993,0.989399293286219,17.8798586572438,78.86925795053,"ssp2","papillate"
"596",70.7749987997324,34,24,263,1146,1467,321,2.31765507839127,1.6359918200409,17.9277436946149,78.118609406953,"ssp2","papillate"
"597",70.8249987988844,50,14,264,1149,1477,328,3.385240352065,0.947867298578199,17.8740690589032,77.7928232904536,"ssp2","papillate"
"598",70.8749987980365,64,14,272,1139,1489,350,4.29818670248489,0.940228341168569,18.2672934855608,76.4942914707858,"ssp2","papillate"
"599",70.9249987971885,69,28,270,1127,1494,367,4.61847389558233,1.87416331994645,18.0722891566265,75.4350736278447,"ssp2","papillate"
"600",70.9749987963406,74,26,283,1115,1498,383,4.93991989319092,1.73564753004005,18.8918558077437,74.4325767690254,"ssp2","papillate"
"601",71.0249987954926,77,15,305,1096,1493,397,5.15740120562626,1.00468854655057,20.4286671131949,73.4092431346283,"ssp2","papillate"
"602",71.0749987946447,70,18,322,1089,1499,410,4.66977985323549,1.20080053368913,21.4809873248833,72.6484322881921,"ssp2","papillate"
"603",71.1249987937967,76,25,351,1047,1499,452,5.07004669779853,1.66777851901268,23.415610406938,69.8465643762508,"ssp2","papillate"
"604",71.1749987929488,96,16,357,1023,1492,469,6.4343163538874,1.07238605898123,23.9276139410188,68.5656836461126,"ssp2","papillate"
"605",71.2249987921009,126,15,364,990,1495,505,8.42809364548495,1.00334448160535,24.3478260869565,66.2207357859532,"ssp2","papillate"
"606",71.2749987912529,114,34,394,955,1497,542,7.61523046092184,2.27120908483634,26.3193052772211,63.7942551770207,"ssp2","papillate"
"607",71.324998790405,106,24,426,930,1486,556,7.13324360699865,1.61507402422611,28.6675639300135,62.5841184387618,"ssp2","papillate"
"608",71.374998789557,97,21,456,916,1490,574,6.51006711409396,1.40939597315436,30.6040268456376,61.4765100671141,"ssp2","papillate"
"609",71.4249987887091,111,18,463,874,1466,592,7.57162346521146,1.22783083219645,31.5825375170532,59.6180081855389,"ssp2","papillate"
"610",71.4749987878611,103,15,465,885,1468,583,7.01634877384196,1.02179836512262,31.6757493188011,60.2861035422343,"ssp2","papillate"
"611",71.5249987870132,101,29,459,891,1480,589,6.82432432432432,1.95945945945946,31.0135135135135,60.2027027027027,"ssp2","papillate"
"612",71.5749987861652,100,13,480,873,1466,593,6.82128240109141,0.886766712141883,32.7421555252388,59.549795361528,"ssp2","papillate"
"613",71.6249987853173,83,19,486,875,1463,588,5.67327409432673,1.2987012987013,33.2194121667806,59.8086124401914,"ssp2","papillate"
"614",71.6749987844694,88,28,450,891,1457,566,6.0398078242965,1.92175703500343,30.885380919698,61.1530542210021,"ssp2","papillate"
"615",71.7249987836214,85,19,474,867,1445,578,5.88235294117647,1.31487889273356,32.80276816609,60,"ssp2","papillate"
"616",71.7749987827735,66,13,499,875,1453,578,4.54232622161046,0.894700619408121,34.3427391603579,60.2202339986235,"ssp2","papillate"
"617",71.8249987819255,66,20,522,849,1457,608,4.52985586822237,1.37268359643102,35.8270418668497,58.2704186684969,"ssp2","papillate"
"618",71.8749987810776,93,19,483,851,1446,595,6.43153526970954,1.31396957123098,33.402489626556,58.8520055325035,"ssp2","papillate"
"619",71.9249987802296,87,19,452,899,1457,558,5.97117364447495,1.30404941660947,31.0226492793411,61.7021276595745,"ssp2","papillate"
"620",71.9749987793817,89,27,473,866,1455,589,6.11683848797251,1.85567010309278,32.5085910652921,59.5189003436426,"ssp2","papillate"
"621",72.0249987785337,74,8,504,871,1457,586,5.07892930679478,0.549073438572409,34.5916266300618,59.780370624571,"ssp2","papillate"
"622",72.0749987776858,89,15,477,877,1458,581,6.1042524005487,1.02880658436214,32.7160493827161,60.1508916323731,"ssp2","papillate"
"623",72.1249987768378,69,17,506,869,1461,592,4.72279260780287,1.16358658453114,34.6338124572211,59.4798083504449,"ssp2","papillate"
"624",72.1749987759899,57,25,513,861,1456,595,3.91483516483516,1.71703296703297,35.2335164835165,59.1346153846154,"ssp2","papillate"
"625",72.2249987751419,42,26,529,860,1457,597,2.88263555250515,1.78448867536033,36.3074811256005,59.025394646534,"ssp2","papillate"
"626",72.274998774294,37,20,533,870,1460,590,2.53424657534247,1.36986301369863,36.5068493150685,59.5890410958904,"ssp2","papillate"
"627",72.3249987734461,27,24,536,883,1470,587,1.83673469387755,1.63265306122449,36.4625850340136,60.0680272108844,"ssp2","papillate"
"628",72.3749987725981,11,22,555,891,1479,588,0.743745774171738,1.48749154834348,37.525354969574,60.2434077079107,"ssp2","papillate"
"629",72.4249987717502,4,22,559,899,1484,585,0.269541778975741,1.48247978436658,37.6684636118598,60.5795148247978,"ssp2","papillate"
"630",72.4749987709022,40,24,527,852,1443,591,2.77200277200277,1.66320166320166,36.5211365211365,59.043659043659,"ssp2","papillate"
"631",72.5249987700543,46,18,549,835,1448,613,3.1767955801105,1.24309392265193,37.914364640884,57.6657458563536,"ssp2","papillate"
"632",72.5749987692063,18,29,583,815,1445,630,1.24567474048443,2.00692041522491,40.3460207612457,56.401384083045,"ssp2","papillate"
"633",72.6249987683584,17,34,563,836,1450,614,1.17241379310345,2.3448275862069,38.8275862068966,57.6551724137931,"ssp2","papillate"
"634",72.6749987675104,44,34,532,835,1445,610,3.04498269896194,2.35294117647059,36.8166089965398,57.7854671280277,"ssp2","papillate"
"635",72.7249987666625,36,34,540,834,1444,610,2.49307479224377,2.35457063711911,37.3961218836565,57.7562326869806,"ssp2","papillate"
"636",72.7749987658145,22,34,560,844,1460,616,1.50684931506849,2.32876712328767,38.3561643835616,57.8082191780822,"ssp2","papillate"
"637",72.8249987649666,29,25,555,862,1471,609,1.97144799456152,1.69952413324269,37.7294357579878,58.599592114208,"ssp2","papillate"
"638",72.8749987641186,25,28,534,884,1471,587,1.69952413324269,1.90346702923182,36.3018354860639,60.0951733514616,"ssp2","papillate"
"639",72.9249987632707,21,38,516,884,1459,575,1.43934201507882,2.60452364633311,35.3666895133653,60.5894448252228,"ssp2","papillate"
"640",72.9749987624228,16,27,526,881,1450,569,1.10344827586207,1.86206896551724,36.2758620689655,60.7586206896552,"ssp2","papillate"
"641",73.0249987615748,11,44,522,883,1460,577,0.753424657534247,3.01369863013699,35.7534246575342,60.4794520547945,"ssp2","papillate"
"642",73.0749987607269,15,48,523,877,1463,586,1.02529049897471,3.28092959671907,35.7484620642515,59.9453178400547,"ssp2","papillate"
"643",73.1249987598789,19,44,508,896,1467,571,1.29516019086571,2.99931833674165,34.628493524199,61.0770279481936,"ssp2","papillate"
"644",73.174998759031,21,33,494,915,1463,548,1.43540669856459,2.25563909774436,33.7662337662338,62.5427204374573,"ssp2","papillate"
"645",73.224998758183,20,33,480,946,1479,533,1.35226504394861,2.23123732251521,32.4543610547667,63.9621365787694,"ssp2","papillate"
"646",73.2749987573351,15,52,477,915,1459,544,1.02810143934202,3.56408498971899,32.6936257710761,62.7141877998629,"ssp2","papillate"
"647",73.3249987564871,6,55,470,919,1450,531,0.413793103448276,3.79310344827586,32.4137931034483,63.3793103448276,"ssp2","papillate"
"648",73.3749987556392,5,51,462,924,1442,518,0.346740638002774,3.53675450762829,32.0388349514563,64.0776699029126,"ssp2","papillate"
"649",73.4249987547912,7,37,463,947,1454,507,0.481430536451169,2.54470426409904,31.8431911966988,65.130674002751,"ssp2","papillate"
"650",73.4749987539433,6,27,468,925,1426,501,0.420757363253857,1.89340813464236,32.8190743338008,64.8667601683029,"ssp2","papillate"
"651",73.5249987530953,7,33,459,913,1412,499,0.495750708215297,2.3371104815864,32.5070821529745,64.6600566572238,"ssp2","papillate"
"652",73.5749987522474,3,22,464,913,1402,489,0.21398002853067,1.56918687589158,33.095577746077,65.1212553495007,"ssp2","papillate"
"653",73.6249987513994,10,8,466,908,1392,484,0.718390804597701,0.574712643678161,33.4770114942529,65.2298850574713,"ssp2","papillate"
"654",73.6749987505515,10,16,461,904,1391,487,0.718907260963336,1.15025161754134,33.1416247304098,64.9892163910855,"ssp2","papillate"
"655",73.7249987497036,7,13,462,928,1410,482,0.49645390070922,0.921985815602837,32.7659574468085,65.8156028368794,"ssp2","papillate"
"656",73.7749987488556,7,27,449,915,1398,483,0.50071530758226,1.931330472103,32.1173104434907,65.450643776824,"ssp2","papillate"
"657",73.8249987480077,6,17,448,909,1380,471,0.434782608695652,1.23188405797101,32.463768115942,65.8695652173913,"ssp2","papillate"
"658",73.8749987471597,4,11,439,927,1381,454,0.289645184648805,0.796524257784214,31.7885590152064,67.1252715423606,"ssp2","papillate"
"659",73.9249987463118,1,11,420,965,1397,432,0.0715819613457409,0.78740157480315,30.0644237652112,69.0765926986399,"ssp2","papillate"
"660",73.9749987454638,0,13,425,967,1405,438,0,0.925266903914591,30.2491103202847,68.8256227758007,"ssp2","papillate"
"661",74.0249987446159,1,24,437,951,1413,462,0.0707714083510262,1.69851380042463,30.9271054493984,67.3036093418259,"ssp2","papillate"
"662",74.0749987437679,3,18,443,959,1423,464,0.210822206605762,1.26493323963457,31.1314125087843,67.3928320449754,"ssp2","papillate"
"663",74.12499874292,7,26,427,939,1399,460,0.50035739814153,1.85847033595425,30.5218012866333,67.1193709792709,"ssp2","papillate"
"664",74.174998742072,7,40,409,922,1378,456,0.507982583454282,2.90275761973875,29.6806966618287,66.9085631349782,"ssp2","papillate"
"665",74.2249987412241,1,37,428,911,1377,466,0.0726216412490922,2.68700072621641,31.0820624546115,66.158315177923,"ssp2","papillate"
"666",74.2749987403761,2,31,427,912,1372,460,0.145772594752187,2.25947521865889,31.1224489795918,66.4723032069971,"ssp2","papillate"
"667",74.3249987395282,4,27,427,903,1361,458,0.293901542983101,1.98383541513593,31.373989713446,66.348273328435,"ssp2","papillate"
"668",74.3749987386803,2,27,432,900,1361,461,0.14695077149155,1.98383541513593,31.7413666421749,66.1278471711977,"ssp2","papillate"
"669",74.4249987378323,1,20,433,891,1345,454,0.0743494423791822,1.48698884758364,32.1933085501859,66.2453531598513,"ssp2","papillate"
"670",74.4749987369844,0,16,436,887,1339,452,0,1.1949215832711,32.5616131441374,66.2434652725915,"ssp2","papillate"
"671",74.5249987361364,0,19,430,904,1353,449,0,1.40428677014043,31.7812269031781,66.8144863266814,"ssp2","papillate"
"672",74.5749987352885,1,24,424,894,1343,449,0.0744601638123604,1.78704393149665,31.5711094564408,66.5673864482502,"ssp2","papillate"
"673",74.6249987344405,0,25,432,896,1353,457,0,1.84774575018477,31.9290465631929,66.2232076866223,"ssp2","papillate"
"674",74.6749987335926,2,34,409,932,1377,445,0.145243282498184,2.46913580246914,29.7022512708787,67.683369644154,"ssp2","papillate"
"675",74.7249987327446,6,41,391,930,1368,438,0.43859649122807,2.99707602339181,28.5818713450292,67.9824561403509,"ssp2","papillate"
"676",74.7749987318967,3,50,373,942,1368,426,0.219298245614035,3.65497076023392,27.266081871345,68.859649122807,"ssp2","papillate"
"677",74.8249987310488,8,60,380,915,1363,448,0.586940572267058,4.40205429200293,27.8796771826853,67.1313279530447,"ssp2","papillate"
"678",74.8749987302008,11,98,333,916,1358,442,0.810014727540501,7.21649484536082,24.5213549337261,67.4521354933726,"ssp2","papillate"
"679",74.9249987293529,15,116,306,920,1357,437,1.10537951363301,8.54826823876197,22.5497420781135,67.7966101694915,"ssp2","papillate"
"680",74.9749987285049,6,117,289,936,1348,412,0.445103857566766,8.67952522255193,21.4391691394659,69.4362017804154,"ssp2","papillate"
"681",75.024998727657,0,123,293,907,1323,416,0,9.29705215419501,22.1466364323507,68.5563114134543,"ssp2","papillate"
"682",75.074998726809,0,135,298,898,1331,433,0,10.1427498121713,22.389181066867,67.4680691209617,"ssp2","papillate"
"683",75.1249987259611,1,128,310,896,1335,439,0.0749063670411985,9.58801498127341,23.2209737827715,67.1161048689139,"ssp2","papillate"
"684",75.1749987251131,2,104,326,896,1328,432,0.150602409638554,7.83132530120482,24.5481927710843,67.4698795180723,"ssp2","papillate"
"685",75.2249987242652,1,120,342,872,1335,463,0.0749063670411985,8.98876404494382,25.6179775280899,65.3183520599251,"ssp2","papillate"
"686",75.2749987234172,1,111,350,865,1327,462,0.0753579502637528,8.36473247927656,26.3752825923135,65.1846269781462,"ssp2","papillate"
"687",75.3249987225693,3,100,361,850,1314,464,0.228310502283105,7.6103500761035,27.4733637747336,64.6879756468798,"ssp2","papillate"
"688",75.3749987217213,1,115,359,843,1318,475,0.0758725341426404,8.72534142640364,27.2382397572079,63.9605462822458,"ssp2","papillate"
"689",75.4249987208734,0,119,390,815,1324,509,0,8.98791540785498,29.4561933534743,61.5558912386707,"ssp2","papillate"
"690",75.4749987200255,1,115,401,810,1327,517,0.0753579502637528,8.66616428033158,30.2185380557649,61.0399397136398,"ssp2","papillate"
"691",75.5249987191775,1,103,418,805,1327,522,0.0753579502637528,7.76186887716654,31.4996232102487,60.663149962321,"ssp2","papillate"
"692",75.5749987183296,1,86,448,790,1325,535,0.0754716981132075,6.49056603773585,33.811320754717,59.622641509434,"ssp2","papillate"
"693",75.6249987174816,4,87,456,780,1327,547,0.301431801055011,6.5561416729465,34.3632253202713,58.7792012057272,"ssp2","papillate"
"694",75.6749987166337,5,70,463,783,1321,538,0.378501135503407,5.29901589704769,35.0492051476154,59.2732778198335,"ssp2","papillate"
"695",75.7249987157857,4,66,439,807,1316,509,0.303951367781155,5.01519756838906,33.3586626139818,61.322188449848,"ssp2","papillate"
"696",75.7749987149378,2,65,438,804,1309,505,0.152788388082506,4.96562261268144,33.4606569900688,61.4209320091673,"ssp2","papillate"
"697",75.8249987140898,1,54,457,793,1305,512,0.0766283524904215,4.13793103448276,35.0191570881226,60.7662835249042,"ssp2","papillate"
"698",75.8749987132419,1,57,483,763,1304,541,0.0766871165644172,4.37116564417178,37.0398773006135,58.5122699386503,"ssp2","papillate"
"699",75.9249987123939,1,61,495,748,1305,557,0.0766283524904215,4.67432950191571,37.9310344827586,57.3180076628352,"ssp2","papillate"
"700",75.974998711546,1,39,495,767,1302,535,0.0768049155145929,2.99539170506912,38.0184331797235,58.9093701996928,"ssp2","papillate"
"701",76.024998710698,2,46,485,767,1300,533,0.153846153846154,3.53846153846154,37.3076923076923,59,"ssp2","papillate"
"702",76.0749987098501,3,32,501,755,1291,536,0.232378001549187,2.47869868319132,38.8071262587142,58.4817970565453,"ssp2","papillate"
"703",76.1249987090021,1,17,511,762,1291,529,0.0774593338497289,1.31680867544539,39.5817195972115,59.0240123934934,"ssp2","papillate"
"704",76.1749987081542,0,20,507,765,1292,527,0,1.54798761609907,39.2414860681115,59.2105263157895,"ssp2","papillate"
"705",76.2249987073063,0,11,515,779,1305,526,0,0.842911877394636,39.463601532567,59.6934865900383,"ssp2","papillate"
"706",76.2749987064583,0,20,505,792,1317,525,0,1.51860288534548,38.3447228549734,60.1366742596811,"ssp2","papillate"
"707",76.3249987056104,0,35,526,754,1315,561,0,2.6615969581749,40,57.3384030418251,"ssp2","papillate"
"708",76.3749987047624,0,60,524,740,1324,584,0,4.53172205438066,39.5770392749245,55.8912386706949,"ssp2","papillate"
"709",76.4249987039145,1,37,572,717,1327,610,0.0753579502637528,2.78824415975885,43.1047475508666,54.0316503391108,"ssp2","papillate"
"710",76.4749987030665,1,11,591,715,1318,603,0.0758725341426404,0.834597875569044,44.8406676783005,54.2488619119879,"ssp2","papillate"
"711",76.5249987022186,0,16,593,714,1323,609,0,1.20937263794407,44.822373393802,53.968253968254,"ssp2","papillate"
"712",76.5749987013706,1,17,603,695,1316,621,0.0759878419452888,1.29179331306991,45.8206686930091,52.8115501519757,"ssp2","papillate"
"713",76.6249987005227,1,14,612,688,1315,627,0.0760456273764259,1.06463878326996,46.5399239543726,52.319391634981,"ssp2","papillate"
"714",76.6749986996747,1,14,604,697,1316,619,0.0759878419452888,1.06382978723404,45.8966565349544,52.9635258358663,"ssp2","papillate"
"715",76.7249986988268,3,11,585,708,1307,599,0.229533282325937,0.841622035195103,44.7589900535578,54.1698546289212,"ssp2","papillate"
"716",76.7749986979788,4,12,578,708,1302,594,0.307219662058372,0.921658986175115,44.3932411674347,54.3778801843318,"ssp2","papillate"
"717",76.8249986971309,2,17,573,686,1278,592,0.156494522691706,1.3302034428795,44.8356807511737,53.6776212832551,"ssp2","papillate"
"718",76.874998696283,0,25,556,673,1254,581,0,1.99362041467305,44.3381180223286,53.6682615629984,"ssp2","papillate"
"719",76.924998695435,2,27,568,645,1242,597,0.161030595813205,2.17391304347826,45.7326892109501,51.9323671497584,"ssp2","papillate"
"720",76.9749986945871,2,13,577,647,1239,592,0.161420500403551,1.04923325262308,46.5698143664245,52.2195318805488,"ssp2","papillate"
"721",77.0249986937391,4,34,552,638,1228,590,0.325732899022801,2.76872964169381,44.9511400651466,51.9543973941368,"ssp2","papillate"
"722",77.0749986928912,4,35,562,621,1222,601,0.327332242225859,2.86415711947627,45.9901800327332,50.8183306055646,"ssp2","papillate"
"723",77.1249986920432,9,47,562,600,1218,618,0.738916256157635,3.85878489326765,46.1412151067323,49.2610837438424,"ssp2","papillate"
"724",77.1749986911953,2,61,554,594,1211,617,0.165152766308836,5.03715937241949,45.7473162675475,49.0503715937242,"ssp2","papillate"
"725",77.2249986903473,2,61,535,611,1209,598,0.165425971877585,5.04549214226634,44.2514474772539,50.5376344086022,"ssp2","papillate"
"726",77.2749986894994,2,55,534,616,1207,591,0.165700082850041,4.55675227837614,44.2419221209611,51.0356255178128,"ssp2","papillate"
"727",77.3249986886514,5,60,510,643,1218,575,0.410509031198686,4.92610837438424,41.871921182266,52.7914614121511,"ssp2","papillate"
"728",77.3749986878035,11,74,495,651,1231,580,0.893582453290008,6.01137286758733,40.2112103980504,52.8838342810723,"ssp2","papillate"
"729",77.4249986869555,0,88,488,642,1218,576,0,7.22495894909688,40.0656814449918,52.7093596059113,"ssp2","papillate"
"730",77.4749986861076,1,72,478,655,1206,551,0.0829187396351575,5.97014925373134,39.6351575456053,54.3117744610282,"ssp2","papillate"
"731",77.5249986852597,1,74,449,663,1187,524,0.08424599831508,6.23420387531592,37.8264532434709,55.8550968828981,"ssp2","papillate"
"732",77.5749986844117,0,55,461,689,1205,516,0,4.5643153526971,38.2572614107884,57.1784232365145,"ssp2","papillate"
"733",77.6249986835638,1,47,461,663,1172,509,0.0853242320819113,4.01023890784983,39.3344709897611,56.5699658703072,"ssp2","papillate"
"734",77.6749986827158,1,72,457,628,1158,530,0.0863557858376511,6.21761658031088,39.4645941278066,54.2314335060449,"ssp2","papillate"
"735",77.7249986818679,0,45,452,674,1171,497,0,3.84286934244236,38.599487617421,57.5576430401366,"ssp2","papillate"
"736",77.7749986810199,8,57,407,697,1169,472,0.684345594525235,4.8759623609923,34.8160821214713,59.6236099230111,"ssp2","papillate"
"737",77.824998680172,1,40,418,711,1170,459,0.0854700854700855,3.41880341880342,35.7264957264957,60.7692307692308,"ssp2","papillate"
"738",77.874998679324,0,53,408,697,1158,461,0,4.57685664939551,35.2331606217617,60.1899827288428,"ssp2","papillate"
"739",77.9249986784761,1,40,418,710,1169,459,0.0855431993156544,3.42172797262618,35.7570573139435,60.7356715141146,"ssp2","papillate"
"740",77.9749986776282,0,43,441,700,1184,484,0,3.63175675675676,37.2466216216216,59.1216216216216,"ssp2","papillate"
"741",78.0249986767802,1,47,457,681,1186,505,0.0843170320404722,3.96290050590219,38.5328836424958,57.4198988195616,"ssp2","papillate"
"742",78.0749986759322,1,52,472,645,1170,525,0.0854700854700855,4.44444444444444,40.3418803418803,55.1282051282051,"ssp2","papillate"
"743",78.1249986750843,4,53,478,652,1187,535,0.33698399326032,4.46503791069924,40.2695871946083,54.9283909014322,"ssp2","papillate"
"744",78.1749986742364,9,49,455,698,1211,513,0.74318744838976,4.04624277456647,37.5722543352601,57.6383154417836,"ssp2","papillate"
"745",78.2249986733884,2,56,443,699,1200,501,0.166666666666667,4.66666666666667,36.9166666666667,58.25,"ssp2","papillate"
"746",78.2749986725405,2,49,441,700,1192,492,0.167785234899329,4.11073825503356,36.996644295302,58.7248322147651,"ssp2","papillate"
"747",78.3249986716925,1,42,433,713,1189,476,0.0841042893187553,3.53238015138772,36.417157275021,59.9663582842725,"ssp2","papillate"
"748",78.3749986708446,1,81,390,736,1208,472,0.0827814569536424,6.70529801324503,32.2847682119205,60.9271523178808,"ssp2","papillate"
"749",78.4249986699966,2,40,411,734,1187,453,0.16849199663016,3.3698399326032,34.6251053074979,61.8365627632687,"ssp2","papillate"
"750",78.4749986691487,2,28,436,710,1176,466,0.170068027210884,2.38095238095238,37.0748299319728,60.3741496598639,"ssp2","papillate"
"751",78.5249986683007,1,20,455,712,1188,476,0.0841750841750842,1.68350168350168,38.2996632996633,59.9326599326599,"ssp2","papillate"
"752",78.5749986674528,1,17,429,725,1172,447,0.0853242320819113,1.45051194539249,36.6040955631399,61.8600682593857,"ssp2","papillate"
"753",78.6249986666049,2,18,445,697,1162,465,0.172117039586919,1.54905335628227,38.2960413080895,59.9827882960413,"ssp2","papillate"
"754",78.6749986657569,2,30,437,675,1144,469,0.174825174825175,2.62237762237762,38.1993006993007,59.0034965034965,"ssp2","papillate"
"755",78.724998664909,5,19,438,640,1102,462,0.453720508166969,1.72413793103448,39.7459165154265,58.0762250453721,"ssp2","papillate"
"756",78.774998664061,2,23,406,669,1100,431,0.181818181818182,2.09090909090909,36.9090909090909,60.8181818181818,"ssp2","papillate"
"757",78.8249986632131,1,24,416,660,1101,441,0.0908265213442325,2.17983651226158,37.7838328792007,59.9455040871935,"ssp2","papillate"
"758",78.8749986623651,1,14,420,665,1100,435,0.0909090909090909,1.27272727272727,38.1818181818182,60.4545454545455,"ssp2","papillate"
"759",78.9249986615172,0,22,425,689,1136,447,0,1.93661971830986,37.4119718309859,60.6514084507042,"ssp2","papillate"
"760",78.9749986606692,1,5,455,690,1151,461,0.0868809730668983,0.434404865334492,39.5308427454387,59.9478714161599,"ssp2","papillate"
"761",79.0249986598213,5,15,428,687,1135,448,0.440528634361234,1.3215859030837,37.7092511013216,60.5286343612335,"ssp2","papillate"
"762",79.0749986589733,1,12,455,650,1118,468,0.0894454382826476,1.07334525939177,40.6976744186046,58.1395348837209,"ssp2","papillate"
"763",79.1249986581254,13,6,475,633,1127,494,1.15350488021295,0.532386867790595,42.1472937000887,56.1668145519077,"ssp2","papillate"
"764",79.1749986572774,11,6,444,678,1139,461,0.9657594381036,0.526777875329236,38.9815627743635,59.5258999122037,"ssp2","papillate"
"765",79.2249986564295,8,12,425,678,1123,445,0.712377560106857,1.06856634016028,37.8450578806768,60.3739982190561,"ssp2","papillate"
"766",79.2749986555816,3,15,424,674,1116,442,0.268817204301075,1.34408602150538,37.9928315412186,60.3942652329749,"ssp2","papillate"
"767",79.3249986547336,2,10,444,658,1114,456,0.179533213644524,0.897666068222621,39.8563734290844,59.0664272890485,"ssp2","papillate"
"768",79.3749986538857,3,14,446,600,1063,463,0.282220131702728,1.3170272812794,41.9567262464723,56.4440263405456,"ssp2","papillate"
"769",79.4249986530377,7,19,424,594,1044,450,0.670498084291188,1.81992337164751,40.6130268199234,56.8965517241379,"ssp2","papillate"
"770",79.4749986521898,4,15,409,615,1043,428,0.383509108341323,1.43815915627996,39.2138063279003,58.9645254074784,"ssp2","papillate"
"771",79.5249986513418,9,6,399,623,1037,414,0.867888138862102,0.578592092574735,38.4763741562199,60.0771456123433,"ssp2","papillate"
"772",79.5749986504939,9,11,404,626,1050,424,0.857142857142857,1.04761904761905,38.4761904761905,59.6190476190476,"ssp2","papillate"
"773",79.6249986496459,10,13,412,637,1072,435,0.932835820895522,1.21268656716418,38.4328358208955,59.4216417910448,"ssp2","papillate"
"774",79.674998648798,17,7,401,641,1066,425,1.59474671669794,0.656660412757974,37.6172607879925,60.1313320825516,"ssp2","papillate"
"775",79.72499864795,12,7,404,651,1074,423,1.11731843575419,0.651769087523277,37.6163873370577,60.6145251396648,"ssp2","papillate"
"776",79.7749986471021,4,0,430,602,1036,434,0.386100386100386,0,41.5057915057915,58.1081081081081,"ssp2","papillate"
"777",79.8249986462541,2,1,420,598,1021,423,0.19588638589618,0.0979431929480901,41.1361410381978,58.5700293829579,"ssp2","papillate"
"778",79.8749986454062,7,2,416,626,1051,425,0.666032350142721,0.190294957183635,39.581351094196,59.5623215984776,"ssp2","papillate"
"779",79.9249986445582,8,3,444,599,1054,455,0.759013282732448,0.284629981024668,42.1252371916509,56.831119544592,"ssp2","papillate"
"780",79.9749986437103,4,4,470,596,1074,478,0.37243947858473,0.37243947858473,43.7616387337058,55.4934823091248,"ssp2","papillate"
"781",80.0249986428624,7,2,469,611,1089,478,0.642791551882461,0.183654729109275,43.0670339761249,56.1065197428834,"ssp2","papillate"
"782",80.0749986420144,12,4,440,634,1090,456,1.10091743119266,0.36697247706422,40.3669724770642,58.1651376146789,"ssp2","papillate"
"783",80.1249986411665,16,3,439,633,1091,458,1.46654445462878,0.274977085242896,40.2383134738772,58.0201649862511,"ssp2","papillate"
"784",80.1749986403185,23,3,443,631,1100,469,2.09090909090909,0.272727272727273,40.2727272727273,57.3636363636364,"ssp2","papillate"
"785",80.2249986394706,17,2,522,586,1127,541,1.50842945874002,0.177462289263531,46.3176574977817,51.9964507542147,"ssp2","papillate"
"786",80.2749986386226,3,5,555,576,1139,563,0.263388937664618,0.438981562774364,48.7269534679543,50.5706760316067,"ssp2","papillate"
"787",80.3249986377747,17,7,538,600,1162,562,1.46299483648881,0.602409638554217,46.2994836488812,51.6351118760757,"ssp2","papillate"
"788",80.3749986369267,18,9,515,647,1189,542,1.51387720773759,0.756938603868797,43.313708999159,54.4154751892347,"ssp2","papillate"
"789",80.4249986360788,46,3,508,634,1191,557,3.86230058774139,0.251889168765743,42.6532325776658,53.232577665827,"ssp2","papillate"
"790",80.4749986352308,26,4,557,629,1216,587,2.13815789473684,0.328947368421053,45.8059210526316,51.7269736842105,"ssp2","papillate"
"791",80.5249986343829,22,20,607,606,1255,649,1.75298804780877,1.59362549800797,48.3665338645418,48.2868525896414,"ssp2","papillate"
"792",80.5749986335349,23,18,604,611,1256,645,1.8312101910828,1.43312101910828,48.0891719745223,48.6464968152866,"ssp2","papillate"
"793",80.624998632687,9,13,562,650,1234,584,0.729335494327391,1.05348460291734,45.5429497568882,52.6742301458671,"ssp2","papillate"
"794",80.6749986318391,8,21,509,674,1212,538,0.66006600660066,1.73267326732673,41.996699669967,55.6105610561056,"ssp2","papillate"
"795",80.7249986309911,8,16,543,643,1210,567,0.661157024793388,1.32231404958678,44.8760330578512,53.1404958677686,"ssp2","papillate"
"796",80.7749986301432,4,13,576,592,1185,593,0.337552742616034,1.09704641350211,48.6075949367089,49.957805907173,"ssp2","papillate"
"797",80.8249986292952,9,27,572,582,1190,608,0.756302521008403,2.26890756302521,48.0672268907563,48.9075630252101,"ssp2","papillate"
"798",80.8749986284473,6,16,603,569,1194,625,0.50251256281407,1.34003350083752,50.5025125628141,47.6549413735343,"ssp2","papillate"
"799",80.9249986275993,3,24,610,565,1202,637,0.249584026622296,1.99667221297837,50.7487520798669,47.0049916805324,"ssp2","papillate"
"800",80.9749986267514,2,12,639,536,1189,653,0.168208578637511,1.00925147182506,53.7426408746846,45.0798990748528,"ssp2","papillate"
"801",81.0249986259034,2,5,654,515,1176,661,0.170068027210884,0.425170068027211,55.6122448979592,43.7925170068027,"ssp2","papillate"
"802",81.0749986250555,2,3,634,537,1176,639,0.170068027210884,0.255102040816327,53.9115646258503,45.6632653061224,"ssp2","papillate"
"803",81.1249986242075,2,6,597,562,1167,605,0.171379605826907,0.51413881748072,51.1568123393316,48.1576692373608,"ssp2","papillate"
"804",81.1749986233596,3,3,578,582,1166,584,0.257289879931389,0.257289879931389,49.5711835334477,49.9142367066895,"ssp2","papillate"
"805",81.2249986225116,1,1,552,610,1164,554,0.0859106529209622,0.0859106529209622,47.4226804123711,52.4054982817869,"ssp2","papillate"
"806",81.2749986216637,5,17,530,609,1161,552,0.430663221360896,1.46425495262705,45.650301464255,52.4547803617571,"ssp2","papillate"
"807",81.3249986208158,1,6,449,695,1151,456,0.0868809730668983,0.52128583840139,39.0095569070374,60.3822762814943,"ssp2","papillate"
"808",81.3749986199678,5,6,396,749,1156,407,0.432525951557093,0.519031141868512,34.2560553633218,64.7923875432526,"ssp2","papillate"
"809",81.4249986191199,2,4,376,813,1195,382,0.167364016736402,0.334728033472803,31.4644351464435,68.0334728033473,"ssp2","papillate"
"810",81.4749986182719,5,2,332,892,1231,339,0.406173842404549,0.16246953696182,26.9699431356621,72.4614134849716,"ssp2","papillate"
"811",81.524998617424,0,0,311,930,1241,311,0,0,25.0604351329573,74.9395648670427,"ssp2","papillate"
"812",81.574998616576,2,0,306,931,1239,308,0.161420500403551,0,24.6973365617433,75.1412429378531,"ssp2","papillate"
"813",81.6249986157281,0,0,289,999,1288,289,0,0,22.4378881987578,77.5621118012422,"ssp2","papillate"
"814",81.6749986148801,0,0,274,1036,1310,274,0,0,20.9160305343511,79.0839694656488,"ssp2","papillate"
"815",81.7249986140322,0,6,290,1051,1347,296,0,0.44543429844098,21.5293244246474,78.0252412769117,"ssp2","papillate"
"816",81.7749986131843,0,5,285,1097,1387,290,0,0.360490266762797,20.5479452054795,79.0915645277578,"ssp2","papillate"
"817",81.8249986123363,0,4,278,1140,1422,282,0,0.281293952180028,19.549929676512,80.168776371308,"ssp2","papillate"
"818",81.8749986114884,0,4,248,1207,1459,252,0,0.274160383824537,16.9979437971213,82.7278958190541,"ssp2","papillate"
"819",81.9249986106404,0,2,233,1221,1456,235,0,0.137362637362637,16.0027472527473,83.8598901098901,"ssp2","papillate"
"820",81.9749986097925,0,8,187,1254,1449,195,0,0.552104899930987,12.9054520358868,86.5424430641822,"ssp2","papillate"
"821",82.0249986089445,1,19,152,1345,1517,172,0.0659195781147001,1.2524719841793,10.0197758734344,88.6618325642716,"ssp2","papillate"
"822",82.0749986080966,0,7,73,1485,1565,80,0,0.447284345047923,4.66453674121406,94.888178913738,"ssp2","papillate"
"823",82.1249986072486,0,4,58,1532,1594,62,0,0.250941028858218,3.63864491844417,96.1104140526976,"ssp2","papillate"
"824",82.1749986064007,0,3,39,1514,1556,42,0,0.19280205655527,2.50642673521851,97.3007712082262,"ssp2","papillate"
"825",82.2249986055527,3,0,43,1488,1534,46,0.195567144719687,0,2.80312907431551,97.0013037809648,"ssp2","papillate"
"826",82.2749986047048,11,0,71,1464,1546,82,0.711513583441138,0,4.59249676584735,94.6959896507115,"ssp2","papillate"
"827",82.3249986038568,13,1,72,1455,1541,86,0.843608046722907,0.0648929266709929,4.67229072031149,94.4192083062946,"ssp2","papillate"
"828",82.3749986030089,6,1,37,1490,1534,44,0.391134289439374,0.0651890482398957,2.41199478487614,97.1316818774446,"ssp2","papillate"
"829",82.424998602161,18,2,30,1488,1538,50,1.1703511053316,0.130039011703511,1.95058517555267,96.7490247074122,"ssp2","papillate"
"830",82.474998601313,3,1,45,1519,1568,49,0.191326530612245,0.0637755102040816,2.86989795918367,96.875,"ssp2","papillate"
"831",82.5249986004651,13,0,16,1540,1569,29,0.82855321861058,0,1.01975780752071,98.1516889738687,"ssp2","papillate"
"832",82.5749985996171,8,9,10,1541,1568,27,0.510204081632653,0.573979591836735,0.637755102040816,98.2780612244898,"ssp2","papillate"
"833",82.6249985987692,4,0,18,1579,1601,22,0.249843847595253,0,1.12429731417864,98.6258588382261,"ssp2","papillate"
"834",82.6749985979212,3,1,27,1567,1598,31,0.187734668335419,0.0625782227784731,1.68961201501877,98.0600750938673,"ssp2","papillate"
"835",82.7249985970733,3,2,27,1620,1652,32,0.181598062953995,0.121065375302663,1.63438256658596,98.0629539951574,"ssp2","papillate"
"836",82.7749985962253,15,1,26,1606,1648,42,0.910194174757281,0.0606796116504854,1.57766990291262,97.4514563106796,"ssp2","papillate"
"837",82.8249985953774,12,0,0,1569,1581,12,0.759013282732448,0,0,99.2409867172676,"ssp2","papillate"
"838",82.8749985945294,9,0,2,1597,1608,11,0.559701492537313,0,0.124378109452736,99.31592039801,"ssp2","papillate"
"839",82.9249985936815,16,0,2,1634,1652,18,0.968523002421308,0,0.121065375302663,98.910411622276,"ssp2","papillate"
"840",82.9749985928335,17,0,6,1637,1660,23,1.02409638554217,0,0.36144578313253,98.6144578313253,"ssp2","papillate"
"841",41.0249993042603,0,0,0,1358,1358,0,0,0,0,100,"ssp5","papillate"
"842",41.0749993034123,0,0,0,1375,1375,0,0,0,0,100,"ssp5","papillate"
"843",41.1249993025644,0,0,0,1400,1400,0,0,0,0,100,"ssp5","papillate"
"844",41.1749993017164,0,0,0,1431,1431,0,0,0,0,100,"ssp5","papillate"
"845",41.2249993008685,0,0,0,1441,1441,0,0,0,0,100,"ssp5","papillate"
"846",41.2749993000205,0,0,0,1447,1447,0,0,0,0,100,"ssp5","papillate"
"847",41.3249992991726,0,0,0,1451,1451,0,0,0,0,100,"ssp5","papillate"
"848",41.3749992983247,0,0,0,1467,1467,0,0,0,0,100,"ssp5","papillate"
"849",41.4249992974767,0,0,0,1470,1470,0,0,0,0,100,"ssp5","papillate"
"850",41.4749992966288,0,0,0,1472,1472,0,0,0,0,100,"ssp5","papillate"
"851",41.5249992957808,0,0,0,1472,1472,0,0,0,0,100,"ssp5","papillate"
"852",41.5749992949329,0,0,0,1470,1470,0,0,0,0,100,"ssp5","papillate"
"853",41.6249992940849,0,0,0,1472,1472,0,0,0,0,100,"ssp5","papillate"
"854",41.674999293237,0,0,0,1480,1480,0,0,0,0,100,"ssp5","papillate"
"855",41.724999292389,0,0,0,1483,1483,0,0,0,0,100,"ssp5","papillate"
"856",41.7749992915411,0,0,0,1481,1481,0,0,0,0,100,"ssp5","papillate"
"857",41.8249992906931,0,0,0,1483,1483,0,0,0,0,100,"ssp5","papillate"
"858",41.8749992898452,0,0,0,1484,1484,0,0,0,0,100,"ssp5","papillate"
"859",41.9249992889972,0,0,0,1494,1494,0,0,0,0,100,"ssp5","papillate"
"860",41.9749992881493,0,0,0,1519,1519,0,0,0,0,100,"ssp5","papillate"
"861",42.0249992873013,0,0,0,1536,1536,0,0,0,0,100,"ssp5","papillate"
"862",42.0749992864534,0,0,0,1538,1538,0,0,0,0,100,"ssp5","papillate"
"863",42.1249992856055,0,0,0,1538,1538,0,0,0,0,100,"ssp5","papillate"
"864",42.1749992847575,0,0,0,1538,1538,0,0,0,0,100,"ssp5","papillate"
"865",42.2249992839096,0,0,0,1541,1541,0,0,0,0,100,"ssp5","papillate"
"866",42.2749992830616,0,0,0,1540,1540,0,0,0,0,100,"ssp5","papillate"
"867",42.3249992822137,0,0,0,1530,1530,0,0,0,0,100,"ssp5","papillate"
"868",42.3749992813657,0,0,0,1534,1534,0,0,0,0,100,"ssp5","papillate"
"869",42.4249992805178,0,0,0,1528,1528,0,0,0,0,100,"ssp5","papillate"
"870",42.4749992796698,0,0,0,1532,1532,0,0,0,0,100,"ssp5","papillate"
"871",42.5249992788219,0,0,0,1531,1531,0,0,0,0,100,"ssp5","papillate"
"872",42.5749992779739,0,0,0,1525,1525,0,0,0,0,100,"ssp5","papillate"
"873",42.624999277126,0,0,0,1528,1528,0,0,0,0,100,"ssp5","papillate"
"874",42.6749992762781,0,0,0,1527,1527,0,0,0,0,100,"ssp5","papillate"
"875",42.7249992754301,0,0,0,1518,1518,0,0,0,0,100,"ssp5","papillate"
"876",42.7749992745822,0,0,0,1508,1508,0,0,0,0,100,"ssp5","papillate"
"877",42.8249992737342,0,0,0,1503,1503,0,0,0,0,100,"ssp5","papillate"
"878",42.8749992728863,0,0,0,1504,1504,0,0,0,0,100,"ssp5","papillate"
"879",42.9249992720383,0,0,0,1493,1493,0,0,0,0,100,"ssp5","papillate"
"880",42.9749992711904,0,0,0,1490,1490,0,0,0,0,100,"ssp5","papillate"
"881",43.0249992703424,0,0,0,1492,1492,0,0,0,0,100,"ssp5","papillate"
"882",43.0749992694945,0,0,0,1488,1488,0,0,0,0,100,"ssp5","papillate"
"883",43.1249992686465,0,0,2,1463,1465,2,0,0,0.136518771331058,99.8634812286689,"ssp5","papillate"
"884",43.1749992677986,0,0,1,1452,1453,1,0,0,0.0688231245698555,99.9311768754302,"ssp5","papillate"
"885",43.2249992669506,0,0,1,1449,1450,1,0,0,0.0689655172413793,99.9310344827586,"ssp5","papillate"
"886",43.2749992661027,0,0,2,1437,1439,2,0,0,0.138985406532314,99.8610145934677,"ssp5","papillate"
"887",43.3249992652548,0,0,3,1447,1450,3,0,0,0.206896551724138,99.7931034482759,"ssp5","papillate"
"888",43.3749992644068,0,0,1,1443,1444,1,0,0,0.0692520775623269,99.9307479224377,"ssp5","papillate"
"889",43.4249992635589,1,0,0,1459,1460,1,0.0684931506849315,0,0,99.9315068493151,"ssp5","papillate"
"890",43.4749992627109,0,0,3,1453,1456,3,0,0,0.206043956043956,99.793956043956,"ssp5","papillate"
"891",43.524999261863,0,0,2,1455,1457,2,0,0,0.137268359643102,99.8627316403569,"ssp5","papillate"
"892",43.574999261015,0,1,0,1475,1476,1,0,0.0677506775067751,0,99.9322493224932,"ssp5","papillate"
"893",43.6249992601671,1,1,3,1483,1488,5,0.0672043010752688,0.0672043010752688,0.201612903225806,99.6639784946236,"ssp5","papillate"
"894",43.6749992593191,2,0,2,1487,1491,4,0.134138162307176,0,0.134138162307176,99.7317236753856,"ssp5","papillate"
"895",43.7249992584712,5,2,4,1484,1495,11,0.334448160535117,0.133779264214047,0.267558528428094,99.2642140468227,"ssp5","papillate"
"896",43.7749992576232,4,4,5,1479,1492,13,0.268096514745308,0.268096514745308,0.335120643431635,99.1286863270778,"ssp5","papillate"
"897",43.8249992567753,8,4,6,1470,1488,18,0.537634408602151,0.268817204301075,0.403225806451613,98.7903225806452,"ssp5","papillate"
"898",43.8749992559273,1,5,11,1465,1482,17,0.0674763832658569,0.337381916329285,0.742240215924426,98.8529014844804,"ssp5","papillate"
"899",43.9249992550794,0,4,10,1462,1476,14,0,0.2710027100271,0.677506775067751,99.0514905149052,"ssp5","papillate"
"900",43.9749992542315,0,4,12,1461,1477,16,0,0.2708192281652,0.812457684495599,98.9167230873392,"ssp5","papillate"
"901",44.0249992533835,1,9,11,1451,1472,21,0.0679347826086956,0.611413043478261,0.747282608695652,98.5733695652174,"ssp5","papillate"
"902",44.0749992525356,0,2,6,1457,1465,8,0,0.136518771331058,0.409556313993174,99.4539249146758,"ssp5","papillate"
"903",44.1249992516876,2,2,6,1455,1465,10,0.136518771331058,0.136518771331058,0.409556313993174,99.3174061433447,"ssp5","papillate"
"904",44.1749992508397,1,9,6,1442,1458,16,0.0685871056241426,0.617283950617284,0.411522633744856,98.9026063100137,"ssp5","papillate"
"905",44.2249992499917,0,10,8,1436,1454,18,0,0.687757909215956,0.550206327372765,98.7620357634113,"ssp5","papillate"
"906",44.2749992491438,0,10,3,1440,1453,13,0,0.688231245698555,0.206469373709566,99.1052993805919,"ssp5","papillate"
"907",44.3249992482958,0,10,3,1429,1442,13,0,0.693481276005548,0.208044382801664,99.0984743411928,"ssp5","papillate"
"908",44.3749992474479,0,12,12,1409,1433,24,0,0.837404047452896,0.837404047452896,98.3251919050942,"ssp5","papillate"
"909",44.4249992465999,0,8,12,1389,1409,20,0,0.56777856635912,0.85166784953868,98.5805535841022,"ssp5","papillate"
"910",44.474999245752,3,16,10,1378,1407,29,0.213219616204691,1.13717128642502,0.710732054015636,97.9388770433547,"ssp5","papillate"
"911",44.5249992449041,2,13,21,1360,1396,36,0.143266475644699,0.931232091690544,1.50429799426934,97.4212034383954,"ssp5","papillate"
"912",44.5749992440561,1,12,14,1362,1389,27,0.0719942404607631,0.863930885529158,1.00791936645068,98.0561555075594,"ssp5","papillate"
"913",44.6249992432082,1,14,9,1366,1390,24,0.0719424460431655,1.00719424460432,0.647482014388489,98.273381294964,"ssp5","papillate"
"914",44.6749992423602,0,11,7,1366,1384,18,0,0.794797687861272,0.505780346820809,98.6994219653179,"ssp5","papillate"
"915",44.7249992415123,1,8,12,1356,1377,21,0.0726216412490922,0.580973129992738,0.871459694989107,98.4749455337691,"ssp5","papillate"
"916",44.7749992406643,0,11,9,1347,1367,20,0,0.804681784930505,0.658376005852231,98.5369422092173,"ssp5","papillate"
"917",44.8249992398164,0,12,7,1328,1347,19,0,0.89086859688196,0.519673348181143,98.5894580549369,"ssp5","papillate"
"918",44.8749992389684,0,11,12,1318,1341,23,0,0.820283370618941,0.894854586129754,98.2848620432513,"ssp5","papillate"
"919",44.9249992381205,0,13,8,1315,1336,21,0,0.973053892215569,0.598802395209581,98.4281437125749,"ssp5","papillate"
"920",44.9749992372725,0,22,5,1301,1328,27,0,1.6566265060241,0.376506024096386,97.9668674698795,"ssp5","papillate"
"921",45.0249992364246,0,26,2,1294,1322,28,0,1.96671709531014,0.151285930408472,97.8819969742814,"ssp5","papillate"
"922",45.0749992355766,0,22,6,1279,1307,28,0,1.68324407039021,0.459066564651875,97.8576893649579,"ssp5","papillate"
"923",45.1249992347287,0,25,0,1267,1292,25,0,1.93498452012384,0,98.0650154798762,"ssp5","papillate"
"924",45.1749992338807,0,26,0,1261,1287,26,0,2.02020202020202,0,97.979797979798,"ssp5","papillate"
"925",45.2249992330328,0,23,0,1261,1284,23,0,1.79127725856698,0,98.208722741433,"ssp5","papillate"
"926",45.2749992321849,0,26,0,1262,1288,26,0,2.01863354037267,0,97.9813664596273,"ssp5","papillate"
"927",45.3249992313369,0,30,0,1255,1285,30,0,2.33463035019455,0,97.6653696498054,"ssp5","papillate"
"928",45.374999230489,0,26,0,1258,1284,26,0,2.02492211838006,0,97.9750778816199,"ssp5","papillate"
"929",45.424999229641,0,29,0,1260,1289,29,0,2.24980605120248,0,97.7501939487975,"ssp5","papillate"
"930",45.4749992287931,0,19,0,1284,1303,19,0,1.45817344589409,0,98.5418265541059,"ssp5","papillate"
"931",45.5249992279451,0,15,0,1291,1306,15,0,1.14854517611026,0,98.8514548238897,"ssp5","papillate"
"932",45.5749992270972,0,15,0,1295,1310,15,0,1.14503816793893,0,98.8549618320611,"ssp5","papillate"
"933",45.6249992262492,0,16,0,1291,1307,16,0,1.22417750573833,0,98.7758224942617,"ssp5","papillate"
"934",45.6749992254013,0,17,0,1286,1303,17,0,1.30468150422103,0,98.695318495779,"ssp5","papillate"
"935",45.7249992245533,0,18,0,1281,1299,18,0,1.38568129330254,0,98.6143187066975,"ssp5","papillate"
"936",45.7749992237054,0,20,0,1283,1303,20,0,1.53491941673062,0,98.4650805832694,"ssp5","papillate"
"937",45.8249992228574,0,20,0,1283,1303,20,0,1.53491941673062,0,98.4650805832694,"ssp5","papillate"
"938",45.8749992220095,0,27,0,1283,1310,27,0,2.06106870229008,0,97.9389312977099,"ssp5","papillate"
"939",45.9249992211616,0,28,0,1281,1309,28,0,2.13903743315508,0,97.8609625668449,"ssp5","papillate"
"940",45.9749992203136,0,27,0,1279,1306,27,0,2.06738131699847,0,97.9326186830015,"ssp5","papillate"
"941",46.0249992194657,0,24,0,1279,1303,24,0,1.84190330007675,0,98.1580966999233,"ssp5","papillate"
"942",46.0749992186177,0,27,0,1280,1307,27,0,2.06579954093344,0,97.9342004590666,"ssp5","papillate"
"943",46.1249992177698,0,27,0,1263,1290,27,0,2.09302325581395,0,97.9069767441861,"ssp5","papillate"
"944",46.1749992169218,0,28,0,1250,1278,28,0,2.19092331768388,0,97.8090766823161,"ssp5","papillate"
"945",46.2249992160739,0,21,0,1253,1274,21,0,1.64835164835165,0,98.3516483516484,"ssp5","papillate"
"946",46.2749992152259,0,12,0,1253,1265,12,0,0.948616600790514,0,99.0513833992095,"ssp5","papillate"
"947",46.324999214378,0,10,0,1246,1256,10,0,0.796178343949045,0,99.2038216560509,"ssp5","papillate"
"948",46.37499921353,0,8,0,1242,1250,8,0,0.64,0,99.36,"ssp5","papillate"
"949",46.4249992126821,0,10,0,1232,1242,10,0,0.805152979066022,0,99.194847020934,"ssp5","papillate"
"950",46.4749992118342,0,7,0,1225,1232,7,0,0.568181818181818,0,99.4318181818182,"ssp5","papillate"
"951",46.5249992109862,0,7,0,1226,1233,7,0,0.56772100567721,0,99.4322789943228,"ssp5","papillate"
"952",46.5749992101383,0,8,0,1224,1232,8,0,0.649350649350649,0,99.3506493506494,"ssp5","papillate"
"953",46.6249992092903,0,5,0,1206,1211,5,0,0.412881915772089,0,99.5871180842279,"ssp5","papillate"
"954",46.6749992084424,0,4,0,1192,1196,4,0,0.334448160535117,0,99.6655518394649,"ssp5","papillate"
"955",46.7249992075944,0,6,0,1185,1191,6,0,0.503778337531486,0,99.4962216624685,"ssp5","papillate"
"956",46.7749992067465,0,1,0,1181,1182,1,0,0.0846023688663283,0,99.9153976311337,"ssp5","papillate"
"957",46.8249992058985,0,0,0,1168,1168,0,0,0,0,100,"ssp5","papillate"
"958",46.8749992050506,0,0,0,1168,1168,0,0,0,0,100,"ssp5","papillate"
"959",46.9249992042026,1,0,0,1155,1156,1,0.0865051903114187,0,0,99.9134948096886,"ssp5","papillate"
"960",46.9749992033547,1,0,0,1152,1153,1,0.0867302688638335,0,0,99.9132697311362,"ssp5","papillate"
"961",47.0249992025067,0,0,0,1154,1154,0,0,0,0,100,"ssp5","papillate"
"962",47.0749992016588,0,0,0,1155,1155,0,0,0,0,100,"ssp5","papillate"
"963",47.1249992008109,0,2,0,1143,1145,2,0,0.174672489082969,0,99.825327510917,"ssp5","papillate"
"964",47.1749991999629,0,0,0,1135,1135,0,0,0,0,100,"ssp5","papillate"
"965",47.224999199115,0,0,0,1131,1131,0,0,0,0,100,"ssp5","papillate"
"966",47.274999198267,1,0,0,1122,1123,1,0.0890471950133571,0,0,99.9109528049866,"ssp5","papillate"
"967",47.3249991974191,2,0,0,1114,1116,2,0.17921146953405,0,0,99.8207885304659,"ssp5","papillate"
"968",47.3749991965711,0,0,0,1110,1110,0,0,0,0,100,"ssp5","papillate"
"969",47.4249991957232,0,0,0,1113,1113,0,0,0,0,100,"ssp5","papillate"
"970",47.4749991948752,0,0,0,1107,1107,0,0,0,0,100,"ssp5","papillate"
"971",47.5249991940273,1,0,0,1104,1105,1,0.0904977375565611,0,0,99.9095022624434,"ssp5","papillate"
"972",47.5749991931793,0,0,0,1100,1100,0,0,0,0,100,"ssp5","papillate"
"973",47.6249991923314,0,0,0,1055,1055,0,0,0,0,100,"ssp5","papillate"
"974",47.6749991914835,2,0,0,1031,1033,2,0.193610842207164,0,0,99.8063891577928,"ssp5","papillate"
"975",47.7249991906355,3,0,0,1022,1025,3,0.292682926829268,0,0,99.7073170731707,"ssp5","papillate"
"976",47.7749991897876,2,0,0,1012,1014,2,0.19723865877712,0,0,99.8027613412229,"ssp5","papillate"
"977",47.8249991889396,3,0,0,999,1002,3,0.29940119760479,0,0,99.7005988023952,"ssp5","papillate"
"978",47.8749991880917,0,0,0,998,998,0,0,0,0,100,"ssp5","papillate"
"979",47.9249991872437,0,0,0,992,992,0,0,0,0,100,"ssp5","papillate"
"980",47.9749991863958,0,0,0,991,991,0,0,0,0,100,"ssp5","papillate"
"981",48.0249991855478,0,0,0,991,991,0,0,0,0,100,"ssp5","papillate"
"982",48.0749991846999,0,0,0,997,997,0,0,0,0,100,"ssp5","papillate"
"983",48.1249991838519,0,0,0,1003,1003,0,0,0,0,100,"ssp5","papillate"
"984",48.174999183004,0,0,0,1006,1006,0,0,0,0,100,"ssp5","papillate"
"985",48.224999182156,0,0,0,1005,1005,0,0,0,0,100,"ssp5","papillate"
"986",48.2749991813081,0,0,0,1001,1001,0,0,0,0,100,"ssp5","papillate"
"987",48.3249991804601,0,0,0,1002,1002,0,0,0,0,100,"ssp5","papillate"
"988",48.3749991796122,0,0,0,998,998,0,0,0,0,100,"ssp5","papillate"
"989",48.4249991787643,0,0,0,996,996,0,0,0,0,100,"ssp5","papillate"
"990",48.4749991779163,0,0,0,996,996,0,0,0,0,100,"ssp5","papillate"
"991",48.5249991770684,0,0,0,993,993,0,0,0,0,100,"ssp5","papillate"
"992",48.5749991762204,0,0,0,1002,1002,0,0,0,0,100,"ssp5","papillate"
"993",48.6249991753725,0,0,0,1023,1023,0,0,0,0,100,"ssp5","papillate"
"994",48.6749991745245,0,0,0,1042,1042,0,0,0,0,100,"ssp5","papillate"
"995",48.7249991736766,0,0,0,1062,1062,0,0,0,0,100,"ssp5","papillate"
"996",48.7749991728286,0,0,0,1063,1063,0,0,0,0,100,"ssp5","papillate"
"997",48.8249991719807,0,3,0,1065,1068,3,0,0.280898876404494,0,99.7191011235955,"ssp5","papillate"
"998",48.8749991711327,0,1,0,1075,1076,1,0,0.0929368029739777,0,99.907063197026,"ssp5","papillate"
"999",48.9249991702848,0,0,0,1076,1076,0,0,0,0,100,"ssp5","papillate"
"1000",48.9749991694368,0,0,0,1077,1077,0,0,0,0,100,"ssp5","papillate"
"1001",49.0249991685889,0,0,0,1076,1076,0,0,0,0,100,"ssp5","papillate"
"1002",49.074999167741,0,0,0,1073,1073,0,0,0,0,100,"ssp5","papillate"
"1003",49.124999166893,3,0,0,1076,1079,3,0.278035217794254,0,0,99.7219647822057,"ssp5","papillate"
"1004",49.1749991660451,4,0,0,1072,1076,4,0.371747211895911,0,0,99.6282527881041,"ssp5","papillate"
"1005",49.2249991651971,2,0,0,1068,1070,2,0.186915887850467,0,0,99.8130841121495,"ssp5","papillate"
"1006",49.2749991643492,2,0,0,1072,1074,2,0.186219739292365,0,0,99.8137802607076,"ssp5","papillate"
"1007",49.3249991635012,3,0,0,1088,1091,3,0.274977085242896,0,0,99.7250229147571,"ssp5","papillate"
"1008",49.3749991626533,9,0,0,1102,1111,9,0.81008100810081,0,0,99.1899189918992,"ssp5","papillate"
"1009",49.4249991618053,15,0,0,1104,1119,15,1.34048257372654,0,0,98.6595174262735,"ssp5","papillate"
"1010",49.4749991609574,11,0,0,1124,1135,11,0.969162995594714,0,0,99.0308370044053,"ssp5","papillate"
"1011",49.5249991601094,8,0,0,1131,1139,8,0.702370500438982,0,0,99.297629499561,"ssp5","papillate"
"1012",49.5749991592615,7,0,0,1133,1140,7,0.614035087719298,0,0,99.3859649122807,"ssp5","papillate"
"1013",49.6249991584136,9,0,0,1133,1142,9,0.788091068301226,0,0,99.2119089316988,"ssp5","papillate"
"1014",49.6749991575656,9,0,0,1140,1149,9,0.783289817232376,0,0,99.2167101827676,"ssp5","papillate"
"1015",49.7249991567177,8,0,0,1156,1164,8,0.687285223367698,0,0,99.3127147766323,"ssp5","papillate"
"1016",49.7749991558697,9,0,0,1162,1171,9,0.768573868488471,0,0,99.2314261315115,"ssp5","papillate"
"1017",49.8249991550218,10,0,0,1162,1172,10,0.853242320819113,0,0,99.1467576791809,"ssp5","papillate"
"1018",49.8749991541738,12,0,0,1166,1178,12,1.01867572156197,0,0,98.981324278438,"ssp5","papillate"
"1019",49.9249991533259,12,0,0,1171,1183,12,1.01437024513948,0,0,98.9856297548605,"ssp5","papillate"
"1020",49.9749991524779,8,0,0,1183,1191,8,0.671704450041982,0,0,99.328295549958,"ssp5","papillate"
"1021",50.02499915163,8,0,0,1189,1197,8,0.668337510442774,0,0,99.3316624895572,"ssp5","papillate"
"1022",50.074999150782,5,0,0,1192,1197,5,0.417710944026733,0,0,99.5822890559733,"ssp5","papillate"
"1023",50.1249991499341,4,0,0,1191,1195,4,0.334728033472803,0,0,99.6652719665272,"ssp5","papillate"
"1024",50.1749991490861,5,0,0,1192,1197,5,0.417710944026733,0,0,99.5822890559733,"ssp5","papillate"
"1025",50.2249991482382,4,0,0,1192,1196,4,0.334448160535117,0,0,99.6655518394649,"ssp5","papillate"
"1026",50.2749991473903,7,0,0,1186,1193,7,0.586756077116513,0,0,99.4132439228835,"ssp5","papillate"
"1027",50.3249991465423,6,0,0,1178,1184,6,0.506756756756757,0,0,99.4932432432432,"ssp5","papillate"
"1028",50.3749991456944,4,0,0,1169,1173,4,0.341005967604433,0,0,99.6589940323956,"ssp5","papillate"
"1029",50.4249991448464,5,0,0,1170,1175,5,0.425531914893617,0,0,99.5744680851064,"ssp5","papillate"
"1030",50.4749991439985,7,0,0,1162,1169,7,0.598802395209581,0,0,99.4011976047904,"ssp5","papillate"
"1031",50.5249991431505,6,0,0,1163,1169,6,0.513259195893926,0,0,99.4867408041061,"ssp5","papillate"
"1032",50.5749991423026,0,0,0,1169,1169,0,0,0,0,100,"ssp5","papillate"
"1033",50.6249991414546,0,0,0,1154,1154,0,0,0,0,100,"ssp5","papillate"
"1034",50.6749991406067,7,0,0,1134,1141,7,0.613496932515337,0,0,99.3865030674847,"ssp5","papillate"
"1035",50.7249991397587,9,0,0,1120,1129,9,0.797165633303809,0,0,99.2028343666962,"ssp5","papillate"
"1036",50.7749991389108,3,0,0,1115,1118,3,0.268336314847943,0,0,99.7316636851521,"ssp5","papillate"
"1037",50.8249991380629,3,0,0,1093,1096,3,0.273722627737226,0,0,99.7262773722628,"ssp5","papillate"
"1038",50.8749991372149,7,0,0,1081,1088,7,0.643382352941176,0,0,99.3566176470588,"ssp5","papillate"
"1039",50.924999136367,6,0,0,1076,1082,6,0.55452865064695,0,0,99.4454713493531,"ssp5","papillate"
"1040",50.974999135519,4,0,0,1078,1082,4,0.369685767097967,0,0,99.630314232902,"ssp5","papillate"
"1041",51.0249991346711,6,0,0,1086,1092,6,0.549450549450549,0,0,99.4505494505495,"ssp5","papillate"
"1042",51.0749991338231,6,0,0,1088,1094,6,0.548446069469835,0,0,99.4515539305302,"ssp5","papillate"
"1043",51.1249991329752,6,1,0,1085,1092,7,0.549450549450549,0.0915750915750916,0,99.3589743589744,"ssp5","papillate"
"1044",51.1749991321272,3,3,0,1087,1093,6,0.274473924977127,0.274473924977127,0,99.4510521500458,"ssp5","papillate"
"1045",51.2249991312793,4,4,0,1109,1117,8,0.35810205908684,0.35810205908684,0,99.2837958818263,"ssp5","papillate"
"1046",51.2749991304313,5,1,0,1120,1126,6,0.44404973357016,0.088809946714032,0,99.4671403197158,"ssp5","papillate"
"1047",51.3249991295834,13,0,0,1109,1122,13,1.15864527629234,0,0,98.8413547237077,"ssp5","papillate"
"1048",51.3749991287354,6,0,2,1121,1129,8,0.531443755535872,0,0.177147918511957,99.2914083259522,"ssp5","papillate"
"1049",51.4249991278875,4,0,1,1122,1127,5,0.354924578527063,0,0.0887311446317657,99.5563442768412,"ssp5","papillate"
"1050",51.4749991270396,1,0,0,1116,1117,1,0.0895255147717099,0,0,99.9104744852283,"ssp5","papillate"
"1051",51.5249991261916,0,0,0,1105,1105,0,0,0,0,100,"ssp5","papillate"
"1052",51.5749991253437,0,0,0,1086,1086,0,0,0,0,100,"ssp5","papillate"
"1053",51.6249991244957,7,0,0,1078,1085,7,0.645161290322581,0,0,99.3548387096774,"ssp5","papillate"
"1054",51.6749991236478,5,0,0,1064,1069,5,0.467726847521048,0,0,99.532273152479,"ssp5","papillate"
"1055",51.7249991227998,4,0,0,1050,1054,4,0.379506641366224,0,0,99.6204933586338,"ssp5","papillate"
"1056",51.7749991219519,3,0,0,1045,1048,3,0.286259541984733,0,0,99.7137404580153,"ssp5","papillate"
"1057",51.8249991211039,5,1,0,1026,1032,6,0.484496124031008,0.0968992248062016,0,99.4186046511628,"ssp5","papillate"
"1058",51.874999120256,4,0,0,1017,1021,4,0.39177277179236,0,0,99.6082272282076,"ssp5","papillate"
"1059",51.924999119408,3,0,0,1016,1019,3,0.294406280667321,0,0,99.7055937193327,"ssp5","papillate"
"1060",51.9749991185601,3,0,0,1014,1017,3,0.294985250737463,0,0,99.7050147492625,"ssp5","papillate"
"1061",52.0249991177121,14,0,1,1006,1021,15,1.37120470127326,0,0.0979431929480901,98.5308521057786,"ssp5","papillate"
"1062",52.0749991168642,18,0,0,1010,1028,18,1.75097276264591,0,0,98.2490272373541,"ssp5","papillate"
"1063",52.1249991160163,15,1,2,1001,1019,18,1.4720314033366,0.098135426889107,0.196270853778214,98.2335623159961,"ssp5","papillate"
"1064",52.1749991151683,15,0,0,994,1009,15,1.48662041625372,0,0,98.5133795837463,"ssp5","papillate"
"1065",52.2249991143204,13,0,0,989,1002,13,1.29740518962076,0,0,98.7025948103792,"ssp5","papillate"
"1066",52.2749991134724,12,0,0,1004,1016,12,1.18110236220472,0,0,98.8188976377953,"ssp5","papillate"
"1067",52.3249991126245,10,0,0,1011,1021,10,0.979431929480901,0,0,99.0205680705191,"ssp5","papillate"
"1068",52.3749991117765,12,0,0,1006,1018,12,1.17878192534381,0,0,98.8212180746562,"ssp5","papillate"
"1069",52.4249991109286,11,0,0,1004,1015,11,1.08374384236453,0,0,98.9162561576355,"ssp5","papillate"
"1070",52.4749991100806,8,5,2,1007,1022,15,0.782778864970646,0.489236790606654,0.195694716242661,98.53228962818,"ssp5","papillate"
"1071",52.5249991092327,9,4,1,1013,1027,14,0.876338851022395,0.389483933787731,0.0973709834469328,98.636806231743,"ssp5","papillate"
"1072",52.5749991083847,6,3,1,1011,1021,10,0.587659157688541,0.29382957884427,0.0979431929480901,99.0205680705191,"ssp5","papillate"
"1073",52.6249991075368,8,3,1,1008,1020,12,0.784313725490196,0.294117647058824,0.0980392156862745,98.8235294117647,"ssp5","papillate"
"1074",52.6749991066888,3,1,5,1013,1022,9,0.293542074363992,0.0978473581213307,0.489236790606654,99.119373776908,"ssp5","papillate"
"1075",52.7249991058409,3,0,6,1018,1027,9,0.292112950340798,0,0.584225900681597,99.1236611489776,"ssp5","papillate"
"1076",52.774999104993,3,0,4,1024,1031,7,0.2909796314258,0,0.387972841901067,99.3210475266731,"ssp5","papillate"
"1077",52.824999104145,4,0,2,1024,1030,6,0.388349514563107,0,0.194174757281553,99.4174757281553,"ssp5","papillate"
"1078",52.8749991032971,7,1,3,1020,1031,11,0.678952473326867,0.0969932104752667,0.2909796314258,98.9330746847721,"ssp5","papillate"
"1079",52.9249991024491,2,0,4,1031,1037,6,0.192864030858245,0,0.38572806171649,99.4214079074253,"ssp5","papillate"
"1080",52.9749991016012,0,0,4,1053,1057,4,0,0,0.378429517502365,99.6215704824976,"ssp5","papillate"
"1081",53.0249991007532,3,0,0,1060,1063,3,0.282220131702728,0,0,99.7177798682973,"ssp5","papillate"
"1082",53.0749990999053,9,0,0,1051,1060,9,0.849056603773585,0,0,99.1509433962264,"ssp5","papillate"
"1083",53.1249990990573,10,0,0,1052,1062,10,0.941619585687382,0,0,99.0583804143126,"ssp5","papillate"
"1084",53.1749990982094,13,0,0,1055,1068,13,1.21722846441948,0,0,98.7827715355805,"ssp5","papillate"
"1085",53.2249990973614,11,0,0,1053,1064,11,1.03383458646617,0,0,98.9661654135338,"ssp5","papillate"
"1086",53.2749990965135,5,0,0,1061,1066,5,0.469043151969981,0,0,99.53095684803,"ssp5","papillate"
"1087",53.3249990956655,0,0,0,1087,1087,0,0,0,0,100,"ssp5","papillate"
"1088",53.3749990948176,1,3,0,1080,1084,4,0.0922509225092251,0.276752767527675,0,99.6309963099631,"ssp5","papillate"
"1089",53.4249990939697,2,12,0,1085,1099,14,0.181983621474067,1.0919017288444,0,98.7261146496815,"ssp5","papillate"
"1090",53.4749990931217,0,12,0,1105,1117,12,0,1.07430617726052,0,98.9256938227395,"ssp5","papillate"
"1091",53.5249990922738,0,7,3,1112,1122,10,0,0.623885918003565,0.267379679144385,99.1087344028521,"ssp5","papillate"
"1092",53.5749990914258,0,14,5,1107,1126,19,0,1.24333925399645,0.44404973357016,98.3126110124334,"ssp5","papillate"
"1093",53.6249990905779,0,13,6,1134,1153,19,0,1.12749349522984,0.520381613183001,98.3521248915872,"ssp5","papillate"
"1094",53.6749990897299,0,14,4,1139,1157,18,0,1.21002592912705,0.345721694036301,98.4442523768366,"ssp5","papillate"
"1095",53.724999088882,0,10,10,1150,1170,20,0,0.854700854700855,0.854700854700855,98.2905982905983,"ssp5","papillate"
"1096",53.774999088034,0,6,10,1158,1174,16,0,0.511073253833049,0.851788756388416,98.6371379897785,"ssp5","papillate"
"1097",53.8249990871861,0,3,12,1170,1185,15,0,0.253164556962025,1.0126582278481,98.7341772151899,"ssp5","papillate"
"1098",53.8749990863381,0,7,10,1185,1202,17,0,0.582362728785358,0.831946755407654,98.585690515807,"ssp5","papillate"
"1099",53.9249990854902,0,9,9,1178,1196,18,0,0.752508361204013,0.752508361204013,98.494983277592,"ssp5","papillate"
"1100",53.9749990846422,0,10,5,1194,1209,15,0,0.827129859387924,0.413564929693962,98.7593052109181,"ssp5","papillate"
"1101",54.0249990837943,0,8,2,1214,1224,10,0,0.65359477124183,0.163398692810458,99.1830065359477,"ssp5","papillate"
"1102",54.0749990829464,0,4,3,1223,1230,7,0,0.32520325203252,0.24390243902439,99.4308943089431,"ssp5","papillate"
"1103",54.1249990820984,0,1,3,1230,1234,4,0,0.0810372771474878,0.243111831442464,99.6758508914101,"ssp5","papillate"
"1104",54.1749990812505,0,5,2,1233,1240,7,0,0.403225806451613,0.161290322580645,99.4354838709677,"ssp5","papillate"
"1105",54.2249990804025,0,2,1,1263,1266,3,0,0.157977883096367,0.0789889415481833,99.7630331753555,"ssp5","papillate"
"1106",54.2749990795546,0,7,0,1272,1279,7,0,0.547302580140735,0,99.4526974198593,"ssp5","papillate"
"1107",54.3249990787066,0,7,3,1291,1301,10,0,0.5380476556495,0.230591852421214,99.2313604919293,"ssp5","papillate"
"1108",54.3749990778587,0,3,4,1315,1322,7,0,0.226928895612708,0.302571860816944,99.4704992435703,"ssp5","papillate"
"1109",54.4249990770107,0,7,6,1319,1332,13,0,0.525525525525526,0.45045045045045,99.024024024024,"ssp5","papillate"
"1110",54.4749990761628,0,7,10,1327,1344,17,0,0.520833333333333,0.744047619047619,98.7351190476191,"ssp5","papillate"
"1111",54.5249990753148,1,8,10,1335,1354,19,0.0738552437223043,0.590841949778434,0.738552437223043,98.5967503692762,"ssp5","papillate"
"1112",54.5749990744669,1,6,14,1352,1373,21,0.0728332119446468,0.436999271667881,1.01966496722505,98.4705025491624,"ssp5","papillate"
"1113",54.624999073619,0,7,10,1366,1383,17,0,0.506146059291396,0.723065798987708,98.7707881417209,"ssp5","papillate"
"1114",54.674999072771,0,8,12,1359,1379,20,0,0.580130529369108,0.870195794053662,98.5496736765772,"ssp5","papillate"
"1115",54.7249990719231,0,8,7,1364,1379,15,0,0.580130529369108,0.50761421319797,98.9122552574329,"ssp5","papillate"
"1116",54.7749990710751,0,6,7,1379,1392,13,0,0.431034482758621,0.502873563218391,99.066091954023,"ssp5","papillate"
"1117",54.8249990702272,0,5,5,1392,1402,10,0,0.356633380884451,0.356633380884451,99.2867332382311,"ssp5","papillate"
"1118",54.8749990693792,0,9,10,1387,1406,19,0,0.640113798008535,0.711237553342816,98.6486486486486,"ssp5","papillate"
"1119",54.9249990685313,1,9,17,1389,1416,27,0.0706214689265537,0.635593220338983,1.20056497175141,98.0932203389831,"ssp5","papillate"
"1120",54.9749990676833,0,2,12,1422,1436,14,0,0.139275766016713,0.835654596100279,99.025069637883,"ssp5","papillate"
"1121",55.0249990668354,0,3,11,1428,1442,14,0,0.208044382801664,0.762829403606103,99.0291262135922,"ssp5","papillate"
"1122",55.0749990659874,0,3,11,1433,1447,14,0,0.207325501036628,0.760193503800968,99.0324809951624,"ssp5","papillate"
"1123",55.1249990651395,0,1,11,1434,1446,12,0,0.0691562932226833,0.760719225449516,99.1701244813278,"ssp5","papillate"
"1124",55.1749990642915,0,3,10,1451,1464,13,0,0.204918032786885,0.683060109289617,99.1120218579235,"ssp5","papillate"
"1125",55.2249990634436,0,3,6,1462,1471,9,0,0.203942895989123,0.407885791978246,99.3881713120326,"ssp5","papillate"
"1126",55.2749990625957,0,5,1,1477,1483,6,0,0.337154416722859,0.0674308833445718,99.5954146999326,"ssp5","papillate"
"1127",55.3249990617477,0,0,0,1486,1486,0,0,0,0,100,"ssp5","papillate"
"1128",55.3749990608998,0,0,0,1482,1482,0,0,0,0,100,"ssp5","papillate"
"1129",55.4249990600518,0,1,0,1477,1478,1,0,0.06765899864682,0,99.9323410013532,"ssp5","papillate"
"1130",55.4749990592039,0,0,0,1466,1466,0,0,0,0,100,"ssp5","papillate"
"1131",55.5249990583559,0,0,0,1460,1460,0,0,0,0,100,"ssp5","papillate"
"1132",55.574999057508,0,0,0,1461,1461,0,0,0,0,100,"ssp5","papillate"
"1133",55.62499905666,0,2,1,1455,1458,3,0,0.137174211248285,0.0685871056241426,99.7942386831276,"ssp5","papillate"
"1134",55.6749990558121,0,1,0,1462,1463,1,0,0.0683526999316473,0,99.9316473000683,"ssp5","papillate"
"1135",55.7249990549641,0,0,0,1460,1460,0,0,0,0,100,"ssp5","papillate"
"1136",55.7749990541162,0,0,0,1464,1464,0,0,0,0,100,"ssp5","papillate"
"1137",55.8249990532682,0,0,0,1459,1459,0,0,0,0,100,"ssp5","papillate"
"1138",55.8749990524203,0,2,0,1460,1462,2,0,0.136798905608755,0,99.8632010943912,"ssp5","papillate"
"1139",55.9249990515723,4,3,2,1456,1465,9,0.273037542662116,0.204778156996587,0.136518771331058,99.3856655290102,"ssp5","papillate"
"1140",55.9749990507244,0,1,3,1471,1475,4,0,0.0677966101694915,0.203389830508475,99.728813559322,"ssp5","papillate"
"1141",56.0249990498765,0,1,0,1477,1478,1,0,0.06765899864682,0,99.9323410013532,"ssp5","papillate"
"1142",56.0749990490285,0,0,0,1480,1480,0,0,0,0,100,"ssp5","papillate"
"1143",56.1249990481806,1,0,0,1481,1482,1,0.0674763832658569,0,0,99.9325236167341,"ssp5","papillate"
"1144",56.1749990473326,5,0,0,1453,1458,5,0.342935528120713,0,0,99.6570644718793,"ssp5","papillate"
"1145",56.2249990464847,4,0,0,1442,1446,4,0.276625172890733,0,0,99.7233748271093,"ssp5","papillate"
"1146",56.2749990456367,7,0,0,1432,1439,7,0.486448922863099,0,0,99.5135510771369,"ssp5","papillate"
"1147",56.3249990447888,2,0,0,1427,1429,2,0.139958012596221,0,0,99.8600419874038,"ssp5","papillate"
"1148",56.3749990439408,0,1,4,1424,1429,5,0,0.0699790062981106,0.279916025192442,99.6501049685094,"ssp5","papillate"
"1149",56.4249990430929,1,1,3,1421,1426,5,0.0701262272089762,0.0701262272089762,0.210378681626928,99.6493688639551,"ssp5","papillate"
"1150",56.4749990422449,0,2,3,1424,1429,5,0,0.139958012596221,0.209937018894332,99.6501049685094,"ssp5","papillate"
"1151",56.524999041397,0,4,1,1431,1436,5,0,0.278551532033426,0.0696378830083565,99.6518105849582,"ssp5","papillate"
"1152",56.5749990405491,0,3,0,1438,1441,3,0,0.208188757807078,0,99.7918112421929,"ssp5","papillate"
"1153",56.6249990397011,0,2,0,1442,1444,2,0,0.138504155124654,0,99.8614958448753,"ssp5","papillate"
"1154",56.6749990388532,0,0,0,1441,1441,0,0,0,0,100,"ssp5","papillate"
"1155",56.7249990380052,0,0,0,1427,1427,0,0,0,0,100,"ssp5","papillate"
"1156",56.7749990371573,0,0,0,1434,1434,0,0,0,0,100,"ssp5","papillate"
"1157",56.8249990363093,0,0,0,1433,1433,0,0,0,0,100,"ssp5","papillate"
"1158",56.8749990354614,0,0,0,1435,1435,0,0,0,0,100,"ssp5","papillate"
"1159",56.9249990346134,0,0,0,1435,1435,0,0,0,0,100,"ssp5","papillate"
"1160",56.9749990337655,0,0,0,1434,1434,0,0,0,0,100,"ssp5","papillate"
"1161",57.0249990329175,0,0,0,1437,1437,0,0,0,0,100,"ssp5","papillate"
"1162",57.0749990320696,0,0,0,1439,1439,0,0,0,0,100,"ssp5","papillate"
"1163",57.1249990312216,0,1,0,1446,1447,1,0,0.0691085003455425,0,99.9308914996545,"ssp5","papillate"
"1164",57.1749990303737,0,0,0,1450,1450,0,0,0,0,100,"ssp5","papillate"
"1165",57.2249990295258,0,0,0,1438,1438,0,0,0,0,100,"ssp5","papillate"
"1166",57.2749990286778,0,0,0,1444,1444,0,0,0,0,100,"ssp5","papillate"
"1167",57.3249990278299,0,0,0,1449,1449,0,0,0,0,100,"ssp5","papillate"
"1168",57.3749990269819,0,0,0,1446,1446,0,0,0,0,100,"ssp5","papillate"
"1169",57.424999026134,0,1,0,1437,1438,1,0,0.0695410292072323,0,99.9304589707928,"ssp5","papillate"
"1170",57.474999025286,0,1,0,1448,1449,1,0,0.0690131124913734,0,99.9309868875086,"ssp5","papillate"
"1171",57.5249990244381,0,0,0,1457,1457,0,0,0,0,100,"ssp5","papillate"
"1172",57.5749990235901,0,1,0,1459,1460,1,0,0.0684931506849315,0,99.9315068493151,"ssp5","papillate"
"1173",57.6249990227422,0,2,1,1483,1486,3,0,0.134589502018843,0.0672947510094213,99.7981157469717,"ssp5","papillate"
"1174",57.6749990218942,0,1,0,1505,1506,1,0,0.0664010624169987,0,99.933598937583,"ssp5","papillate"
"1175",57.7249990210463,0,0,0,1540,1540,0,0,0,0,100,"ssp5","papillate"
"1176",57.7749990201984,0,0,0,1533,1533,0,0,0,0,100,"ssp5","papillate"
"1177",57.8249990193504,0,0,3,1533,1536,3,0,0,0.1953125,99.8046875,"ssp5","papillate"
"1178",57.8749990185025,0,0,4,1541,1545,4,0,0,0.258899676375405,99.7411003236246,"ssp5","papillate"
"1179",57.9249990176545,0,1,1,1549,1551,2,0,0.0644745325596389,0.0644745325596389,99.8710509348807,"ssp5","papillate"
"1180",57.9749990168066,0,0,0,1537,1537,0,0,0,0,100,"ssp5","papillate"
"1181",58.0249990159586,0,0,0,1531,1531,0,0,0,0,100,"ssp5","papillate"
"1182",58.0749990151107,0,0,0,1513,1513,0,0,0,0,100,"ssp5","papillate"
"1183",58.1249990142627,0,0,0,1508,1508,0,0,0,0,100,"ssp5","papillate"
"1184",58.1749990134148,0,1,0,1497,1498,1,0,0.0667556742323097,0,99.9332443257677,"ssp5","papillate"
"1185",58.2249990125668,0,0,1,1481,1482,1,0,0,0.0674763832658569,99.9325236167341,"ssp5","papillate"
"1186",58.2749990117189,0,0,0,1474,1474,0,0,0,0,100,"ssp5","papillate"
"1187",58.3249990108709,0,0,0,1460,1460,0,0,0,0,100,"ssp5","papillate"
"1188",58.374999010023,0,0,0,1444,1444,0,0,0,0,100,"ssp5","papillate"
"1189",58.4249990091751,0,0,0,1438,1438,0,0,0,0,100,"ssp5","papillate"
"1190",58.4749990083271,0,0,0,1429,1429,0,0,0,0,100,"ssp5","papillate"
"1191",58.5249990074792,0,0,0,1441,1441,0,0,0,0,100,"ssp5","papillate"
"1192",58.5749990066312,0,0,0,1453,1453,0,0,0,0,100,"ssp5","papillate"
"1193",58.6249990057833,0,0,0,1474,1474,0,0,0,0,100,"ssp5","papillate"
"1194",58.6749990049353,0,0,0,1478,1478,0,0,0,0,100,"ssp5","papillate"
"1195",58.7249990040874,0,0,0,1471,1471,0,0,0,0,100,"ssp5","papillate"
"1196",58.7749990032394,0,0,0,1464,1464,0,0,0,0,100,"ssp5","papillate"
"1197",58.8249990023915,0,0,0,1447,1447,0,0,0,0,100,"ssp5","papillate"
"1198",58.8749990015435,0,0,0,1438,1438,0,0,0,0,100,"ssp5","papillate"
"1199",58.9249990006956,0,0,0,1430,1430,0,0,0,0,100,"ssp5","papillate"
"1200",58.9749989998476,0,0,0,1430,1430,0,0,0,0,100,"ssp5","papillate"
"1201",59.0249989989997,0,0,0,1431,1431,0,0,0,0,100,"ssp5","papillate"
"1202",59.0749989981517,0,0,0,1423,1423,0,0,0,0,100,"ssp5","papillate"
"1203",59.1249989973038,0,0,0,1429,1429,0,0,0,0,100,"ssp5","papillate"
"1204",59.1749989964559,0,0,0,1422,1422,0,0,0,0,100,"ssp5","papillate"
"1205",59.2249989956079,0,0,0,1422,1422,0,0,0,0,100,"ssp5","papillate"
"1206",59.27499899476,0,0,0,1419,1419,0,0,0,0,100,"ssp5","papillate"
"1207",59.324998993912,0,0,0,1426,1426,0,0,0,0,100,"ssp5","papillate"
"1208",59.3749989930641,0,0,0,1422,1422,0,0,0,0,100,"ssp5","papillate"
"1209",59.4249989922161,0,0,0,1437,1437,0,0,0,0,100,"ssp5","papillate"
"1210",59.4749989913682,0,0,0,1464,1464,0,0,0,0,100,"ssp5","papillate"
"1211",59.5249989905202,10,0,3,1463,1476,13,0.677506775067751,0,0.203252032520325,99.1192411924119,"ssp5","papillate"
"1212",59.5749989896723,8,0,22,1448,1478,30,0.54127198917456,0,1.48849797023004,97.9702300405954,"ssp5","papillate"
"1213",59.6249989888243,7,0,33,1452,1492,40,0.46916890080429,0,2.21179624664879,97.3190348525469,"ssp5","papillate"
"1214",59.6749989879764,9,0,45,1444,1498,54,0.600801068090788,0,3.00400534045394,96.3951935914553,"ssp5","papillate"
"1215",59.7249989871285,5,0,48,1446,1499,53,0.333555703802535,0,3.20213475650434,96.4643095396931,"ssp5","papillate"
"1216",59.7749989862805,9,0,46,1445,1500,55,0.6,0,3.06666666666667,96.3333333333333,"ssp5","papillate"
"1217",59.8249989854326,14,0,42,1439,1495,56,0.936454849498328,0,2.80936454849498,96.2541806020067,"ssp5","papillate"
"1218",59.8749989845846,7,0,33,1459,1499,40,0.466977985323549,0,2.20146764509673,97.3315543695797,"ssp5","papillate"
"1219",59.9249989837367,11,0,23,1448,1482,34,0.742240215924426,0,1.55195681511471,97.7058029689609,"ssp5","papillate"
"1220",59.9749989828887,4,0,27,1453,1484,31,0.269541778975741,0,1.81940700808625,97.911051212938,"ssp5","papillate"
"1221",60.0249989820408,6,0,28,1426,1460,34,0.410958904109589,0,1.91780821917808,97.6712328767123,"ssp5","papillate"
"1222",60.0749989811928,12,0,23,1415,1450,35,0.827586206896552,0,1.58620689655172,97.5862068965517,"ssp5","papillate"
"1223",60.1249989803449,7,0,23,1408,1438,30,0.486787204450626,0,1.59944367176634,97.913769123783,"ssp5","papillate"
"1224",60.1749989794969,6,0,22,1380,1408,28,0.426136363636364,0,1.5625,98.0113636363636,"ssp5","papillate"
"1225",60.224998978649,9,0,22,1351,1382,31,0.65123010130246,0,1.59189580318379,97.7568740955138,"ssp5","papillate"
"1226",60.274998977801,9,0,12,1341,1362,21,0.66079295154185,0,0.881057268722467,98.4581497797357,"ssp5","papillate"
"1227",60.3249989769531,10,0,12,1343,1365,22,0.732600732600733,0,0.879120879120879,98.3882783882784,"ssp5","papillate"
"1228",60.3749989761052,8,0,14,1343,1365,22,0.586080586080586,0,1.02564102564103,98.3882783882784,"ssp5","papillate"
"1229",60.4249989752572,4,0,20,1344,1368,24,0.292397660818713,0,1.46198830409357,98.2456140350877,"ssp5","papillate"
"1230",60.4749989744093,6,2,28,1317,1353,36,0.443458980044346,0.147819660014782,2.06947524020695,97.3392461197339,"ssp5","papillate"
"1231",60.5249989735613,9,0,30,1286,1325,39,0.679245283018868,0,2.26415094339623,97.0566037735849,"ssp5","papillate"
"1232",60.5749989727134,13,0,24,1276,1313,37,0.99009900990099,0,1.82787509520183,97.1820258948972,"ssp5","papillate"
"1233",60.6249989718654,8,0,18,1284,1310,26,0.610687022900763,0,1.37404580152672,98.0152671755725,"ssp5","papillate"
"1234",60.6749989710175,11,0,7,1297,1315,18,0.836501901140684,0,0.532319391634981,98.6311787072243,"ssp5","papillate"
"1235",60.7249989701695,6,0,9,1285,1300,15,0.461538461538462,0,0.692307692307692,98.8461538461539,"ssp5","papillate"
"1236",60.7749989693216,5,0,11,1280,1296,16,0.385802469135802,0,0.848765432098765,98.7654320987654,"ssp5","papillate"
"1237",60.8249989684736,12,0,13,1267,1292,25,0.928792569659443,0,1.0061919504644,98.0650154798762,"ssp5","papillate"
"1238",60.8749989676257,5,0,24,1250,1279,29,0.390930414386239,0,1.87646598905395,97.7326035965598,"ssp5","papillate"
"1239",60.9249989667777,7,0,18,1268,1293,25,0.541376643464811,0,1.39211136890951,98.0665119876257,"ssp5","papillate"
"1240",60.9749989659298,2,0,19,1262,1283,21,0.155884645362432,0,1.4809041309431,98.3632112236945,"ssp5","papillate"
"1241",61.0249989650819,1,0,21,1263,1285,22,0.0778210116731518,0,1.63424124513619,98.2879377431907,"ssp5","papillate"
"1242",61.0749989642339,4,0,20,1265,1289,24,0.310318076027929,0,1.55159038013964,98.1380915438324,"ssp5","papillate"
"1243",61.124998963386,2,0,27,1246,1275,29,0.156862745098039,0,2.11764705882353,97.7254901960784,"ssp5","papillate"
"1244",61.174998962538,2,0,19,1260,1281,21,0.156128024980484,0,1.4832162373146,98.3606557377049,"ssp5","papillate"
"1245",61.2249989616901,4,0,18,1247,1269,22,0.315208825847124,0,1.41843971631206,98.2663514578408,"ssp5","papillate"
"1246",61.2749989608421,4,0,17,1246,1267,21,0.315706393054459,0,1.34175217048145,98.3425414364641,"ssp5","papillate"
"1247",61.3249989599942,6,0,15,1244,1265,21,0.474308300395257,0,1.18577075098814,98.3399209486166,"ssp5","papillate"
"1248",61.3749989591462,10,0,12,1243,1265,22,0.790513833992095,0,0.948616600790514,98.2608695652174,"ssp5","papillate"
"1249",61.4249989582983,3,0,27,1226,1256,30,0.238853503184713,0,2.14968152866242,97.6114649681529,"ssp5","papillate"
"1250",61.4749989574503,6,0,29,1234,1269,35,0.472813238770686,0,2.28526398739165,97.2419227738377,"ssp5","papillate"
"1251",61.5249989566024,6,0,24,1238,1268,30,0.473186119873817,0,1.89274447949527,97.6340694006309,"ssp5","papillate"
"1252",61.5749989557545,6,0,23,1225,1254,29,0.478468899521531,0,1.8341307814992,97.6874003189793,"ssp5","papillate"
"1253",61.6249989549065,6,0,22,1224,1252,28,0.479233226837061,0,1.75718849840256,97.7635782747604,"ssp5","papillate"
"1254",61.6749989540586,8,0,22,1212,1242,30,0.644122383252818,0,1.77133655394525,97.5845410628019,"ssp5","papillate"
"1255",61.7249989532106,7,0,28,1208,1243,35,0.563153660498793,0,2.25261464199517,97.184231697506,"ssp5","papillate"
"1256",61.7749989523627,5,0,25,1207,1237,30,0.404203718674212,0,2.02101859337106,97.5747776879547,"ssp5","papillate"
"1257",61.8249989515147,4,0,22,1216,1242,26,0.322061191626409,0,1.77133655394525,97.9066022544283,"ssp5","papillate"
"1258",61.8749989506668,8,0,21,1206,1235,29,0.647773279352227,0,1.7004048582996,97.6518218623482,"ssp5","papillate"
"1259",61.9249989498188,7,0,17,1214,1238,24,0.565428109854604,0,1.37318255250404,98.0613893376414,"ssp5","papillate"
"1260",61.9749989489709,4,0,21,1215,1240,25,0.32258064516129,0,1.69354838709677,97.9838709677419,"ssp5","papillate"
"1261",62.0249989481229,12,0,9,1218,1239,21,0.968523002421308,0,0.726392251815981,98.3050847457627,"ssp5","papillate"
"1262",62.074998947275,5,0,10,1220,1235,15,0.404858299595142,0,0.809716599190283,98.7854251012146,"ssp5","papillate"
"1263",62.124998946427,6,0,5,1217,1228,11,0.488599348534202,0,0.407166123778502,99.1042345276873,"ssp5","papillate"
"1264",62.1749989455791,5,0,6,1219,1230,11,0.40650406504065,0,0.48780487804878,99.1056910569106,"ssp5","papillate"
"1265",62.2249989447311,12,1,5,1212,1230,18,0.975609756097561,0.0813008130081301,0.40650406504065,98.5365853658537,"ssp5","papillate"
"1266",62.2749989438832,6,0,10,1211,1227,16,0.488997555012225,0,0.814995925020375,98.6960065199674,"ssp5","papillate"
"1267",62.3249989430353,13,0,6,1220,1239,19,1.04923325262308,0,0.484261501210654,98.4665052461663,"ssp5","papillate"
"1268",62.3749989421873,6,0,12,1223,1241,18,0.48348106365834,0,0.96696212731668,98.549556809025,"ssp5","papillate"
"1269",62.4249989413394,8,4,17,1223,1252,29,0.638977635782748,0.319488817891374,1.35782747603834,97.6837060702875,"ssp5","papillate"
"1270",62.4749989404914,6,5,9,1222,1242,20,0.483091787439614,0.402576489533011,0.72463768115942,98.389694041868,"ssp5","papillate"
"1271",62.5249989396435,11,2,13,1206,1232,26,0.892857142857143,0.162337662337662,1.05519480519481,97.8896103896104,"ssp5","papillate"
"1272",62.5749989387955,1,0,11,1222,1234,12,0.0810372771474878,0,0.891410048622366,99.0275526742302,"ssp5","papillate"
"1273",62.6249989379476,8,0,8,1233,1249,16,0.640512409927942,0,0.640512409927942,98.7189751801441,"ssp5","papillate"
"1274",62.6749989370996,14,0,8,1233,1255,22,1.11553784860558,0,0.637450199203187,98.2470119521912,"ssp5","papillate"
"1275",62.7249989362517,16,0,13,1212,1241,29,1.28928283642224,0,1.04754230459307,97.6631748589847,"ssp5","papillate"
"1276",62.7749989354037,14,0,16,1211,1241,30,1.12812248186946,0,1.28928283642224,97.5825946817083,"ssp5","papillate"
"1277",62.8249989345558,9,0,13,1210,1232,22,0.73051948051948,0,1.05519480519481,98.2142857142857,"ssp5","papillate"
"1278",62.8749989337079,5,0,4,1218,1227,9,0.407497962510187,0,0.32599837000815,99.2665036674817,"ssp5","papillate"
"1279",62.9249989328599,3,0,1,1219,1223,4,0.245298446443173,0,0.0817661488143908,99.6729354047424,"ssp5","papillate"
"1280",62.974998932012,5,0,1,1216,1222,6,0.409165302782324,0,0.0818330605564648,99.5090016366612,"ssp5","papillate"
"1281",63.024998931164,8,0,6,1218,1232,14,0.649350649350649,0,0.487012987012987,98.8636363636364,"ssp5","papillate"
"1282",63.0749989303161,5,0,9,1208,1222,14,0.409165302782324,0,0.736497545008183,98.8543371522095,"ssp5","papillate"
"1283",63.1249989294681,13,0,12,1202,1227,25,1.05949470252649,0,0.97799511002445,97.9625101874491,"ssp5","papillate"
"1284",63.1749989286202,9,0,20,1188,1217,29,0.739523418241578,0,1.64338537387017,97.6170912078883,"ssp5","papillate"
"1285",63.2249989277722,11,0,21,1176,1208,32,0.910596026490066,0,1.73841059602649,97.3509933774834,"ssp5","papillate"
"1286",63.2749989269243,10,0,19,1196,1225,29,0.816326530612245,0,1.55102040816327,97.6326530612245,"ssp5","papillate"
"1287",63.3249989260763,13,0,20,1197,1230,33,1.05691056910569,0,1.6260162601626,97.3170731707317,"ssp5","papillate"
"1288",63.3749989252284,8,0,15,1203,1226,23,0.65252854812398,0,1.22349102773246,98.1239804241436,"ssp5","papillate"
"1289",63.4249989243804,7,0,6,1207,1220,13,0.573770491803279,0,0.491803278688525,98.9344262295082,"ssp5","papillate"
"1290",63.4749989235325,3,0,5,1204,1212,8,0.247524752475248,0,0.412541254125412,99.3399339933993,"ssp5","papillate"
"1291",63.5249989226846,4,0,3,1186,1193,7,0.335289186923722,0,0.251466890192791,99.4132439228835,"ssp5","papillate"
"1292",63.5749989218366,4,0,5,1162,1171,9,0.341588385994876,0,0.426985482493595,99.2314261315115,"ssp5","papillate"
"1293",63.6249989209887,13,0,12,1148,1173,25,1.10826939471441,0,1.0230179028133,97.8687127024723,"ssp5","papillate"
"1294",63.6749989201407,17,0,18,1130,1165,35,1.45922746781116,0,1.5450643776824,96.9957081545064,"ssp5","papillate"
"1295",63.7249989192928,20,0,17,1126,1163,37,1.71969045571797,0,1.46173688736028,96.8185726569218,"ssp5","papillate"
"1296",63.7749989184448,43,0,15,1091,1149,58,3.74238468233246,0,1.30548302872063,94.9521322889469,"ssp5","papillate"
"1297",63.8249989175969,38,0,17,1082,1137,55,3.34212840809147,0,1.49516270888303,95.1627088830255,"ssp5","papillate"
"1298",63.8749989167489,48,0,15,1050,1113,63,4.31266846361186,0,1.34770889487871,94.3396226415094,"ssp5","papillate"
"1299",63.924998915901,34,0,28,1078,1140,62,2.98245614035088,0,2.45614035087719,94.5614035087719,"ssp5","papillate"
"1300",63.974998915053,33,0,22,1089,1144,55,2.88461538461538,0,1.92307692307692,95.1923076923077,"ssp5","papillate"
"1301",64.0249989142051,30,0,27,1090,1147,57,2.615518744551,0,2.3539668700959,95.0305143853531,"ssp5","papillate"
"1302",64.0749989133571,41,0,28,1091,1160,69,3.53448275862069,0,2.41379310344828,94.051724137931,"ssp5","papillate"
"1303",64.1249989125092,47,0,29,1074,1150,76,4.08695652173913,0,2.52173913043478,93.3913043478261,"ssp5","papillate"
"1304",64.1749989116612,47,0,32,1084,1163,79,4.04127257093723,0,2.75150472914875,93.207222699914,"ssp5","papillate"
"1305",64.2249989108133,56,1,39,1063,1159,96,4.83175150992235,0.0862812769628991,3.36496980155306,91.7169974115617,"ssp5","papillate"
"1306",64.2749989099654,56,1,42,1056,1155,99,4.84848484848485,0.0865800865800866,3.63636363636364,91.4285714285714,"ssp5","papillate"
"1307",64.3249989091174,49,0,50,1045,1144,99,4.28321678321678,0,4.37062937062937,91.3461538461538,"ssp5","papillate"
"1308",64.3749989082695,72,0,54,1016,1142,126,6.30472854640981,0,4.72854640980736,88.9667250437828,"ssp5","papillate"
"1309",64.4249989074215,79,1,75,982,1137,155,6.948109058927,0.0879507475813544,6.59630606860158,86.3676341248901,"ssp5","papillate"
"1310",64.4749989065736,69,0,102,955,1126,171,6.12788632326821,0,9.05861456483126,84.8134991119005,"ssp5","papillate"
"1311",64.5249989057256,61,4,93,979,1137,158,5.36499560246262,0.351802990325418,8.17941952506596,86.103781882146,"ssp5","papillate"
"1312",64.5749989048777,52,2,111,979,1144,165,4.54545454545455,0.174825174825175,9.7027972027972,85.5769230769231,"ssp5","papillate"
"1313",64.6249989040297,45,2,119,981,1147,166,3.9232781168265,0.1743679163034,10.3748910200523,85.5274629468178,"ssp5","papillate"
"1314",64.6749989031818,46,1,121,992,1160,168,3.96551724137931,0.0862068965517241,10.4310344827586,85.5172413793103,"ssp5","papillate"
"1315",64.7249989023339,47,5,105,1007,1164,157,4.03780068728522,0.429553264604811,9.02061855670103,86.5120274914089,"ssp5","papillate"
"1316",64.7749989014859,50,1,103,1013,1167,154,4.28449014567266,0.0856898029134533,8.82604970008569,86.8037703513282,"ssp5","papillate"
"1317",64.824998900638,49,3,111,963,1126,163,4.35168738898757,0.266429840142096,9.85790408525755,85.5239786856128,"ssp5","papillate"
"1318",64.87499889979,32,4,121,974,1131,157,2.82935455349248,0.353669319186561,10.6984969053935,86.1184792219275,"ssp5","papillate"
"1319",64.9249988989421,29,6,124,997,1156,159,2.50865051903114,0.519031141868512,10.7266435986159,86.2456747404844,"ssp5","papillate"
"1320",64.9749988980941,37,6,125,1016,1184,168,3.125,0.506756756756757,10.5574324324324,85.8108108108108,"ssp5","papillate"
"1321",65.0249988972462,38,10,137,1002,1187,185,3.20134793597304,0.8424599831508,11.541701769166,84.4144903117102,"ssp5","papillate"
"1322",65.0749988963982,46,2,133,1005,1186,181,3.87858347386172,0.168634064080944,11.2141652613828,84.7386172006745,"ssp5","papillate"
"1323",65.1249988955503,35,2,149,1008,1194,186,2.93132328308208,0.16750418760469,12.4790619765494,84.4221105527638,"ssp5","papillate"
"1324",65.1749988947023,42,4,175,978,1199,221,3.50291909924937,0.333611342785655,14.5954962468724,81.5679733110926,"ssp5","papillate"
"1325",65.2249988938544,48,7,185,952,1192,240,4.02684563758389,0.587248322147651,15.5201342281879,79.8657718120805,"ssp5","papillate"
"1326",65.2749988930064,57,7,173,954,1191,237,4.78589420654912,0.587741393786734,14.5256087321578,80.1007556675063,"ssp5","papillate"
"1327",65.3249988921585,48,4,183,957,1192,235,4.02684563758389,0.335570469798658,15.3523489932886,80.2852348993289,"ssp5","papillate"
"1328",65.3749988913106,53,12,145,992,1202,210,4.40931780366057,0.998336106489185,12.063227953411,82.5291181364393,"ssp5","papillate"
"1329",65.4249988904626,47,18,123,1005,1193,188,3.93964794635373,1.50880134115675,10.3101424979044,84.2414082145851,"ssp5","papillate"
"1330",65.4749988896147,35,8,118,1020,1181,161,2.96359017781541,0.677392040643522,9.99153259949196,86.3674851820491,"ssp5","papillate"
"1331",65.5249988887667,40,2,109,998,1149,151,3.48128807658834,0.174064403829417,9.48651000870322,86.858137510879,"ssp5","papillate"
"1332",65.5749988879188,44,3,106,970,1123,153,3.91807658058771,0.267141585040071,9.43900267141585,86.3757791629564,"ssp5","papillate"
"1333",65.6249988870708,54,5,115,942,1116,174,4.83870967741935,0.448028673835125,10.3046594982079,84.4086021505376,"ssp5","papillate"
"1334",65.6749988862229,92,4,114,904,1114,210,8.25852782764812,0.359066427289048,10.2333931777379,81.1490125673249,"ssp5","papillate"
"1335",65.7249988853749,106,6,125,881,1118,237,9.48121645796064,0.536672629695885,11.1806797853309,78.8014311270125,"ssp5","papillate"
"1336",65.774998884527,94,2,135,881,1112,231,8.45323741007194,0.179856115107914,12.1402877697842,79.226618705036,"ssp5","papillate"
"1337",65.824998883679,92,2,136,872,1102,230,8.34845735027223,0.181488203266788,12.3411978221416,79.1288566243194,"ssp5","papillate"
"1338",65.8749988828311,95,3,147,852,1097,245,8.65998176845943,0.273473108477666,13.4001823154057,77.6663628076573,"ssp5","papillate"
"1339",65.9249988819831,82,2,147,858,1089,231,7.52984389348026,0.183654729109275,13.4986225895317,78.7878787878788,"ssp5","papillate"
"1340",65.9749988811352,75,1,157,853,1086,233,6.9060773480663,0.0920810313075506,14.4567219152855,78.5451197053407,"ssp5","papillate"
"1341",66.0249988802873,71,2,181,851,1105,254,6.42533936651584,0.180995475113122,16.3800904977376,77.0135746606335,"ssp5","papillate"
"1342",66.0749988794393,71,8,201,848,1128,280,6.29432624113475,0.709219858156028,17.8191489361702,75.177304964539,"ssp5","papillate"
"1343",66.1249988785914,77,6,218,833,1134,301,6.79012345679012,0.529100529100529,19.2239858906526,73.4567901234568,"ssp5","papillate"
"1344",66.1749988777434,73,8,230,842,1153,311,6.33130962705985,0.693842150910668,19.9479618386817,73.0268863833478,"ssp5","papillate"
"1345",66.2249988768955,65,8,246,860,1179,319,5.51314673452078,0.678541136556404,20.8651399491094,72.9431721798134,"ssp5","papillate"
"1346",66.2749988760475,60,7,238,879,1184,305,5.06756756756757,0.591216216216216,20.1013513513514,74.2398648648649,"ssp5","papillate"
"1347",66.3249988751996,51,6,246,857,1160,303,4.39655172413793,0.517241379310345,21.2068965517241,73.8793103448276,"ssp5","papillate"
"1348",66.3749988743516,51,6,248,840,1145,305,4.45414847161572,0.524017467248908,21.6593886462882,73.3624454148472,"ssp5","papillate"
"1349",66.4249988735037,69,14,257,812,1152,340,5.98958333333333,1.21527777777778,22.3090277777778,70.4861111111111,"ssp5","papillate"
"1350",66.4749988726557,68,4,300,802,1174,372,5.79216354344123,0.340715502555366,25.5536626916525,68.3134582623509,"ssp5","papillate"
"1351",66.5249988718078,65,5,300,821,1191,370,5.4575986565911,0.419815281276238,25.1889168765743,68.9336691855584,"ssp5","papillate"
"1352",66.5749988709598,68,2,299,818,1187,369,5.72872788542544,0.16849199663016,25.1895534962089,68.9132266217355,"ssp5","papillate"
"1353",66.6249988701119,61,8,287,824,1180,356,5.16949152542373,0.677966101694915,24.3220338983051,69.8305084745763,"ssp5","papillate"
"1354",66.674998869264,54,0,289,835,1178,343,4.58404074702886,0,24.5331069609508,70.8828522920204,"ssp5","papillate"
"1355",66.724998868416,55,1,284,819,1159,340,4.74547023295945,0.0862812769628991,24.5038826574633,70.6643658326143,"ssp5","papillate"
"1356",66.7749988675681,59,0,275,827,1161,334,5.08182601205857,0,23.6864771748493,71.2316968130922,"ssp5","papillate"
"1357",66.8249988667201,56,1,280,827,1164,337,4.81099656357388,0.0859106529209622,24.0549828178694,71.0481099656357,"ssp5","papillate"
"1358",66.8749988658722,65,4,256,835,1160,325,5.60344827586207,0.344827586206897,22.0689655172414,71.9827586206897,"ssp5","papillate"
"1359",66.9249988650242,62,3,245,837,1147,310,5.40540540540541,0.2615518744551,21.3600697471665,72.972972972973,"ssp5","papillate"
"1360",66.9749988641763,53,11,237,844,1145,301,4.62882096069869,0.960698689956332,20.6986899563319,73.7117903930131,"ssp5","papillate"
"1361",67.0249988633283,41,13,250,844,1148,304,3.57142857142857,1.13240418118467,21.7770034843206,73.5191637630662,"ssp5","papillate"
"1362",67.0749988624804,29,14,259,849,1151,302,2.51954821894005,1.21633362293658,22.5021720243267,73.7619461337967,"ssp5","papillate"
"1363",67.1249988616324,25,11,245,856,1137,281,2.19876868953386,0.967458223394899,21.5479331574318,75.2858399296394,"ssp5","papillate"
"1364",67.1749988607845,34,21,214,863,1132,269,3.00353356890459,1.85512367491166,18.904593639576,76.2367491166078,"ssp5","papillate"
"1365",67.2249988599365,37,14,198,894,1143,249,3.23709536307962,1.22484689413823,17.3228346456693,78.2152230971129,"ssp5","papillate"
"1366",67.2749988590886,22,13,197,904,1136,232,1.93661971830986,1.1443661971831,17.3415492957746,79.5774647887324,"ssp5","papillate"
"1367",67.3249988582406,22,26,185,906,1139,233,1.9315188762072,2.28270412642669,16.2423178226514,79.5434591747147,"ssp5","papillate"
"1368",67.3749988573927,22,20,173,926,1141,215,1.92813321647677,1.75284837861525,15.1621384750219,81.1568799298861,"ssp5","papillate"
"1369",67.4249988565448,23,5,180,932,1140,208,2.01754385964912,0.43859649122807,15.7894736842105,81.7543859649123,"ssp5","papillate"
"1370",67.4749988556968,30,12,160,944,1146,202,2.61780104712042,1.04712041884817,13.9616055846422,82.3734729493892,"ssp5","papillate"
"1371",67.5249988548489,30,6,154,962,1152,190,2.60416666666667,0.520833333333333,13.3680555555556,83.5069444444444,"ssp5","papillate"
"1372",67.5749988540009,41,8,137,964,1150,186,3.56521739130435,0.695652173913043,11.9130434782609,83.8260869565217,"ssp5","papillate"
"1373",67.624998853153,56,5,120,975,1156,181,4.84429065743945,0.432525951557093,10.3806228373702,84.3425605536332,"ssp5","papillate"
"1374",67.674998852305,61,8,84,1000,1153,153,5.29054640069384,0.693842150910668,7.28534258456201,86.7302688638335,"ssp5","papillate"
"1375",67.7249988514571,60,9,73,1005,1147,142,5.231037489102,0.784655623365301,6.36442894507411,87.6198779424586,"ssp5","papillate"
"1376",67.7749988506091,59,16,61,1020,1156,136,5.1038062283737,1.3840830449827,5.27681660899654,88.2352941176471,"ssp5","papillate"
"1377",67.8249988497612,51,12,63,1024,1150,126,4.43478260869565,1.04347826086957,5.47826086956522,89.0434782608696,"ssp5","papillate"
"1378",67.8749988489133,55,5,68,1019,1147,128,4.79511769834351,0.4359197907585,5.92850915431561,88.8404533565824,"ssp5","papillate"
"1379",67.9249988480653,43,4,81,1027,1155,128,3.72294372294372,0.346320346320346,7.01298701298701,88.9177489177489,"ssp5","papillate"
"1380",67.9749988472173,27,4,83,1055,1169,114,2.30966638152267,0.342172797262618,7.10008554319931,90.2480752780154,"ssp5","papillate"
"1381",68.0249988463694,29,9,72,1056,1166,110,2.48713550600343,0.771869639794168,6.17495711835334,90.5660377358491,"ssp5","papillate"
"1382",68.0749988455215,17,15,54,1084,1170,86,1.45299145299145,1.28205128205128,4.61538461538462,92.6495726495726,"ssp5","papillate"
"1383",68.1249988446735,7,22,53,1074,1156,82,0.605536332179931,1.90311418685121,4.58477508650519,92.9065743944637,"ssp5","papillate"
"1384",68.1749988438256,11,24,41,1085,1161,76,0.947459086993971,2.0671834625323,3.53143841515935,93.4539190353144,"ssp5","papillate"
"1385",68.2249988429776,12,7,42,1095,1156,61,1.03806228373702,0.605536332179931,3.63321799307958,94.7231833910035,"ssp5","papillate"
"1386",68.2749988421297,16,6,60,1075,1157,82,1.3828867761452,0.518582541054451,5.18582541054451,92.9127052722558,"ssp5","papillate"
"1387",68.3249988412817,14,12,71,1055,1152,97,1.21527777777778,1.04166666666667,6.16319444444444,91.5798611111111,"ssp5","papillate"
"1388",68.3749988404338,10,14,80,1040,1144,104,0.874125874125874,1.22377622377622,6.99300699300699,90.9090909090909,"ssp5","papillate"
"1389",68.4249988395858,11,11,98,1010,1130,120,0.973451327433628,0.973451327433628,8.67256637168142,89.3805309734513,"ssp5","papillate"
"1390",68.4749988387379,21,14,96,1001,1132,131,1.85512367491166,1.23674911660777,8.48056537102473,88.4275618374558,"ssp5","papillate"
"1391",68.52499883789,18,10,97,1001,1126,125,1.59857904085258,0.88809946714032,8.6145648312611,88.898756660746,"ssp5","papillate"
"1392",68.574998837042,18,16,83,1038,1155,117,1.55844155844156,1.38528138528139,7.18614718614719,89.8701298701299,"ssp5","papillate"
"1393",68.6249988361941,18,14,97,1017,1146,129,1.57068062827225,1.2216404886562,8.46422338568935,88.7434554973822,"ssp5","papillate"
"1394",68.6749988353461,25,14,99,1009,1147,138,2.1795989537925,1.2205754141238,8.63121185701831,87.9686137750654,"ssp5","papillate"
"1395",68.7249988344982,26,20,115,999,1160,161,2.24137931034483,1.72413793103448,9.91379310344828,86.1206896551724,"ssp5","papillate"
"1396",68.7749988336502,26,19,119,998,1162,164,2.23752151462995,1.63511187607573,10.2409638554217,85.8864027538726,"ssp5","papillate"
"1397",68.8249988328023,26,15,118,1012,1171,159,2.2203245089667,1.28095644748079,10.0768573868488,86.4218616567037,"ssp5","papillate"
"1398",68.8749988319543,23,11,135,1012,1181,169,1.94750211685013,0.931414055884843,11.4309906858594,85.6900931414056,"ssp5","papillate"
"1399",68.9249988311064,29,10,156,991,1186,195,2.44519392917369,0.843170320404722,13.1534569983137,83.5581787521079,"ssp5","papillate"
"1400",68.9749988302584,21,10,177,987,1195,208,1.75732217573222,0.836820083682008,14.8117154811715,82.5941422594142,"ssp5","papillate"
"1401",69.0249988294105,15,10,174,996,1195,199,1.25523012552301,0.836820083682008,14.5606694560669,83.347280334728,"ssp5","papillate"
"1402",69.0749988285625,13,5,171,1017,1206,189,1.07794361525705,0.414593698175788,14.1791044776119,84.3283582089552,"ssp5","papillate"
"1403",69.1249988277146,4,14,172,1023,1213,190,0.329760923330585,1.15416323165705,14.1797197032152,84.3363561417972,"ssp5","papillate"
"1404",69.1749988268667,11,23,178,1023,1235,212,0.890688259109312,1.86234817813765,14.412955465587,82.834008097166,"ssp5","papillate"
"1405",69.2249988260187,13,20,194,1004,1231,227,1.05605199025183,1.6246953696182,15.7595450852965,81.5597075548335,"ssp5","papillate"
"1406",69.2749988251708,13,24,194,994,1225,231,1.06122448979592,1.95918367346939,15.8367346938776,81.1428571428571,"ssp5","papillate"
"1407",69.3249988243228,8,26,191,1006,1231,225,0.649878147847279,2.11210398050366,15.5158407798538,81.7221770917953,"ssp5","papillate"
"1408",69.3749988234749,10,26,205,973,1214,241,0.823723228995058,2.14168039538715,16.8863261943987,80.1482701812191,"ssp5","papillate"
"1409",69.4249988226269,15,17,236,956,1224,268,1.22549019607843,1.38888888888889,19.281045751634,78.1045751633987,"ssp5","papillate"
"1410",69.474998821779,11,21,264,946,1242,296,0.885668276972625,1.69082125603865,21.256038647343,76.1674718196457,"ssp5","papillate"
"1411",69.524998820931,20,12,272,935,1239,304,1.61420500403551,0.968523002421308,21.953188054883,75.4640839386602,"ssp5","papillate"
"1412",69.5749988200831,13,18,265,918,1214,296,1.07084019769358,1.4827018121911,21.828665568369,75.6177924217463,"ssp5","papillate"
"1413",69.6249988192351,26,22,258,899,1205,306,2.15767634854772,1.82572614107884,21.4107883817427,74.6058091286307,"ssp5","papillate"
"1414",69.6749988183872,19,13,272,893,1197,304,1.58730158730159,1.08604845446951,22.7234753550543,74.6031746031746,"ssp5","papillate"
"1415",69.7249988175392,19,1,286,903,1209,306,1.57154673283706,0.0827129859387924,23.6559139784946,74.6898263027295,"ssp5","papillate"
"1416",69.7749988166913,24,19,279,913,1235,322,1.94331983805668,1.53846153846154,22.5910931174089,73.9271255060729,"ssp5","papillate"
"1417",69.8249988158433,26,9,264,964,1263,299,2.05859065716548,0.712589073634204,20.9026128266033,76.326207442597,"ssp5","papillate"
"1418",69.8749988149954,25,8,280,973,1286,313,1.94401244167963,0.622083981337481,21.7729393468118,75.6609642301711,"ssp5","papillate"
"1419",69.9249988141475,39,18,286,961,1304,343,2.99079754601227,1.38036809815951,21.9325153374233,73.6963190184049,"ssp5","papillate"
"1420",69.9749988132995,28,20,306,967,1321,354,2.11960635881908,1.51400454201363,23.1642694928085,73.2021196063588,"ssp5","papillate"
"1421",70.0249988124516,39,20,289,982,1330,348,2.93233082706767,1.50375939849624,21.7293233082707,73.8345864661654,"ssp5","papillate"
"1422",70.0749988116036,41,17,289,968,1315,347,3.11787072243346,1.29277566539924,21.9771863117871,73.6121673003802,"ssp5","papillate"
"1423",70.1249988107557,27,20,288,988,1323,335,2.04081632653061,1.51171579743008,21.7687074829932,74.6787603930461,"ssp5","papillate"
"1424",70.1749988099077,30,16,274,995,1315,320,2.28136882129278,1.21673003802281,20.8365019011407,75.6653992395437,"ssp5","papillate"
"1425",70.2249988090598,38,16,267,1029,1350,321,2.81481481481481,1.18518518518519,19.7777777777778,76.2222222222222,"ssp5","papillate"
"1426",70.2749988082118,55,13,256,1049,1373,324,4.00582665695557,0.946831755280408,18.6453022578296,76.4020393299344,"ssp5","papillate"
"1427",70.3249988073639,47,16,246,1075,1384,309,3.39595375722543,1.15606936416185,17.7745664739884,77.6734104046243,"ssp5","papillate"
"1428",70.3749988065159,55,21,254,1075,1405,330,3.91459074733096,1.49466192170819,18.0782918149466,76.5124555160142,"ssp5","papillate"
"1429",70.424998805668,45,30,238,1095,1408,313,3.19602272727273,2.13068181818182,16.9034090909091,77.7698863636364,"ssp5","papillate"
"1430",70.47499880482,19,21,231,1141,1412,271,1.34560906515581,1.48725212464589,16.3597733711048,80.8073654390935,"ssp5","papillate"
"1431",70.5249988039721,18,17,224,1144,1403,259,1.28296507483963,1.21168923734854,15.9657875980043,81.5395580898076,"ssp5","papillate"
"1432",70.5749988031242,33,20,220,1120,1393,273,2.36898779612347,1.43575017946877,15.7932519741565,80.4020100502513,"ssp5","papillate"
"1433",70.6249988022762,35,17,230,1104,1386,282,2.52525252525253,1.22655122655123,16.5945165945166,79.6536796536797,"ssp5","papillate"
"1434",70.6749988014283,58,15,221,1099,1393,294,4.16367552045944,1.07681263460158,15.8650394831299,78.894472361809,"ssp5","papillate"
"1435",70.7249988005803,52,16,233,1114,1415,301,3.67491166077739,1.13074204946996,16.4664310954064,78.7279151943463,"ssp5","papillate"
"1436",70.7749987997324,63,11,234,1159,1467,308,4.29447852760736,0.749829584185412,15.9509202453988,79.0047716428085,"ssp5","papillate"
"1437",70.8249987988844,78,1,236,1162,1477,315,5.28097494922139,0.0677048070412999,15.9783344617468,78.6729857819905,"ssp5","papillate"
"1438",70.8749987980365,97,4,239,1149,1489,340,6.51443922095366,0.268636668905306,16.051040967092,77.165883143049,"ssp5","papillate"
"1439",70.9249987971885,103,8,236,1147,1494,347,6.89424364123159,0.535475234270415,15.7965194109772,76.7737617135208,"ssp5","papillate"
"1440",70.9749987963406,112,13,245,1128,1498,370,7.47663551401869,0.867823765020027,16.3551401869159,75.3004005340454,"ssp5","papillate"
"1441",71.0249987954926,120,17,262,1094,1493,399,8.03750837240455,1.13864701942398,17.5485599464166,73.2752846617549,"ssp5","papillate"
"1442",71.0749987946447,124,24,268,1083,1499,416,8.27218145430287,1.60106737825217,17.8785857238159,72.2481654436291,"ssp5","papillate"
"1443",71.1249987937967,121,31,306,1041,1499,458,8.07204803202135,2.06804536357572,20.4136090727151,69.4462975316878,"ssp5","papillate"
"1444",71.1749987929488,128,13,325,1026,1492,466,8.57908847184987,0.871313672922252,21.7828418230563,68.7667560321716,"ssp5","papillate"
"1445",71.2249987921009,160,30,330,975,1495,520,10.7023411371237,2.0066889632107,22.0735785953177,65.2173913043478,"ssp5","papillate"
"1446",71.2749987912529,165,83,343,906,1497,591,11.0220440881764,5.54442217768871,22.9124916499666,60.5210420841683,"ssp5","papillate"
"1447",71.324998790405,158,54,374,900,1486,586,10.6325706594886,3.63391655450875,25.1682368775236,60.5652759084791,"ssp5","papillate"
"1448",71.374998789557,169,53,384,884,1490,606,11.3422818791946,3.55704697986577,25.7718120805369,59.3288590604027,"ssp5","papillate"
"1449",71.4249987887091,167,34,407,858,1466,608,11.3915416098226,2.31923601637108,27.762619372442,58.5266030013643,"ssp5","papillate"
"1450",71.4749987878611,156,39,412,861,1468,607,10.6267029972752,2.6566757493188,28.0653950953678,58.6512261580381,"ssp5","papillate"
"1451",71.5249987870132,147,49,413,871,1480,609,9.93243243243243,3.31081081081081,27.9054054054054,58.8513513513514,"ssp5","papillate"
"1452",71.5749987861652,135,41,445,845,1466,621,9.2087312414734,2.79672578444748,30.3547066848568,57.6398362892224,"ssp5","papillate"
"1453",71.6249987853173,130,39,439,855,1463,608,8.88585099111415,2.66575529733424,30.0068352699932,58.4415584415584,"ssp5","papillate"
"1454",71.6749987844694,132,44,406,875,1457,582,9.05971173644475,3.01990391214825,27.8654770075498,60.0549073438572,"ssp5","papillate"
"1455",71.7249987836214,124,27,435,859,1445,586,8.58131487889273,1.86851211072664,30.1038062283737,59.4463667820069,"ssp5","papillate"
"1456",71.7749987827735,139,13,426,875,1453,578,9.56641431520991,0.894700619408121,29.3186510667584,60.2202339986235,"ssp5","papillate"
"1457",71.8249987819255,136,27,452,842,1457,615,9.33424845573095,1.85312285518188,31.0226492793411,57.7899794097461,"ssp5","papillate"
"1458",71.8749987810776,130,30,446,840,1446,606,8.99031811894882,2.0746887966805,30.8437067773167,58.0912863070539,"ssp5","papillate"
"1459",71.9249987802296,122,37,417,881,1457,576,8.37336993822924,2.53946465339739,28.6204529855868,60.4667124227866,"ssp5","papillate"
"1460",71.9749987793817,133,35,429,858,1455,597,9.14089347079038,2.40549828178694,29.4845360824742,58.9690721649485,"ssp5","papillate"
"1461",72.0249987785337,127,18,451,861,1457,596,8.71654083733699,1.23541523678792,30.9540150995196,59.0940288263555,"ssp5","papillate"
"1462",72.0749987776858,117,31,449,861,1458,597,8.02469135802469,2.12620027434842,30.7956104252401,59.0534979423868,"ssp5","papillate"
"1463",72.1249987768378,105,23,470,863,1461,598,7.18685831622177,1.57426420260096,32.1697467488022,59.0691307323751,"ssp5","papillate"
"1464",72.1749987759899,91,33,479,853,1456,603,6.25,2.26648351648352,32.8983516483516,58.5851648351648,"ssp5","papillate"
"1465",72.2249987751419,96,31,475,855,1457,602,6.58888126286891,2.12765957446809,32.6012354152368,58.6822237474262,"ssp5","papillate"
"1466",72.274998774294,83,34,487,856,1460,604,5.68493150684932,2.32876712328767,33.3561643835616,58.6301369863014,"ssp5","papillate"
"1467",72.3249987734461,80,37,483,870,1470,600,5.4421768707483,2.51700680272109,32.8571428571429,59.1836734693878,"ssp5","papillate"
"1468",72.3749987725981,71,29,495,884,1479,595,4.80054090601758,1.96078431372549,33.4685598377282,59.7701149425287,"ssp5","papillate"
"1469",72.4249987717502,66,34,497,887,1484,597,4.44743935309973,2.2911051212938,33.4905660377358,59.7708894878706,"ssp5","papillate"
"1470",72.4749987709022,115,34,452,842,1443,601,7.96950796950797,2.35620235620236,31.3236313236313,58.3506583506583,"ssp5","papillate"
"1471",72.5249987700543,122,33,473,820,1448,628,8.42541436464088,2.27900552486188,32.6657458563536,56.6298342541437,"ssp5","papillate"
"1472",72.5749987692063,80,42,521,802,1445,643,5.5363321799308,2.90657439446367,36.0553633217993,55.5017301038062,"ssp5","papillate"
"1473",72.6249987683584,73,41,507,829,1450,621,5.03448275862069,2.82758620689655,34.9655172413793,57.1724137931035,"ssp5","papillate"
"1474",72.6749987675104,112,44,464,825,1445,620,7.75086505190311,3.04498269896194,32.1107266435986,57.0934256055363,"ssp5","papillate"
"1475",72.7249987666625,129,54,447,814,1444,630,8.93351800554017,3.73961218836565,30.9556786703601,56.3711911357341,"ssp5","papillate"
"1476",72.7749987658145,105,62,477,816,1460,644,7.19178082191781,4.24657534246575,32.6712328767123,55.8904109589041,"ssp5","papillate"
"1477",72.8249987649666,67,53,517,834,1471,637,4.55472467709041,3.60299116247451,35.1461590754589,56.6961250849762,"ssp5","papillate"
"1478",72.8749987641186,71,68,488,844,1471,627,4.82664853840925,4.62270564242012,33.1747110808974,57.3759347382733,"ssp5","papillate"
"1479",72.9249987632707,53,64,484,858,1459,601,3.63262508567512,4.3865661411926,33.173406442769,58.8074023303633,"ssp5","papillate"
"1480",72.9749987624228,45,71,497,837,1450,613,3.10344827586207,4.89655172413793,34.2758620689655,57.7241379310345,"ssp5","papillate"
"1481",73.0249987615748,29,79,504,848,1460,612,1.98630136986301,5.41095890410959,34.5205479452055,58.0821917808219,"ssp5","papillate"
"1482",73.0749987607269,37,87,501,838,1463,625,2.52904989747095,5.94668489405332,34.2447026657553,57.2795625427204,"ssp5","papillate"
"1483",73.1249987598789,34,99,493,841,1467,626,2.31765507839127,6.74846625766871,33.6059986366735,57.3278800272665,"ssp5","papillate"
"1484",73.174998759031,28,104,487,844,1463,619,1.91387559808612,7.10868079289132,33.2877648667122,57.6896787423103,"ssp5","papillate"
"1485",73.224998758183,36,106,464,873,1479,606,2.4340770791075,7.16700473292765,31.3725490196078,59.026369168357,"ssp5","papillate"
"1486",73.2749987573351,23,125,469,842,1459,617,1.57642220699109,8.56751199451679,32.145305003427,57.7107607950651,"ssp5","papillate"
"1487",73.3249987564871,9,127,467,847,1450,603,0.620689655172414,8.75862068965517,32.2068965517241,58.4137931034483,"ssp5","papillate"
"1488",73.3749987556392,13,126,454,849,1442,593,0.901525658807212,8.7378640776699,31.4840499306519,58.876560332871,"ssp5","papillate"
"1489",73.4249987547912,22,128,448,856,1454,598,1.5130674002751,8.80330123796424,30.8115543328748,58.8720770288858,"ssp5","papillate"
"1490",73.4749987539433,19,124,455,828,1426,598,1.33239831697055,8.69565217391304,31.9074333800842,58.0645161290323,"ssp5","papillate"
"1491",73.5249987530953,14,144,452,802,1412,610,0.991501416430595,10.1983002832861,32.0113314447592,56.7988668555241,"ssp5","papillate"
"1492",73.5749987522474,8,125,459,810,1402,592,0.570613409415121,8.91583452211127,32.7389443651926,57.774607703281,"ssp5","papillate"
"1493",73.6249987513994,15,110,461,806,1392,586,1.07758620689655,7.90229885057471,33.117816091954,57.9022988505747,"ssp5","papillate"
"1494",73.6749987505515,12,106,459,814,1391,577,0.862688713156003,7.62041696621136,32.9978432782171,58.5190510424155,"ssp5","papillate"
"1495",73.7249987497036,8,98,461,843,1410,567,0.567375886524823,6.95035460992908,32.6950354609929,59.7872340425532,"ssp5","papillate"
"1496",73.7749987488556,12,124,444,818,1398,580,0.858369098712446,8.86981402002861,31.7596566523605,58.5121602288984,"ssp5","papillate"
"1497",73.8249987480077,8,130,446,796,1380,584,0.579710144927536,9.42028985507246,32.3188405797101,57.6811594202899,"ssp5","papillate"
"1498",73.8749987471597,6,117,437,821,1381,560,0.434467776973208,8.47212165097755,31.643736422882,59.4496741491673,"ssp5","papillate"
"1499",73.9249987463118,8,96,413,880,1397,517,0.572655690765927,6.87186828919112,29.563350035791,62.992125984252,"ssp5","papillate"
"1500",73.9749987454638,3,76,422,904,1405,501,0.213523131672598,5.40925266903915,30.0355871886121,64.3416370106762,"ssp5","papillate"
"1501",74.0249987446159,1,91,437,884,1413,529,0.0707714083510262,6.44019815994338,30.9271054493984,62.5619249823071,"ssp5","papillate"
"1502",74.0749987437679,5,88,441,889,1423,534,0.351370344342937,6.1841180604357,30.9908643710471,62.4736472241743,"ssp5","papillate"
"1503",74.12499874292,9,93,425,872,1399,527,0.643316654753395,6.64760543245175,30.3788420300214,62.3302358827734,"ssp5","papillate"
"1504",74.174998742072,6,79,410,883,1378,495,0.435413642960813,5.73294629898403,29.7532656023222,64.0783744557329,"ssp5","papillate"
"1505",74.2249987412241,2,74,427,874,1377,503,0.145243282498184,5.37400145243283,31.0094408133624,63.4713144517066,"ssp5","papillate"
"1506",74.2749987403761,4,87,425,856,1372,516,0.291545189504373,6.34110787172012,30.9766763848397,62.3906705539359,"ssp5","papillate"
"1507",74.3249987395282,10,90,421,840,1361,521,0.734753857457752,6.61278471711976,30.9331373989713,61.7193240264511,"ssp5","papillate"
"1508",74.3749987386803,5,91,429,836,1361,525,0.367376928728876,6.68626010286554,31.5209404849375,61.425422483468,"ssp5","papillate"
"1509",74.4249987378323,1,78,433,833,1345,512,0.0743494423791822,5.79925650557621,32.1933085501859,61.9330855018587,"ssp5","papillate"
"1510",74.4749987369844,0,64,436,839,1339,500,0,4.77968633308439,32.5616131441374,62.6587005227782,"ssp5","papillate"
"1511",74.5249987361364,0,59,430,864,1353,489,0,4.36067997043607,31.7812269031781,63.8580931263858,"ssp5","papillate"
"1512",74.5749987352885,1,58,424,860,1343,483,0.0744601638123604,4.3186895011169,31.5711094564408,64.0357408786299,"ssp5","papillate"
"1513",74.6249987344405,0,54,432,867,1353,486,0,3.99113082039911,31.9290465631929,64.079822616408,"ssp5","papillate"
"1514",74.6749987335926,1,82,410,884,1377,493,0.0726216412490922,5.95497458242556,29.7748729121278,64.1975308641975,"ssp5","papillate"
"1515",74.7249987327446,15,93,382,878,1368,490,1.09649122807018,6.79824561403509,27.9239766081871,64.1812865497076,"ssp5","papillate"
"1516",74.7749987318967,3,113,373,879,1368,489,0.219298245614035,8.26023391812866,27.266081871345,64.2543859649123,"ssp5","papillate"
"1517",74.8249987310488,13,141,375,834,1363,529,0.953778429933969,10.3448275862069,27.5128393250183,61.1885546588408,"ssp5","papillate"
"1518",74.8749987302008,21,197,323,817,1358,541,1.54639175257732,14.5066273932253,23.7849779086892,60.1620029455081,"ssp5","papillate"
"1519",74.9249987293529,22,206,299,830,1357,527,1.62122328666175,15.1805453205601,22.0338983050847,61.1643330876934,"ssp5","papillate"
"1520",74.9749987285049,4,222,291,831,1348,517,0.29673590504451,16.4688427299703,21.5875370919881,61.646884272997,"ssp5","papillate"
"1521",75.024998727657,0,219,293,811,1323,512,0,16.5532879818594,22.1466364323507,61.3000755857899,"ssp5","papillate"
"1522",75.074998726809,0,200,298,833,1331,498,0,15.0262960180316,22.389181066867,62.5845229151014,"ssp5","papillate"
"1523",75.1249987259611,1,180,310,844,1335,491,0.0749063670411985,13.4831460674157,23.2209737827715,63.2209737827715,"ssp5","papillate"
"1524",75.1749987251131,1,160,327,840,1328,488,0.0753012048192771,12.0481927710843,24.6234939759036,63.2530120481928,"ssp5","papillate"
"1525",75.2249987242652,2,176,341,816,1335,519,0.149812734082397,13.1835205992509,25.5430711610487,61.123595505618,"ssp5","papillate"
"1526",75.2749987234172,1,181,350,795,1327,532,0.0753579502637528,13.6397889977393,26.3752825923135,59.9095704596835,"ssp5","papillate"
"1527",75.3249987225693,3,177,361,773,1314,541,0.228310502283105,13.4703196347032,27.4733637747336,58.8280060882801,"ssp5","papillate"
"1528",75.3749987217213,1,177,359,781,1318,537,0.0758725341426404,13.4294385432473,27.2382397572079,59.2564491654021,"ssp5","papillate"
"1529",75.4249987208734,0,176,390,758,1324,566,0,13.2930513595166,29.4561933534743,57.2507552870091,"ssp5","papillate"
"1530",75.4749987200255,1,172,401,753,1327,574,0.0753579502637528,12.9615674453655,30.2185380557649,56.7445365486059,"ssp5","papillate"
"1531",75.5249987191775,1,165,418,743,1327,584,0.0753579502637528,12.4340617935192,31.4996232102487,55.9909570459684,"ssp5","papillate"
"1532",75.5749987183296,1,148,448,728,1325,597,0.0754716981132075,11.1698113207547,33.811320754717,54.9433962264151,"ssp5","papillate"
"1533",75.6249987174816,1,137,459,730,1327,597,0.0753579502637528,10.3240391861341,34.5892991710625,55.0113036925396,"ssp5","papillate"
"1534",75.6749987166337,1,124,467,729,1321,592,0.0757002271006813,9.38682816048448,35.3520060560182,55.1854655563967,"ssp5","papillate"
"1535",75.7249987157857,4,136,439,737,1316,579,0.303951367781155,10.3343465045593,33.3586626139818,56.0030395136778,"ssp5","papillate"
"1536",75.7749987149378,2,115,438,754,1309,555,0.152788388082506,8.78533231474408,33.4606569900688,57.6012223071047,"ssp5","papillate"
"1537",75.8249987140898,1,121,457,726,1305,579,0.0766283524904215,9.272030651341,35.0191570881226,55.632183908046,"ssp5","papillate"
"1538",75.8749987132419,1,148,483,672,1304,632,0.0766871165644172,11.3496932515337,37.0398773006135,51.5337423312883,"ssp5","papillate"
"1539",75.9249987123939,1,121,495,688,1305,617,0.0766283524904215,9.272030651341,37.9310344827586,52.72030651341,"ssp5","papillate"
"1540",75.974998711546,1,111,495,695,1302,607,0.0768049155145929,8.52534562211982,38.0184331797235,53.3794162826421,"ssp5","papillate"
"1541",76.024998710698,1,108,486,705,1300,595,0.0769230769230769,8.30769230769231,37.3846153846154,54.2307692307692,"ssp5","papillate"
"1542",76.0749987098501,3,105,501,682,1291,609,0.232378001549187,8.13323005422153,38.8071262587142,52.8272656855151,"ssp5","papillate"
"1543",76.1249987090021,1,93,511,686,1291,605,0.0774593338497289,7.20371804802479,39.5817195972115,53.137103020914,"ssp5","papillate"
"1544",76.1749987081542,0,97,507,688,1292,604,0,7.5077399380805,39.2414860681115,53.2507739938081,"ssp5","papillate"
"1545",76.2249987073063,0,103,515,687,1305,618,0,7.89272030651341,39.463601532567,52.6436781609195,"ssp5","papillate"
"1546",76.2749987064583,4,68,501,744,1317,573,0.303720577069096,5.16324981017464,38.0410022779043,56.4920273348519,"ssp5","papillate"
"1547",76.3249987056104,14,63,512,726,1315,589,1.06463878326996,4.79087452471483,38.93536121673,55.2091254752852,"ssp5","papillate"
"1548",76.3749987047624,2,93,522,707,1324,617,0.151057401812689,7.02416918429003,39.4259818731118,53.3987915407855,"ssp5","papillate"
"1549",76.4249987039145,1,49,572,705,1327,622,0.0753579502637528,3.69253956292389,43.1047475508666,53.1273549359457,"ssp5","papillate"
"1550",76.4749987030665,0,33,592,693,1318,625,0,2.50379362670713,44.9165402124431,52.5796661608498,"ssp5","papillate"
"1551",76.5249987022186,1,32,592,698,1323,625,0.0755857898715042,2.41874527588813,44.7467876039305,52.7588813303099,"ssp5","papillate"
"1552",76.5749987013706,6,29,598,683,1316,633,0.455927051671732,2.20364741641337,45.4407294832827,51.8996960486322,"ssp5","papillate"
"1553",76.6249987005227,6,24,607,678,1315,637,0.456273764258555,1.82509505703422,46.1596958174905,51.5589353612167,"ssp5","papillate"
"1554",76.6749986996747,3,29,602,682,1316,634,0.227963525835866,2.20364741641337,45.7446808510638,51.8237082066869,"ssp5","papillate"
"1555",76.7249986988268,7,21,581,698,1307,609,0.53557765876052,1.60673297628156,44.4529456771232,53.4047436878347,"ssp5","papillate"
"1556",76.7749986979788,1,29,581,691,1302,611,0.0768049155145929,2.2273425499232,44.6236559139785,53.0721966205837,"ssp5","papillate"
"1557",76.8249986971309,3,32,572,671,1278,607,0.234741784037559,2.50391236306729,44.7574334898279,52.5039123630673,"ssp5","papillate"
"1558",76.874998696283,0,50,556,648,1254,606,0,3.98724082934609,44.3381180223286,51.6746411483254,"ssp5","papillate"
"1559",76.924998695435,2,54,568,618,1242,624,0.161030595813205,4.34782608695652,45.7326892109501,49.7584541062802,"ssp5","papillate"
"1560",76.9749986945871,4,36,575,624,1239,615,0.322841000807102,2.90556900726392,46.408393866021,50.363196125908,"ssp5","papillate"
"1561",77.0249986937391,7,56,549,616,1228,612,0.570032573289902,4.56026058631922,44.7068403908795,50.1628664495114,"ssp5","papillate"
"1562",77.0749986928912,4,58,562,598,1222,624,0.327332242225859,4.74631751227496,45.9901800327332,48.936170212766,"ssp5","papillate"
"1563",77.1249986920432,6,61,565,586,1218,632,0.492610837438424,5.00821018062397,46.3875205254516,48.111658456486,"ssp5","papillate"
"1564",77.1749986911953,1,71,555,584,1211,627,0.0825763831544178,5.86292320396367,45.8298926507019,48.22460776218,"ssp5","papillate"
"1565",77.2249986903473,0,69,537,603,1209,606,0,5.70719602977668,44.4168734491315,49.8759305210918,"ssp5","papillate"
"1566",77.2749986894994,1,72,535,599,1207,608,0.0828500414250207,5.96520298260149,44.3247721623861,49.6271748135874,"ssp5","papillate"
"1567",77.3249986886514,1,76,514,627,1218,591,0.0821018062397373,6.23973727422003,42.200328407225,51.4778325123153,"ssp5","papillate"
"1568",77.3749986878035,1,92,505,633,1231,598,0.0812347684809098,7.4735987002437,41.0235580828595,51.4216084484159,"ssp5","papillate"
"1569",77.4249986869555,0,100,488,630,1218,588,0,8.21018062397373,40.0656814449918,51.7241379310345,"ssp5","papillate"
"1570",77.4749986861076,1,105,478,622,1206,584,0.0829187396351575,8.70646766169154,39.6351575456053,51.575456053068,"ssp5","papillate"
"1571",77.5249986852597,1,107,449,630,1187,557,0.08424599831508,9.01432181971356,37.8264532434709,53.0749789385004,"ssp5","papillate"
"1572",77.5749986844117,0,88,461,656,1205,549,0,7.30290456431535,38.2572614107884,54.4398340248963,"ssp5","papillate"
"1573",77.6249986835638,3,93,459,617,1172,555,0.255972696245734,7.93515358361775,39.1638225255973,52.6450511945392,"ssp5","papillate"
"1574",77.6749986827158,1,118,457,582,1158,576,0.0863557858376511,10.1899827288428,39.4645941278066,50.259067357513,"ssp5","papillate"
"1575",77.7249986818679,5,100,447,619,1171,552,0.426985482493595,8.5397096498719,38.1725021349274,52.8608027327071,"ssp5","papillate"
"1576",77.7749986810199,15,102,400,652,1169,517,1.28314798973482,8.72540633019675,34.2172797262618,55.7741659538067,"ssp5","papillate"
"1577",77.824998680172,3,77,416,674,1170,496,0.256410256410256,6.58119658119658,35.5555555555556,57.6068376068376,"ssp5","papillate"
"1578",77.874998679324,1,76,407,674,1158,484,0.0863557858376511,6.56303972366149,35.146804835924,58.2037996545769,"ssp5","papillate"
"1579",77.9249986784761,3,62,416,688,1169,481,0.256629597946963,5.30367835757057,35.5859709153122,58.8537211291702,"ssp5","papillate"
"1580",77.9749986776282,3,55,438,688,1184,496,0.253378378378378,4.64527027027027,36.9932432432432,58.1081081081081,"ssp5","papillate"
"1581",78.0249986767802,2,60,456,668,1186,518,0.168634064080944,5.05902192242833,38.4485666104553,56.3237774030354,"ssp5","papillate"
"1582",78.0749986759322,1,66,472,631,1170,539,0.0854700854700855,5.64102564102564,40.3418803418803,53.9316239316239,"ssp5","papillate"
"1583",78.1249986750843,8,57,474,648,1187,539,0.67396798652064,4.80202190395956,39.9326032013479,54.5914069081719,"ssp5","papillate"
"1584",78.1749986742364,13,58,451,689,1211,522,1.07349298100743,4.78943022295624,37.2419488026424,56.8951279933939,"ssp5","papillate"
"1585",78.2249986733884,4,68,441,687,1200,513,0.333333333333333,5.66666666666667,36.75,57.25,"ssp5","papillate"
"1586",78.2749986725405,2,67,441,682,1192,510,0.167785234899329,5.62080536912752,36.996644295302,57.2147651006711,"ssp5","papillate"
"1587",78.3249986716925,4,60,430,695,1189,494,0.336417157275021,5.04625735912532,36.1648444070648,58.4524810765349,"ssp5","papillate"
"1588",78.3749986708446,0,99,391,718,1208,490,0,8.1953642384106,32.3675496688742,59.4370860927152,"ssp5","papillate"
"1589",78.4249986699966,1,52,412,722,1187,465,0.08424599831508,4.38079191238416,34.709351305813,60.8256107834878,"ssp5","papillate"
"1590",78.4749986691487,0,36,438,702,1176,474,0,3.06122448979592,37.2448979591837,59.6938775510204,"ssp5","papillate"
"1591",78.5249986683007,0,28,456,704,1188,484,0,2.35690235690236,38.3838383838384,59.2592592592593,"ssp5","papillate"
"1592",78.5749986674528,0,33,430,709,1172,463,0,2.81569965870307,36.6894197952218,60.4948805460751,"ssp5","papillate"
"1593",78.6249986666049,2,26,445,689,1162,473,0.172117039586919,2.23752151462995,38.2960413080895,59.2943201376936,"ssp5","papillate"
"1594",78.6749986657569,3,34,436,671,1144,473,0.262237762237762,2.97202797202797,38.1118881118881,58.6538461538462,"ssp5","papillate"
"1595",78.724998664909,3,27,440,632,1102,470,0.272232304900181,2.45009074410163,39.9274047186933,57.3502722323049,"ssp5","papillate"
"1596",78.774998664061,3,41,405,651,1100,449,0.272727272727273,3.72727272727273,36.8181818181818,59.1818181818182,"ssp5","papillate"
"1597",78.8249986632131,1,31,416,653,1101,448,0.0908265213442325,2.81562216167121,37.7838328792007,59.3097184377838,"ssp5","papillate"
"1598",78.8749986623651,1,14,420,665,1100,435,0.0909090909090909,1.27272727272727,38.1818181818182,60.4545454545455,"ssp5","papillate"
"1599",78.9249986615172,2,22,423,689,1136,447,0.176056338028169,1.93661971830986,37.2359154929577,60.6514084507042,"ssp5","papillate"
"1600",78.9749986606692,1,11,455,684,1151,467,0.0868809730668983,0.955690703735882,39.5308427454387,59.4265855777585,"ssp5","papillate"
"1601",79.0249986598213,2,16,431,686,1135,449,0.176211453744493,1.40969162995595,37.9735682819383,60.4405286343612,"ssp5","papillate"
"1602",79.0749986589733,3,9,453,653,1118,465,0.268336314847943,0.805008944543828,40.5187835420394,58.4078711985689,"ssp5","papillate"
"1603",79.1249986581254,2,11,486,628,1127,499,0.177462289263531,0.976042590949423,43.1233362910382,55.7231588287489,"ssp5","papillate"
"1604",79.1749986572774,3,8,452,676,1139,463,0.263388937664618,0.702370500438982,39.6839332748025,59.3503072870939,"ssp5","papillate"
"1605",79.2249986564295,8,16,425,674,1123,449,0.712377560106857,1.42475512021371,37.8450578806768,60.0178094390027,"ssp5","papillate"
"1606",79.2749986555816,3,15,424,674,1116,442,0.268817204301075,1.34408602150538,37.9928315412186,60.3942652329749,"ssp5","papillate"
"1607",79.3249986547336,2,13,444,655,1114,459,0.179533213644524,1.16696588868941,39.8563734290844,58.7971274685817,"ssp5","papillate"
"1608",79.3749986538857,3,16,446,598,1063,465,0.282220131702728,1.50517403574788,41.9567262464723,56.2558795860771,"ssp5","papillate"
"1609",79.4249986530377,8,25,423,588,1044,456,0.766283524904214,2.39463601532567,40.5172413793103,56.3218390804598,"ssp5","papillate"
"1610",79.4749986521898,11,18,402,612,1043,431,1.05465004793864,1.72579098753595,38.542665388303,58.6768935762224,"ssp5","papillate"
"1611",79.5249986513418,7,9,401,620,1037,417,0.675024108003857,0.867888138862102,38.6692381870781,59.7878495660559,"ssp5","papillate"
"1612",79.5749986504939,14,14,399,623,1050,427,1.33333333333333,1.33333333333333,38,59.3333333333333,"ssp5","papillate"
"1613",79.6249986496459,16,17,406,633,1072,439,1.49253731343284,1.58582089552239,37.8731343283582,59.0485074626866,"ssp5","papillate"
"1614",79.674998648798,24,9,394,639,1066,427,2.25140712945591,0.844277673545966,36.9606003752345,59.9437148217636,"ssp5","papillate"
"1615",79.72499864795,12,10,404,648,1074,426,1.11731843575419,0.931098696461825,37.6163873370577,60.3351955307263,"ssp5","papillate"
"1616",79.7749986471021,3,3,431,599,1036,437,0.28957528957529,0.28957528957529,41.6023166023166,57.8185328185328,"ssp5","papillate"
"1617",79.8249986462541,3,3,419,596,1021,425,0.29382957884427,0.29382957884427,41.0381978452498,58.3741429970617,"ssp5","papillate"
"1618",79.8749986454062,6,7,417,621,1051,430,0.570884871550904,0.666032350142721,39.6764985727878,59.0865842055186,"ssp5","papillate"
"1619",79.9249986445582,8,1,444,601,1054,453,0.759013282732448,0.094876660341556,42.1252371916509,57.0208728652751,"ssp5","papillate"
"1620",79.9749986437103,13,5,461,595,1074,479,1.21042830540037,0.465549348230912,42.9236499068901,55.4003724394786,"ssp5","papillate"
"1621",80.0249986428624,35,4,441,609,1089,480,3.21395775941231,0.367309458218549,40.495867768595,55.9228650137741,"ssp5","papillate"
"1622",80.0749986420144,21,4,431,634,1090,456,1.92660550458716,0.36697247706422,39.5412844036697,58.1651376146789,"ssp5","papillate"
"1623",80.1249986411665,14,23,441,613,1091,478,1.28322639780018,2.10815765352887,40.4216315307058,56.1869844179652,"ssp5","papillate"
"1624",80.1749986403185,17,14,449,620,1100,480,1.54545454545455,1.27272727272727,40.8181818181818,56.3636363636364,"ssp5","papillate"
"1625",80.2249986394706,21,7,518,581,1127,546,1.86335403726708,0.62111801242236,45.9627329192547,51.5527950310559,"ssp5","papillate"
"1626",80.2749986386226,13,9,545,572,1139,567,1.14135206321334,0.790166812993854,47.8489903424056,50.2194907813872,"ssp5","papillate"
"1627",80.3249986377747,27,32,528,575,1162,587,2.32358003442341,2.75387263339071,45.4388984509466,49.4836488812392,"ssp5","papillate"
"1628",80.3749986369267,29,24,504,632,1189,557,2.4390243902439,2.01850294365013,42.3885618166526,53.1539108494533,"ssp5","papillate"
"1629",80.4249986360788,52,18,502,619,1191,572,4.36607892527288,1.51133501259446,42.1494542401343,51.9731318219983,"ssp5","papillate"
"1630",80.4749986352308,43,18,540,615,1216,601,3.53618421052632,1.48026315789474,44.4078947368421,50.5756578947368,"ssp5","papillate"
"1631",80.5249986343829,32,35,597,591,1255,664,2.54980079681275,2.78884462151394,47.5697211155379,47.0916334661355,"ssp5","papillate"
"1632",80.5749986335349,36,24,591,605,1256,651,2.86624203821656,1.91082802547771,47.0541401273885,48.1687898089172,"ssp5","papillate"
"1633",80.624998632687,13,16,558,647,1234,587,1.05348460291734,1.29659643435981,45.2188006482982,52.4311183144246,"ssp5","papillate"
"1634",80.6749986318391,20,23,497,672,1212,540,1.65016501650165,1.8976897689769,41.006600660066,55.4455445544555,"ssp5","papillate"
"1635",80.7249986309911,24,13,527,646,1210,564,1.98347107438017,1.07438016528926,43.5537190082645,53.3884297520661,"ssp5","papillate"
"1636",80.7749986301432,15,13,565,592,1185,593,1.26582278481013,1.09704641350211,47.6793248945148,49.957805907173,"ssp5","papillate"
"1637",80.8249986292952,23,34,558,575,1190,615,1.9327731092437,2.85714285714286,46.890756302521,48.3193277310924,"ssp5","papillate"
"1638",80.8749986284473,18,16,591,569,1194,625,1.50753768844221,1.34003350083752,49.4974874371859,47.6549413735343,"ssp5","papillate"
"1639",80.9249986275993,11,30,602,559,1202,643,0.915141430948419,2.49584026622296,50.0831946755408,46.5058236272879,"ssp5","papillate"
"1640",80.9749986267514,1,12,640,536,1189,653,0.0841042893187553,1.00925147182506,53.8267451640034,45.0798990748528,"ssp5","papillate"
"1641",81.0249986259034,31,6,625,514,1176,662,2.63605442176871,0.510204081632653,53.1462585034014,43.7074829931973,"ssp5","papillate"
"1642",81.0749986250555,33,4,603,536,1176,640,2.80612244897959,0.340136054421769,51.2755102040816,45.578231292517,"ssp5","papillate"
"1643",81.1249986242075,39,4,560,564,1167,603,3.34190231362468,0.342759211653813,47.9862896315338,48.3290488431877,"ssp5","papillate"
"1644",81.1749986233596,32,4,549,581,1166,585,2.74442538593482,0.343053173241852,47.0840480274443,49.8284734133791,"ssp5","papillate"
"1645",81.2249986225116,18,2,535,609,1164,555,1.54639175257732,0.171821305841924,45.9621993127148,52.319587628866,"ssp5","papillate"
"1646",81.2749986216637,30,11,505,615,1161,546,2.58397932816537,0.947459086993971,43.4969853574505,52.9715762273902,"ssp5","papillate"
"1647",81.3249986208158,14,3,436,698,1151,453,1.21633362293658,0.260642919200695,37.8801042571677,60.642919200695,"ssp5","papillate"
"1648",81.3749986199678,28,7,373,748,1156,408,2.42214532871972,0.605536332179931,32.2664359861592,64.7058823529412,"ssp5","papillate"
"1649",81.4249986191199,18,2,360,815,1195,380,1.50627615062761,0.167364016736402,30.1255230125523,68.2008368200837,"ssp5","papillate"
"1650",81.4749986182719,1,13,336,881,1231,350,0.0812347684809098,1.05605199025183,27.2948822095857,71.5678310316816,"ssp5","papillate"
"1651",81.524998617424,2,3,309,927,1241,314,0.16116035455278,0.24174053182917,24.8992747784045,74.6978243352135,"ssp5","papillate"
"1652",81.574998616576,3,5,305,926,1239,313,0.242130750605327,0.403551251008878,24.6166263115416,74.7376916868442,"ssp5","papillate"
"1653",81.6249986157281,2,2,287,997,1288,291,0.15527950310559,0.15527950310559,22.2826086956522,77.4068322981366,"ssp5","papillate"
"1654",81.6749986148801,1,2,273,1034,1310,276,0.0763358778625954,0.152671755725191,20.8396946564886,78.9312977099237,"ssp5","papillate"
"1655",81.7249986140322,1,6,289,1051,1347,296,0.0742390497401633,0.44543429844098,21.4550853749072,78.0252412769117,"ssp5","papillate"
"1656",81.7749986131843,0,7,285,1095,1387,292,0,0.504686373467916,20.5479452054795,78.9473684210526,"ssp5","papillate"
"1657",81.8249986123363,0,4,278,1140,1422,282,0,0.281293952180028,19.549929676512,80.168776371308,"ssp5","papillate"
"1658",81.8749986114884,0,7,248,1204,1459,255,0,0.47978067169294,16.9979437971213,82.5222755311857,"ssp5","papillate"
"1659",81.9249986106404,0,4,233,1219,1456,237,0,0.274725274725275,16.0027472527473,83.7225274725275,"ssp5","papillate"
"1660",81.9749986097925,0,10,187,1252,1449,197,0,0.690131124913734,12.9054520358868,86.4044168391995,"ssp5","papillate"
"1661",82.0249986089445,0,21,153,1343,1517,174,0,1.3843111404087,10.0856954515491,88.5299934080422,"ssp5","papillate"
"1662",82.0749986080966,0,6,73,1486,1565,79,0,0.383386581469649,4.66453674121406,94.9520766773163,"ssp5","papillate"
"1663",82.1249986072486,0,5,58,1531,1594,63,0,0.313676286072773,3.63864491844417,96.0476787954831,"ssp5","papillate"
"1664",82.1749986064007,0,3,39,1514,1556,42,0,0.19280205655527,2.50642673521851,97.3007712082262,"ssp5","papillate"
"1665",82.2249986055527,1,2,45,1486,1534,48,0.0651890482398957,0.130378096479791,2.93350717079531,96.870925684485,"ssp5","papillate"
"1666",82.2749986047048,2,3,80,1461,1546,85,0.129366106080207,0.19404915912031,5.17464424320828,94.5019404915912,"ssp5","papillate"
"1667",82.3249986038568,0,9,85,1447,1541,94,0,0.584036340038936,5.51589876703439,93.9000648929267,"ssp5","papillate"
"1668",82.3749986030089,0,4,43,1487,1534,47,0,0.260756192959583,2.80312907431551,96.9361147327249,"ssp5","papillate"
"1669",82.424998602161,0,12,48,1478,1538,60,0,0.780234070221066,3.12093628088427,96.0988296488947,"ssp5","papillate"
"1670",82.474998601313,0,6,48,1514,1568,54,0,0.38265306122449,3.06122448979592,96.5561224489796,"ssp5","papillate"
"1671",82.5249986004651,0,10,29,1530,1569,39,0,0.637348629700446,1.84831102613129,97.5143403441683,"ssp5","papillate"
"1672",82.5749985996171,1,32,17,1518,1568,50,0.0637755102040816,2.04081632653061,1.08418367346939,96.8112244897959,"ssp5","papillate"
"1673",82.6249985987692,0,19,22,1560,1601,41,0,1.18675827607745,1.37414116177389,97.4391005621487,"ssp5","papillate"
"1674",82.6749985979212,0,4,30,1564,1598,34,0,0.250312891113892,1.87734668335419,97.8723404255319,"ssp5","papillate"
"1675",82.7249985970733,0,6,30,1616,1652,36,0,0.36319612590799,1.81598062953995,97.8208232445521,"ssp5","papillate"
"1676",82.7749985962253,1,2,40,1605,1648,43,0.0606796116504854,0.121359223300971,2.42718446601942,97.3907766990291,"ssp5","papillate"
"1677",82.8249985953774,4,0,8,1569,1581,12,0.253004427577483,0,0.506008855154965,99.2409867172676,"ssp5","papillate"
"1678",82.8749985945294,0,1,11,1596,1608,12,0,0.0621890547263682,0.68407960199005,99.2537313432836,"ssp5","papillate"
"1679",82.9249985936815,0,6,18,1628,1652,24,0,0.36319612590799,1.08958837772397,98.547215496368,"ssp5","papillate"
"1680",82.9749985928335,3,10,20,1627,1660,33,0.180722891566265,0.602409638554217,1.20481927710843,98.0120481927711,"ssp5","papillate"
